Symptoms,Disease,Description,Precautions,Medications,Doctor_Recommendation
"weakness, loss of appetite, headache, prolonged high fever, stomach pain",Typhoid,"A bacterial infection that can lead to a high fever, diarrhea, and vomiting.","Drink boiled or bottled water, avoid raw foods.","Antibiotics (prescription only), Paracetamol for fever.",Requires immediate medical consultation for a proper antibiotic course.
"feeling sweats, dry cough, chills, headache, muscle aches, high fever",Influenza (Flu),A viral infection that attacks your respiratory system.,"Strict bed rest, isolate yourself, stay hydrated.","Oseltamivir (if prescribed early), Paracetamol for fever.",Consult a doctor immediately if you experience shortness of breath or persistent chest pain.
"i have rapid breathing, chest tightness, coughing episodes, wheezing, shortness of breath",Asthma,A condition in which your airways narrow and swell and may produce extra mucus.,"Avoid triggers (smoke, strong odors), carry an inhaler always.","Bronchodilators (Albuterol inhaler), Inhaled corticosteroids.",Immediate emergency care required for severe shortness of breath or if an inhaler doesn't help.
"experiencing sneezing, sore throat, runny nose",Common Cold,A common viral infection of the nose and throat.,"Rest, drink plenty of fluids, wash hands often.","Paracetamol, Ibuprofen, Decongestants, Cough syrup.",Consult if symptoms last more than a week or if you develop a high fever.
"suffering from loss of appetite, weakness",Typhoid,"A bacterial infection that can lead to a high fever, diarrhea, and vomiting.","Drink boiled or bottled water, avoid raw foods.","Antibiotics (prescription only), Paracetamol for fever.",Requires immediate medical consultation for a proper antibiotic course.
"feeling runny nose, nasal congestion, sneezing, itchy throat",Allergic Rhinitis,"An allergic response causing itchy, watery eyes, sneezing, and other similar symptoms.","Avoid allergens (dust, pollen), keep indoors during high pollen seasons.","Antihistamines (Cetirizine, Loratadine), Nasal corticosteroids.",Consult an allergist if symptoms are severe and unresponsive to over-the-counter medicine.
"suffering from coughing episodes, shortness of breath, rapid breathing, chest tightness, wheezing",Asthma,A condition in which your airways narrow and swell and may produce extra mucus.,"Avoid triggers (smoke, strong odors), carry an inhaler always.","Bronchodilators (Albuterol inhaler), Inhaled corticosteroids.",Immediate emergency care required for severe shortness of breath or if an inhaler doesn't help.
"experiencing rash, weakness, headache, prolonged high fever",Typhoid,"A bacterial infection that can lead to a high fever, diarrhea, and vomiting.","Drink boiled or bottled water, avoid raw foods.","Antibiotics (prescription only), Paracetamol for fever.",Requires immediate medical consultation for a proper antibiotic course.
"experiencing joint pain, muscle pain, severe headache, high fever",Dengue Fever,A mosquito-borne viral disease occurring in tropical and subtropical areas.,"Use mosquito nets, wear long sleeves, use repellents.",Paracetamol for fever. STRICTLY AVOID Aspirin or Ibuprofen.,Hospitalization may be required; consult immediately if experiencing severe abdominal pain or bleeding.
"feeling rash, weakness, stomach pain, headache, prolonged high fever, loss of appetite",Typhoid,"A bacterial infection that can lead to a high fever, diarrhea, and vomiting.","Drink boiled or bottled water, avoid raw foods.","Antibiotics (prescription only), Paracetamol for fever.",Requires immediate medical consultation for a proper antibiotic course.
"sneezing, sore throat, runny nose",Common Cold,A common viral infection of the nose and throat.,"Rest, drink plenty of fluids, wash hands often.","Paracetamol, Ibuprofen, Decongestants, Cough syrup.",Consult if symptoms last more than a week or if you develop a high fever.
"suffering from diarrhea, weakness, vomiting, abdominal cramps, nausea, fever",Food Poisoning,Illness caused by eating contaminated food.,"Rest, stay hydrated with sips of water or clear broths.","Oral rehydration salts, Bismuth subsalicylate.","Consult a doctor if symptoms last more than a few days, or if you have a very high fever."
"suffering from sore throat, congestion, mild fever, cough, sneezing",Common Cold,A common viral infection of the nose and throat.,"Rest, drink plenty of fluids, wash hands often.","Paracetamol, Ibuprofen, Decongestants, Cough syrup.",Consult if symptoms last more than a week or if you develop a high fever.
"i have nausea, abdominal cramps, vomiting",Food Poisoning,Illness caused by eating contaminated food.,"Rest, stay hydrated with sips of water or clear broths.","Oral rehydration salts, Bismuth subsalicylate.","Consult a doctor if symptoms last more than a few days, or if you have a very high fever."
"i have sore throat, fatigue, loss of smell, shortness of breath, body aches, dry cough",COVID-19,A highly contagious respiratory illness caused by the SARS-CoV-2 virus.,"Isolate, wear a mask, monitor oxygen levels.","Paracetamol, Vitamin C, Zinc, prescribed antivirals if severe.",Seek immediate medical attention if oxygen drops below 94% or you have difficulty breathing.
"suffering from high fever, chills, muscle aches, fatigue, headache",Influenza (Flu),A viral infection that attacks your respiratory system.,"Strict bed rest, isolate yourself, stay hydrated.","Oseltamivir (if prescribed early), Paracetamol for fever.",Consult a doctor immediately if you experience shortness of breath or persistent chest pain.
"i have weakness, prolonged high fever, rash",Typhoid,"A bacterial infection that can lead to a high fever, diarrhea, and vomiting.","Drink boiled or bottled water, avoid raw foods.","Antibiotics (prescription only), Paracetamol for fever.",Requires immediate medical consultation for a proper antibiotic course.
"i have wheezing, coughing episodes, shortness of breath",Asthma,A condition in which your airways narrow and swell and may produce extra mucus.,"Avoid triggers (smoke, strong odors), carry an inhaler always.","Bronchodilators (Albuterol inhaler), Inhaled corticosteroids.",Immediate emergency care required for severe shortness of breath or if an inhaler doesn't help.
"sore throat, fatigue, loss of taste, loss of smell, dry cough, shortness of breath",COVID-19,A highly contagious respiratory illness caused by the SARS-CoV-2 virus.,"Isolate, wear a mask, monitor oxygen levels.","Paracetamol, Vitamin C, Zinc, prescribed antivirals if severe.",Seek immediate medical attention if oxygen drops below 94% or you have difficulty breathing.
"fever, vomiting, abdominal cramps, nausea, diarrhea",Food Poisoning,Illness caused by eating contaminated food.,"Rest, stay hydrated with sips of water or clear broths.","Oral rehydration salts, Bismuth subsalicylate.","Consult a doctor if symptoms last more than a few days, or if you have a very high fever."
"rapid breathing, chest tightness, wheezing",Asthma,A condition in which your airways narrow and swell and may produce extra mucus.,"Avoid triggers (smoke, strong odors), carry an inhaler always.","Bronchodilators (Albuterol inhaler), Inhaled corticosteroids.",Immediate emergency care required for severe shortness of breath or if an inhaler doesn't help.
"feeling sore throat, body aches, loss of smell",COVID-19,A highly contagious respiratory illness caused by the SARS-CoV-2 virus.,"Isolate, wear a mask, monitor oxygen levels.","Paracetamol, Vitamin C, Zinc, prescribed antivirals if severe.",Seek immediate medical attention if oxygen drops below 94% or you have difficulty breathing.
"vomiting, fever, weakness, abdominal cramps, nausea, diarrhea",Food Poisoning,Illness caused by eating contaminated food.,"Rest, stay hydrated with sips of water or clear broths.","Oral rehydration salts, Bismuth subsalicylate.","Consult a doctor if symptoms last more than a few days, or if you have a very high fever."
"experiencing stomach cramps, low-grade fever, nausea, vomiting",Gastroenteritis (Stomach Flu),"An intestinal infection marked by diarrhea, cramps, nausea, vomiting, and fever.","Stay hydrated, eat bland foods, wash hands thoroughly.","Oral rehydration salts (ORS), Loperamide (if advised).","Consult if you cannot keep liquids down for 24 hours, or if there is blood in stool."
"suffering from fever, shortness of breath, loss of smell",COVID-19,A highly contagious respiratory illness caused by the SARS-CoV-2 virus.,"Isolate, wear a mask, monitor oxygen levels.","Paracetamol, Vitamin C, Zinc, prescribed antivirals if severe.",Seek immediate medical attention if oxygen drops below 94% or you have difficulty breathing.
"diarrhea, nausea, fever, vomiting, abdominal cramps",Food Poisoning,Illness caused by eating contaminated food.,"Rest, stay hydrated with sips of water or clear broths.","Oral rehydration salts, Bismuth subsalicylate.","Consult a doctor if symptoms last more than a few days, or if you have a very high fever."
"i have loss of appetite, prolonged high fever",Typhoid,"A bacterial infection that can lead to a high fever, diarrhea, and vomiting.","Drink boiled or bottled water, avoid raw foods.","Antibiotics (prescription only), Paracetamol for fever.",Requires immediate medical consultation for a proper antibiotic course.
"feeling dry cough, body aches, fatigue, sore throat, loss of smell",COVID-19,A highly contagious respiratory illness caused by the SARS-CoV-2 virus.,"Isolate, wear a mask, monitor oxygen levels.","Paracetamol, Vitamin C, Zinc, prescribed antivirals if severe.",Seek immediate medical attention if oxygen drops below 94% or you have difficulty breathing.
"i have coughing episodes, chest tightness, shortness of breath",Asthma,A condition in which your airways narrow and swell and may produce extra mucus.,"Avoid triggers (smoke, strong odors), carry an inhaler always.","Bronchodilators (Albuterol inhaler), Inhaled corticosteroids.",Immediate emergency care required for severe shortness of breath or if an inhaler doesn't help.
"experiencing vomiting, severe headache, throbbing pain",Migraine,"A neurological condition that can cause multiple symptoms, frequently characterized by intense, debilitating headaches.","Rest in a quiet and dark room, avoid known triggers like caffeine or stress.","Ibuprofen, Triptans (prescription), Aspirin.",Consult a neurologist if migraines are frequent and severely disrupt daily life.
"feeling stomach cramps, low-grade fever, muscle aches",Gastroenteritis (Stomach Flu),"An intestinal infection marked by diarrhea, cramps, nausea, vomiting, and fever.","Stay hydrated, eat bland foods, wash hands thoroughly.","Oral rehydration salts (ORS), Loperamide (if advised).","Consult if you cannot keep liquids down for 24 hours, or if there is blood in stool."
"experiencing vomiting, sensitivity to light, throbbing pain, sensitivity to sound",Migraine,"A neurological condition that can cause multiple symptoms, frequently characterized by intense, debilitating headaches.","Rest in a quiet and dark room, avoid known triggers like caffeine or stress.","Ibuprofen, Triptans (prescription), Aspirin.",Consult a neurologist if migraines are frequent and severely disrupt daily life.
"i have itchy eyes, itchy throat, nasal congestion",Allergic Rhinitis,"An allergic response causing itchy, watery eyes, sneezing, and other similar symptoms.","Avoid allergens (dust, pollen), keep indoors during high pollen seasons.","Antihistamines (Cetirizine, Loratadine), Nasal corticosteroids.",Consult an allergist if symptoms are severe and unresponsive to over-the-counter medicine.
"nausea, abdominal cramps",Food Poisoning,Illness caused by eating contaminated food.,"Rest, stay hydrated with sips of water or clear broths.","Oral rehydration salts, Bismuth subsalicylate.","Consult a doctor if symptoms last more than a few days, or if you have a very high fever."
"suffering from chills, high fever, muscle aches",Influenza (Flu),A viral infection that attacks your respiratory system.,"Strict bed rest, isolate yourself, stay hydrated.","Oseltamivir (if prescribed early), Paracetamol for fever.",Consult a doctor immediately if you experience shortness of breath or persistent chest pain.
"suffering from fever, dry cough, shortness of breath, loss of taste, fatigue",COVID-19,A highly contagious respiratory illness caused by the SARS-CoV-2 virus.,"Isolate, wear a mask, monitor oxygen levels.","Paracetamol, Vitamin C, Zinc, prescribed antivirals if severe.",Seek immediate medical attention if oxygen drops below 94% or you have difficulty breathing.
"cough, sore throat",Common Cold,A common viral infection of the nose and throat.,"Rest, drink plenty of fluids, wash hands often.","Paracetamol, Ibuprofen, Decongestants, Cough syrup.",Consult if symptoms last more than a week or if you develop a high fever.
"feeling nausea, abdominal cramps",Food Poisoning,Illness caused by eating contaminated food.,"Rest, stay hydrated with sips of water or clear broths.","Oral rehydration salts, Bismuth subsalicylate.","Consult a doctor if symptoms last more than a few days, or if you have a very high fever."
"i have headache, weakness, prolonged high fever, loss of appetite, rash",Typhoid,"A bacterial infection that can lead to a high fever, diarrhea, and vomiting.","Drink boiled or bottled water, avoid raw foods.","Antibiotics (prescription only), Paracetamol for fever.",Requires immediate medical consultation for a proper antibiotic course.
"headache, weakness, loss of appetite, stomach pain, prolonged high fever",Typhoid,"A bacterial infection that can lead to a high fever, diarrhea, and vomiting.","Drink boiled or bottled water, avoid raw foods.","Antibiotics (prescription only), Paracetamol for fever.",Requires immediate medical consultation for a proper antibiotic course.
"experiencing vomiting, low-grade fever",Gastroenteritis (Stomach Flu),"An intestinal infection marked by diarrhea, cramps, nausea, vomiting, and fever.","Stay hydrated, eat bland foods, wash hands thoroughly.","Oral rehydration salts (ORS), Loperamide (if advised).","Consult if you cannot keep liquids down for 24 hours, or if there is blood in stool."
"feeling sensitivity to light, throbbing pain, nausea, severe headache, sensitivity to sound, vomiting",Migraine,"A neurological condition that can cause multiple symptoms, frequently characterized by intense, debilitating headaches.","Rest in a quiet and dark room, avoid known triggers like caffeine or stress.","Ibuprofen, Triptans (prescription), Aspirin.",Consult a neurologist if migraines are frequent and severely disrupt daily life.
"abdominal cramps, vomiting, nausea, weakness",Food Poisoning,Illness caused by eating contaminated food.,"Rest, stay hydrated with sips of water or clear broths.","Oral rehydration salts, Bismuth subsalicylate.","Consult a doctor if symptoms last more than a few days, or if you have a very high fever."
"experiencing loss of appetite, weakness, stomach pain, rash, headache",Typhoid,"A bacterial infection that can lead to a high fever, diarrhea, and vomiting.","Drink boiled or bottled water, avoid raw foods.","Antibiotics (prescription only), Paracetamol for fever.",Requires immediate medical consultation for a proper antibiotic course.
"i have sneezing, nasal congestion, watery eyes, itchy eyes, itchy throat, runny nose",Allergic Rhinitis,"An allergic response causing itchy, watery eyes, sneezing, and other similar symptoms.","Avoid allergens (dust, pollen), keep indoors during high pollen seasons.","Antihistamines (Cetirizine, Loratadine), Nasal corticosteroids.",Consult an allergist if symptoms are severe and unresponsive to over-the-counter medicine.
"fever, fatigue, sore throat, shortness of breath",COVID-19,A highly contagious respiratory illness caused by the SARS-CoV-2 virus.,"Isolate, wear a mask, monitor oxygen levels.","Paracetamol, Vitamin C, Zinc, prescribed antivirals if severe.",Seek immediate medical attention if oxygen drops below 94% or you have difficulty breathing.
"pain behind eyes, muscle pain, severe headache, fatigue, rash, high fever, joint pain",Dengue Fever,A mosquito-borne viral disease occurring in tropical and subtropical areas.,"Use mosquito nets, wear long sleeves, use repellents.",Paracetamol for fever. STRICTLY AVOID Aspirin or Ibuprofen.,Hospitalization may be required; consult immediately if experiencing severe abdominal pain or bleeding.
"experiencing rapid breathing, coughing episodes",Asthma,A condition in which your airways narrow and swell and may produce extra mucus.,"Avoid triggers (smoke, strong odors), carry an inhaler always.","Bronchodilators (Albuterol inhaler), Inhaled corticosteroids.",Immediate emergency care required for severe shortness of breath or if an inhaler doesn't help.
"experiencing abdominal cramps, vomiting, fever, weakness, diarrhea",Food Poisoning,Illness caused by eating contaminated food.,"Rest, stay hydrated with sips of water or clear broths.","Oral rehydration salts, Bismuth subsalicylate.","Consult a doctor if symptoms last more than a few days, or if you have a very high fever."
"i have vomiting, stomach cramps, muscle aches, nausea, diarrhea",Gastroenteritis (Stomach Flu),"An intestinal infection marked by diarrhea, cramps, nausea, vomiting, and fever.","Stay hydrated, eat bland foods, wash hands thoroughly.","Oral rehydration salts (ORS), Loperamide (if advised).","Consult if you cannot keep liquids down for 24 hours, or if there is blood in stool."
"suffering from sore throat, sneezing, cough, congestion, runny nose, mild fever",Common Cold,A common viral infection of the nose and throat.,"Rest, drink plenty of fluids, wash hands often.","Paracetamol, Ibuprofen, Decongestants, Cough syrup.",Consult if symptoms last more than a week or if you develop a high fever.
"weakness, vomiting, fever",Food Poisoning,Illness caused by eating contaminated food.,"Rest, stay hydrated with sips of water or clear broths.","Oral rehydration salts, Bismuth subsalicylate.","Consult a doctor if symptoms last more than a few days, or if you have a very high fever."
"i have low-grade fever, stomach cramps, muscle aches",Gastroenteritis (Stomach Flu),"An intestinal infection marked by diarrhea, cramps, nausea, vomiting, and fever.","Stay hydrated, eat bland foods, wash hands thoroughly.","Oral rehydration salts (ORS), Loperamide (if advised).","Consult if you cannot keep liquids down for 24 hours, or if there is blood in stool."
"congestion, mild fever, runny nose, sneezing, cough, sore throat",Common Cold,A common viral infection of the nose and throat.,"Rest, drink plenty of fluids, wash hands often.","Paracetamol, Ibuprofen, Decongestants, Cough syrup.",Consult if symptoms last more than a week or if you develop a high fever.
"experiencing headache, high fever, fatigue, chills",Influenza (Flu),A viral infection that attacks your respiratory system.,"Strict bed rest, isolate yourself, stay hydrated.","Oseltamivir (if prescribed early), Paracetamol for fever.",Consult a doctor immediately if you experience shortness of breath or persistent chest pain.
"sensitivity to sound, sensitivity to light, throbbing pain",Migraine,"A neurological condition that can cause multiple symptoms, frequently characterized by intense, debilitating headaches.","Rest in a quiet and dark room, avoid known triggers like caffeine or stress.","Ibuprofen, Triptans (prescription), Aspirin.",Consult a neurologist if migraines are frequent and severely disrupt daily life.
"feeling sweats, dry cough",Influenza (Flu),A viral infection that attacks your respiratory system.,"Strict bed rest, isolate yourself, stay hydrated.","Oseltamivir (if prescribed early), Paracetamol for fever.",Consult a doctor immediately if you experience shortness of breath or persistent chest pain.
"suffering from weakness, fever, nausea",Food Poisoning,Illness caused by eating contaminated food.,"Rest, stay hydrated with sips of water or clear broths.","Oral rehydration salts, Bismuth subsalicylate.","Consult a doctor if symptoms last more than a few days, or if you have a very high fever."
"i have loss of smell, fatigue, loss of taste, sore throat, dry cough",COVID-19,A highly contagious respiratory illness caused by the SARS-CoV-2 virus.,"Isolate, wear a mask, monitor oxygen levels.","Paracetamol, Vitamin C, Zinc, prescribed antivirals if severe.",Seek immediate medical attention if oxygen drops below 94% or you have difficulty breathing.
"experiencing nausea, severe headache",Migraine,"A neurological condition that can cause multiple symptoms, frequently characterized by intense, debilitating headaches.","Rest in a quiet and dark room, avoid known triggers like caffeine or stress.","Ibuprofen, Triptans (prescription), Aspirin.",Consult a neurologist if migraines are frequent and severely disrupt daily life.
"runny nose, itchy eyes, watery eyes, itchy throat, sneezing",Allergic Rhinitis,"An allergic response causing itchy, watery eyes, sneezing, and other similar symptoms.","Avoid allergens (dust, pollen), keep indoors during high pollen seasons.","Antihistamines (Cetirizine, Loratadine), Nasal corticosteroids.",Consult an allergist if symptoms are severe and unresponsive to over-the-counter medicine.
"feeling shortness of breath, dry cough, body aches, sore throat",COVID-19,A highly contagious respiratory illness caused by the SARS-CoV-2 virus.,"Isolate, wear a mask, monitor oxygen levels.","Paracetamol, Vitamin C, Zinc, prescribed antivirals if severe.",Seek immediate medical attention if oxygen drops below 94% or you have difficulty breathing.
"chills, fatigue, headache, dry cough, muscle aches, high fever, sweats",Influenza (Flu),A viral infection that attacks your respiratory system.,"Strict bed rest, isolate yourself, stay hydrated.","Oseltamivir (if prescribed early), Paracetamol for fever.",Consult a doctor immediately if you experience shortness of breath or persistent chest pain.
"i have joint pain, high fever, rash, fatigue, pain behind eyes, severe headache, muscle pain",Dengue Fever,A mosquito-borne viral disease occurring in tropical and subtropical areas.,"Use mosquito nets, wear long sleeves, use repellents.",Paracetamol for fever. STRICTLY AVOID Aspirin or Ibuprofen.,Hospitalization may be required; consult immediately if experiencing severe abdominal pain or bleeding.
"diarrhea, fever",Food Poisoning,Illness caused by eating contaminated food.,"Rest, stay hydrated with sips of water or clear broths.","Oral rehydration salts, Bismuth subsalicylate.","Consult a doctor if symptoms last more than a few days, or if you have a very high fever."
"i have high fever, sweats",Influenza (Flu),A viral infection that attacks your respiratory system.,"Strict bed rest, isolate yourself, stay hydrated.","Oseltamivir (if prescribed early), Paracetamol for fever.",Consult a doctor immediately if you experience shortness of breath or persistent chest pain.
"i have runny nose, watery eyes",Allergic Rhinitis,"An allergic response causing itchy, watery eyes, sneezing, and other similar symptoms.","Avoid allergens (dust, pollen), keep indoors during high pollen seasons.","Antihistamines (Cetirizine, Loratadine), Nasal corticosteroids.",Consult an allergist if symptoms are severe and unresponsive to over-the-counter medicine.
"experiencing stomach cramps, diarrhea, low-grade fever, nausea, vomiting",Gastroenteritis (Stomach Flu),"An intestinal infection marked by diarrhea, cramps, nausea, vomiting, and fever.","Stay hydrated, eat bland foods, wash hands thoroughly.","Oral rehydration salts (ORS), Loperamide (if advised).","Consult if you cannot keep liquids down for 24 hours, or if there is blood in stool."
"feeling diarrhea, abdominal cramps, fever, weakness, vomiting",Food Poisoning,Illness caused by eating contaminated food.,"Rest, stay hydrated with sips of water or clear broths.","Oral rehydration salts, Bismuth subsalicylate.","Consult a doctor if symptoms last more than a few days, or if you have a very high fever."
"suffering from itchy eyes, nasal congestion, itchy throat",Allergic Rhinitis,"An allergic response causing itchy, watery eyes, sneezing, and other similar symptoms.","Avoid allergens (dust, pollen), keep indoors during high pollen seasons.","Antihistamines (Cetirizine, Loratadine), Nasal corticosteroids.",Consult an allergist if symptoms are severe and unresponsive to over-the-counter medicine.
"prolonged high fever, weakness, stomach pain, rash",Typhoid,"A bacterial infection that can lead to a high fever, diarrhea, and vomiting.","Drink boiled or bottled water, avoid raw foods.","Antibiotics (prescription only), Paracetamol for fever.",Requires immediate medical consultation for a proper antibiotic course.
"suffering from muscle pain, joint pain, severe headache, pain behind eyes",Dengue Fever,A mosquito-borne viral disease occurring in tropical and subtropical areas.,"Use mosquito nets, wear long sleeves, use repellents.",Paracetamol for fever. STRICTLY AVOID Aspirin or Ibuprofen.,Hospitalization may be required; consult immediately if experiencing severe abdominal pain or bleeding.
"feeling dry cough, fatigue, sore throat, loss of smell, loss of taste, fever, shortness of breath",COVID-19,A highly contagious respiratory illness caused by the SARS-CoV-2 virus.,"Isolate, wear a mask, monitor oxygen levels.","Paracetamol, Vitamin C, Zinc, prescribed antivirals if severe.",Seek immediate medical attention if oxygen drops below 94% or you have difficulty breathing.
"feeling rapid breathing, coughing episodes, chest tightness, shortness of breath",Asthma,A condition in which your airways narrow and swell and may produce extra mucus.,"Avoid triggers (smoke, strong odors), carry an inhaler always.","Bronchodilators (Albuterol inhaler), Inhaled corticosteroids.",Immediate emergency care required for severe shortness of breath or if an inhaler doesn't help.
"i have chest tightness, shortness of breath, wheezing, rapid breathing",Asthma,A condition in which your airways narrow and swell and may produce extra mucus.,"Avoid triggers (smoke, strong odors), carry an inhaler always.","Bronchodilators (Albuterol inhaler), Inhaled corticosteroids.",Immediate emergency care required for severe shortness of breath or if an inhaler doesn't help.
"feeling vomiting, fever",Food Poisoning,Illness caused by eating contaminated food.,"Rest, stay hydrated with sips of water or clear broths.","Oral rehydration salts, Bismuth subsalicylate.","Consult a doctor if symptoms last more than a few days, or if you have a very high fever."
"suffering from coughing episodes, chest tightness, shortness of breath",Asthma,A condition in which your airways narrow and swell and may produce extra mucus.,"Avoid triggers (smoke, strong odors), carry an inhaler always.","Bronchodilators (Albuterol inhaler), Inhaled corticosteroids.",Immediate emergency care required for severe shortness of breath or if an inhaler doesn't help.
"feeling high fever, fatigue, pain behind eyes, muscle pain",Dengue Fever,A mosquito-borne viral disease occurring in tropical and subtropical areas.,"Use mosquito nets, wear long sleeves, use repellents.",Paracetamol for fever. STRICTLY AVOID Aspirin or Ibuprofen.,Hospitalization may be required; consult immediately if experiencing severe abdominal pain or bleeding.
"vomiting, nausea",Food Poisoning,Illness caused by eating contaminated food.,"Rest, stay hydrated with sips of water or clear broths.","Oral rehydration salts, Bismuth subsalicylate.","Consult a doctor if symptoms last more than a few days, or if you have a very high fever."
"experiencing dry cough, chills, headache, sweats, muscle aches, fatigue, high fever",Influenza (Flu),A viral infection that attacks your respiratory system.,"Strict bed rest, isolate yourself, stay hydrated.","Oseltamivir (if prescribed early), Paracetamol for fever.",Consult a doctor immediately if you experience shortness of breath or persistent chest pain.
"chest tightness, rapid breathing, wheezing, shortness of breath, coughing episodes",Asthma,A condition in which your airways narrow and swell and may produce extra mucus.,"Avoid triggers (smoke, strong odors), carry an inhaler always.","Bronchodilators (Albuterol inhaler), Inhaled corticosteroids.",Immediate emergency care required for severe shortness of breath or if an inhaler doesn't help.
"experiencing nasal congestion, watery eyes",Allergic Rhinitis,"An allergic response causing itchy, watery eyes, sneezing, and other similar symptoms.","Avoid allergens (dust, pollen), keep indoors during high pollen seasons.","Antihistamines (Cetirizine, Loratadine), Nasal corticosteroids.",Consult an allergist if symptoms are severe and unresponsive to over-the-counter medicine.
"sneezing, nasal congestion",Allergic Rhinitis,"An allergic response causing itchy, watery eyes, sneezing, and other similar symptoms.","Avoid allergens (dust, pollen), keep indoors during high pollen seasons.","Antihistamines (Cetirizine, Loratadine), Nasal corticosteroids.",Consult an allergist if symptoms are severe and unresponsive to over-the-counter medicine.
"weakness, fever, vomiting, diarrhea, abdominal cramps",Food Poisoning,Illness caused by eating contaminated food.,"Rest, stay hydrated with sips of water or clear broths.","Oral rehydration salts, Bismuth subsalicylate.","Consult a doctor if symptoms last more than a few days, or if you have a very high fever."
"i have diarrhea, vomiting, abdominal cramps, fever, weakness, nausea",Food Poisoning,Illness caused by eating contaminated food.,"Rest, stay hydrated with sips of water or clear broths.","Oral rehydration salts, Bismuth subsalicylate.","Consult a doctor if symptoms last more than a few days, or if you have a very high fever."
"headache, fatigue, chills, high fever, muscle aches, sweats",Influenza (Flu),A viral infection that attacks your respiratory system.,"Strict bed rest, isolate yourself, stay hydrated.","Oseltamivir (if prescribed early), Paracetamol for fever.",Consult a doctor immediately if you experience shortness of breath or persistent chest pain.
"experiencing chills, muscle aches, fatigue, headache, high fever, sweats",Influenza (Flu),A viral infection that attacks your respiratory system.,"Strict bed rest, isolate yourself, stay hydrated.","Oseltamivir (if prescribed early), Paracetamol for fever.",Consult a doctor immediately if you experience shortness of breath or persistent chest pain.
"i have watery eyes, itchy throat, nasal congestion, sneezing",Allergic Rhinitis,"An allergic response causing itchy, watery eyes, sneezing, and other similar symptoms.","Avoid allergens (dust, pollen), keep indoors during high pollen seasons.","Antihistamines (Cetirizine, Loratadine), Nasal corticosteroids.",Consult an allergist if symptoms are severe and unresponsive to over-the-counter medicine.
"feeling rash, prolonged high fever, weakness",Typhoid,"A bacterial infection that can lead to a high fever, diarrhea, and vomiting.","Drink boiled or bottled water, avoid raw foods.","Antibiotics (prescription only), Paracetamol for fever.",Requires immediate medical consultation for a proper antibiotic course.
"experiencing pain behind eyes, fatigue, muscle pain, high fever, joint pain",Dengue Fever,A mosquito-borne viral disease occurring in tropical and subtropical areas.,"Use mosquito nets, wear long sleeves, use repellents.",Paracetamol for fever. STRICTLY AVOID Aspirin or Ibuprofen.,Hospitalization may be required; consult immediately if experiencing severe abdominal pain or bleeding.
"sensitivity to sound, vomiting, throbbing pain, severe headache",Migraine,"A neurological condition that can cause multiple symptoms, frequently characterized by intense, debilitating headaches.","Rest in a quiet and dark room, avoid known triggers like caffeine or stress.","Ibuprofen, Triptans (prescription), Aspirin.",Consult a neurologist if migraines are frequent and severely disrupt daily life.
"i have sneezing, mild fever",Common Cold,A common viral infection of the nose and throat.,"Rest, drink plenty of fluids, wash hands often.","Paracetamol, Ibuprofen, Decongestants, Cough syrup.",Consult if symptoms last more than a week or if you develop a high fever.
"weakness, nausea",Food Poisoning,Illness caused by eating contaminated food.,"Rest, stay hydrated with sips of water or clear broths.","Oral rehydration salts, Bismuth subsalicylate.","Consult a doctor if symptoms last more than a few days, or if you have a very high fever."
"feeling sweats, high fever",Influenza (Flu),A viral infection that attacks your respiratory system.,"Strict bed rest, isolate yourself, stay hydrated.","Oseltamivir (if prescribed early), Paracetamol for fever.",Consult a doctor immediately if you experience shortness of breath or persistent chest pain.
"experiencing severe headache, joint pain, high fever",Dengue Fever,A mosquito-borne viral disease occurring in tropical and subtropical areas.,"Use mosquito nets, wear long sleeves, use repellents.",Paracetamol for fever. STRICTLY AVOID Aspirin or Ibuprofen.,Hospitalization may be required; consult immediately if experiencing severe abdominal pain or bleeding.
"suffering from sensitivity to sound, sensitivity to light",Migraine,"A neurological condition that can cause multiple symptoms, frequently characterized by intense, debilitating headaches.","Rest in a quiet and dark room, avoid known triggers like caffeine or stress.","Ibuprofen, Triptans (prescription), Aspirin.",Consult a neurologist if migraines are frequent and severely disrupt daily life.
"rapid breathing, chest tightness, coughing episodes, shortness of breath, wheezing",Asthma,A condition in which your airways narrow and swell and may produce extra mucus.,"Avoid triggers (smoke, strong odors), carry an inhaler always.","Bronchodilators (Albuterol inhaler), Inhaled corticosteroids.",Immediate emergency care required for severe shortness of breath or if an inhaler doesn't help.
"i have sensitivity to sound, nausea, sensitivity to light, vomiting, severe headache, throbbing pain",Migraine,"A neurological condition that can cause multiple symptoms, frequently characterized by intense, debilitating headaches.","Rest in a quiet and dark room, avoid known triggers like caffeine or stress.","Ibuprofen, Triptans (prescription), Aspirin.",Consult a neurologist if migraines are frequent and severely disrupt daily life.
"feeling muscle pain, severe headache, high fever, joint pain, fatigue, rash",Dengue Fever,A mosquito-borne viral disease occurring in tropical and subtropical areas.,"Use mosquito nets, wear long sleeves, use repellents.",Paracetamol for fever. STRICTLY AVOID Aspirin or Ibuprofen.,Hospitalization may be required; consult immediately if experiencing severe abdominal pain or bleeding.
"experiencing abdominal cramps, vomiting, diarrhea, fever",Food Poisoning,Illness caused by eating contaminated food.,"Rest, stay hydrated with sips of water or clear broths.","Oral rehydration salts, Bismuth subsalicylate.","Consult a doctor if symptoms last more than a few days, or if you have a very high fever."
"feeling sweats, high fever, fatigue, headache",Influenza (Flu),A viral infection that attacks your respiratory system.,"Strict bed rest, isolate yourself, stay hydrated.","Oseltamivir (if prescribed early), Paracetamol for fever.",Consult a doctor immediately if you experience shortness of breath or persistent chest pain.
"experiencing prolonged high fever, weakness, headache, stomach pain",Typhoid,"A bacterial infection that can lead to a high fever, diarrhea, and vomiting.","Drink boiled or bottled water, avoid raw foods.","Antibiotics (prescription only), Paracetamol for fever.",Requires immediate medical consultation for a proper antibiotic course.
"suffering from sensitivity to sound, vomiting, sensitivity to light, throbbing pain",Migraine,"A neurological condition that can cause multiple symptoms, frequently characterized by intense, debilitating headaches.","Rest in a quiet and dark room, avoid known triggers like caffeine or stress.","Ibuprofen, Triptans (prescription), Aspirin.",Consult a neurologist if migraines are frequent and severely disrupt daily life.
"suffering from shortness of breath, fever, fatigue, sore throat",COVID-19,A highly contagious respiratory illness caused by the SARS-CoV-2 virus.,"Isolate, wear a mask, monitor oxygen levels.","Paracetamol, Vitamin C, Zinc, prescribed antivirals if severe.",Seek immediate medical attention if oxygen drops below 94% or you have difficulty breathing.
"feeling chills, high fever, sweats, muscle aches",Influenza (Flu),A viral infection that attacks your respiratory system.,"Strict bed rest, isolate yourself, stay hydrated.","Oseltamivir (if prescribed early), Paracetamol for fever.",Consult a doctor immediately if you experience shortness of breath or persistent chest pain.
"fever, loss of taste, fatigue, dry cough, body aches, sore throat, shortness of breath, loss of smell",COVID-19,A highly contagious respiratory illness caused by the SARS-CoV-2 virus.,"Isolate, wear a mask, monitor oxygen levels.","Paracetamol, Vitamin C, Zinc, prescribed antivirals if severe.",Seek immediate medical attention if oxygen drops below 94% or you have difficulty breathing.
"muscle aches, high fever",Influenza (Flu),A viral infection that attacks your respiratory system.,"Strict bed rest, isolate yourself, stay hydrated.","Oseltamivir (if prescribed early), Paracetamol for fever.",Consult a doctor immediately if you experience shortness of breath or persistent chest pain.
"suffering from nasal congestion, itchy throat, runny nose, watery eyes, itchy eyes, sneezing",Allergic Rhinitis,"An allergic response causing itchy, watery eyes, sneezing, and other similar symptoms.","Avoid allergens (dust, pollen), keep indoors during high pollen seasons.","Antihistamines (Cetirizine, Loratadine), Nasal corticosteroids.",Consult an allergist if symptoms are severe and unresponsive to over-the-counter medicine.
"nausea, severe headache",Migraine,"A neurological condition that can cause multiple symptoms, frequently characterized by intense, debilitating headaches.","Rest in a quiet and dark room, avoid known triggers like caffeine or stress.","Ibuprofen, Triptans (prescription), Aspirin.",Consult a neurologist if migraines are frequent and severely disrupt daily life.
"experiencing chills, dry cough, muscle aches, fatigue",Influenza (Flu),A viral infection that attacks your respiratory system.,"Strict bed rest, isolate yourself, stay hydrated.","Oseltamivir (if prescribed early), Paracetamol for fever.",Consult a doctor immediately if you experience shortness of breath or persistent chest pain.
"feeling itchy eyes, watery eyes",Allergic Rhinitis,"An allergic response causing itchy, watery eyes, sneezing, and other similar symptoms.","Avoid allergens (dust, pollen), keep indoors during high pollen seasons.","Antihistamines (Cetirizine, Loratadine), Nasal corticosteroids.",Consult an allergist if symptoms are severe and unresponsive to over-the-counter medicine.
"suffering from cough, congestion",Common Cold,A common viral infection of the nose and throat.,"Rest, drink plenty of fluids, wash hands often.","Paracetamol, Ibuprofen, Decongestants, Cough syrup.",Consult if symptoms last more than a week or if you develop a high fever.
"feeling nausea, weakness, vomiting, fever",Food Poisoning,Illness caused by eating contaminated food.,"Rest, stay hydrated with sips of water or clear broths.","Oral rehydration salts, Bismuth subsalicylate.","Consult a doctor if symptoms last more than a few days, or if you have a very high fever."
"coughing episodes, chest tightness, wheezing",Asthma,A condition in which your airways narrow and swell and may produce extra mucus.,"Avoid triggers (smoke, strong odors), carry an inhaler always.","Bronchodilators (Albuterol inhaler), Inhaled corticosteroids.",Immediate emergency care required for severe shortness of breath or if an inhaler doesn't help.
"experiencing stomach cramps, nausea",Gastroenteritis (Stomach Flu),"An intestinal infection marked by diarrhea, cramps, nausea, vomiting, and fever.","Stay hydrated, eat bland foods, wash hands thoroughly.","Oral rehydration salts (ORS), Loperamide (if advised).","Consult if you cannot keep liquids down for 24 hours, or if there is blood in stool."
"experiencing body aches, fatigue, dry cough",COVID-19,A highly contagious respiratory illness caused by the SARS-CoV-2 virus.,"Isolate, wear a mask, monitor oxygen levels.","Paracetamol, Vitamin C, Zinc, prescribed antivirals if severe.",Seek immediate medical attention if oxygen drops below 94% or you have difficulty breathing.
"experiencing muscle aches, diarrhea, nausea, low-grade fever, vomiting, stomach cramps",Gastroenteritis (Stomach Flu),"An intestinal infection marked by diarrhea, cramps, nausea, vomiting, and fever.","Stay hydrated, eat bland foods, wash hands thoroughly.","Oral rehydration salts (ORS), Loperamide (if advised).","Consult if you cannot keep liquids down for 24 hours, or if there is blood in stool."
"i have loss of appetite, weakness, prolonged high fever, stomach pain, rash",Typhoid,"A bacterial infection that can lead to a high fever, diarrhea, and vomiting.","Drink boiled or bottled water, avoid raw foods.","Antibiotics (prescription only), Paracetamol for fever.",Requires immediate medical consultation for a proper antibiotic course.
"feeling fatigue, rash, muscle pain, pain behind eyes, high fever, severe headache",Dengue Fever,A mosquito-borne viral disease occurring in tropical and subtropical areas.,"Use mosquito nets, wear long sleeves, use repellents.",Paracetamol for fever. STRICTLY AVOID Aspirin or Ibuprofen.,Hospitalization may be required; consult immediately if experiencing severe abdominal pain or bleeding.
"congestion, cough, mild fever",Common Cold,A common viral infection of the nose and throat.,"Rest, drink plenty of fluids, wash hands often.","Paracetamol, Ibuprofen, Decongestants, Cough syrup.",Consult if symptoms last more than a week or if you develop a high fever.
"weakness, loss of appetite, stomach pain, rash, prolonged high fever, headache",Typhoid,"A bacterial infection that can lead to a high fever, diarrhea, and vomiting.","Drink boiled or bottled water, avoid raw foods.","Antibiotics (prescription only), Paracetamol for fever.",Requires immediate medical consultation for a proper antibiotic course.
"feeling itchy throat, itchy eyes, nasal congestion, watery eyes, sneezing",Allergic Rhinitis,"An allergic response causing itchy, watery eyes, sneezing, and other similar symptoms.","Avoid allergens (dust, pollen), keep indoors during high pollen seasons.","Antihistamines (Cetirizine, Loratadine), Nasal corticosteroids.",Consult an allergist if symptoms are severe and unresponsive to over-the-counter medicine.
"suffering from fatigue, headache",Influenza (Flu),A viral infection that attacks your respiratory system.,"Strict bed rest, isolate yourself, stay hydrated.","Oseltamivir (if prescribed early), Paracetamol for fever.",Consult a doctor immediately if you experience shortness of breath or persistent chest pain.
"i have mild fever, runny nose, sore throat, sneezing",Common Cold,A common viral infection of the nose and throat.,"Rest, drink plenty of fluids, wash hands often.","Paracetamol, Ibuprofen, Decongestants, Cough syrup.",Consult if symptoms last more than a week or if you develop a high fever.
"experiencing prolonged high fever, headache, stomach pain, weakness, rash",Typhoid,"A bacterial infection that can lead to a high fever, diarrhea, and vomiting.","Drink boiled or bottled water, avoid raw foods.","Antibiotics (prescription only), Paracetamol for fever.",Requires immediate medical consultation for a proper antibiotic course.
"feeling coughing episodes, rapid breathing, chest tightness, wheezing, shortness of breath",Asthma,A condition in which your airways narrow and swell and may produce extra mucus.,"Avoid triggers (smoke, strong odors), carry an inhaler always.","Bronchodilators (Albuterol inhaler), Inhaled corticosteroids.",Immediate emergency care required for severe shortness of breath or if an inhaler doesn't help.
"feeling vomiting, nausea, severe headache, throbbing pain",Migraine,"A neurological condition that can cause multiple symptoms, frequently characterized by intense, debilitating headaches.","Rest in a quiet and dark room, avoid known triggers like caffeine or stress.","Ibuprofen, Triptans (prescription), Aspirin.",Consult a neurologist if migraines are frequent and severely disrupt daily life.
"experiencing nasal congestion, itchy throat",Allergic Rhinitis,"An allergic response causing itchy, watery eyes, sneezing, and other similar symptoms.","Avoid allergens (dust, pollen), keep indoors during high pollen seasons.","Antihistamines (Cetirizine, Loratadine), Nasal corticosteroids.",Consult an allergist if symptoms are severe and unresponsive to over-the-counter medicine.
"suffering from stomach pain, rash",Typhoid,"A bacterial infection that can lead to a high fever, diarrhea, and vomiting.","Drink boiled or bottled water, avoid raw foods.","Antibiotics (prescription only), Paracetamol for fever.",Requires immediate medical consultation for a proper antibiotic course.
"severe headache, vomiting, sensitivity to light, nausea, sensitivity to sound",Migraine,"A neurological condition that can cause multiple symptoms, frequently characterized by intense, debilitating headaches.","Rest in a quiet and dark room, avoid known triggers like caffeine or stress.","Ibuprofen, Triptans (prescription), Aspirin.",Consult a neurologist if migraines are frequent and severely disrupt daily life.
"experiencing muscle pain, pain behind eyes, fatigue, severe headache, rash, joint pain, high fever",Dengue Fever,A mosquito-borne viral disease occurring in tropical and subtropical areas.,"Use mosquito nets, wear long sleeves, use repellents.",Paracetamol for fever. STRICTLY AVOID Aspirin or Ibuprofen.,Hospitalization may be required; consult immediately if experiencing severe abdominal pain or bleeding.
"suffering from abdominal cramps, diarrhea, weakness, nausea, vomiting, fever",Food Poisoning,Illness caused by eating contaminated food.,"Rest, stay hydrated with sips of water or clear broths.","Oral rehydration salts, Bismuth subsalicylate.","Consult a doctor if symptoms last more than a few days, or if you have a very high fever."
"chills, sweats, high fever, headache, dry cough, muscle aches, fatigue",Influenza (Flu),A viral infection that attacks your respiratory system.,"Strict bed rest, isolate yourself, stay hydrated.","Oseltamivir (if prescribed early), Paracetamol for fever.",Consult a doctor immediately if you experience shortness of breath or persistent chest pain.
"suffering from joint pain, high fever, muscle pain, rash, pain behind eyes, fatigue, severe headache",Dengue Fever,A mosquito-borne viral disease occurring in tropical and subtropical areas.,"Use mosquito nets, wear long sleeves, use repellents.",Paracetamol for fever. STRICTLY AVOID Aspirin or Ibuprofen.,Hospitalization may be required; consult immediately if experiencing severe abdominal pain or bleeding.
"feeling high fever, sweats, headache, muscle aches, chills",Influenza (Flu),A viral infection that attacks your respiratory system.,"Strict bed rest, isolate yourself, stay hydrated.","Oseltamivir (if prescribed early), Paracetamol for fever.",Consult a doctor immediately if you experience shortness of breath or persistent chest pain.
"suffering from prolonged high fever, rash",Typhoid,"A bacterial infection that can lead to a high fever, diarrhea, and vomiting.","Drink boiled or bottled water, avoid raw foods.","Antibiotics (prescription only), Paracetamol for fever.",Requires immediate medical consultation for a proper antibiotic course.
"i have weakness, stomach pain, rash, prolonged high fever, headache, loss of appetite",Typhoid,"A bacterial infection that can lead to a high fever, diarrhea, and vomiting.","Drink boiled or bottled water, avoid raw foods.","Antibiotics (prescription only), Paracetamol for fever.",Requires immediate medical consultation for a proper antibiotic course.
"i have dry cough, loss of smell, loss of taste, sore throat, shortness of breath, fatigue, body aches",COVID-19,A highly contagious respiratory illness caused by the SARS-CoV-2 virus.,"Isolate, wear a mask, monitor oxygen levels.","Paracetamol, Vitamin C, Zinc, prescribed antivirals if severe.",Seek immediate medical attention if oxygen drops below 94% or you have difficulty breathing.
"suffering from wheezing, rapid breathing, coughing episodes, shortness of breath",Asthma,A condition in which your airways narrow and swell and may produce extra mucus.,"Avoid triggers (smoke, strong odors), carry an inhaler always.","Bronchodilators (Albuterol inhaler), Inhaled corticosteroids.",Immediate emergency care required for severe shortness of breath or if an inhaler doesn't help.
"experiencing coughing episodes, rapid breathing, shortness of breath, wheezing",Asthma,A condition in which your airways narrow and swell and may produce extra mucus.,"Avoid triggers (smoke, strong odors), carry an inhaler always.","Bronchodilators (Albuterol inhaler), Inhaled corticosteroids.",Immediate emergency care required for severe shortness of breath or if an inhaler doesn't help.
"feeling chest tightness, coughing episodes, wheezing",Asthma,A condition in which your airways narrow and swell and may produce extra mucus.,"Avoid triggers (smoke, strong odors), carry an inhaler always.","Bronchodilators (Albuterol inhaler), Inhaled corticosteroids.",Immediate emergency care required for severe shortness of breath or if an inhaler doesn't help.
"experiencing chills, fatigue",Influenza (Flu),A viral infection that attacks your respiratory system.,"Strict bed rest, isolate yourself, stay hydrated.","Oseltamivir (if prescribed early), Paracetamol for fever.",Consult a doctor immediately if you experience shortness of breath or persistent chest pain.
"feeling wheezing, shortness of breath, coughing episodes, rapid breathing, chest tightness",Asthma,A condition in which your airways narrow and swell and may produce extra mucus.,"Avoid triggers (smoke, strong odors), carry an inhaler always.","Bronchodilators (Albuterol inhaler), Inhaled corticosteroids.",Immediate emergency care required for severe shortness of breath or if an inhaler doesn't help.
"suffering from dry cough, fatigue, headache",Influenza (Flu),A viral infection that attacks your respiratory system.,"Strict bed rest, isolate yourself, stay hydrated.","Oseltamivir (if prescribed early), Paracetamol for fever.",Consult a doctor immediately if you experience shortness of breath or persistent chest pain.
"sensitivity to sound, vomiting, nausea",Migraine,"A neurological condition that can cause multiple symptoms, frequently characterized by intense, debilitating headaches.","Rest in a quiet and dark room, avoid known triggers like caffeine or stress.","Ibuprofen, Triptans (prescription), Aspirin.",Consult a neurologist if migraines are frequent and severely disrupt daily life.
"feeling rash, weakness, prolonged high fever, loss of appetite, stomach pain, headache",Typhoid,"A bacterial infection that can lead to a high fever, diarrhea, and vomiting.","Drink boiled or bottled water, avoid raw foods.","Antibiotics (prescription only), Paracetamol for fever.",Requires immediate medical consultation for a proper antibiotic course.
"experiencing vomiting, nausea, sensitivity to light, sensitivity to sound, throbbing pain, severe headache",Migraine,"A neurological condition that can cause multiple symptoms, frequently characterized by intense, debilitating headaches.","Rest in a quiet and dark room, avoid known triggers like caffeine or stress.","Ibuprofen, Triptans (prescription), Aspirin.",Consult a neurologist if migraines are frequent and severely disrupt daily life.
"suffering from wheezing, rapid breathing",Asthma,A condition in which your airways narrow and swell and may produce extra mucus.,"Avoid triggers (smoke, strong odors), carry an inhaler always.","Bronchodilators (Albuterol inhaler), Inhaled corticosteroids.",Immediate emergency care required for severe shortness of breath or if an inhaler doesn't help.
"feeling abdominal cramps, vomiting, nausea, weakness, fever",Food Poisoning,Illness caused by eating contaminated food.,"Rest, stay hydrated with sips of water or clear broths.","Oral rehydration salts, Bismuth subsalicylate.","Consult a doctor if symptoms last more than a few days, or if you have a very high fever."
"experiencing nausea, vomiting, abdominal cramps, diarrhea",Food Poisoning,Illness caused by eating contaminated food.,"Rest, stay hydrated with sips of water or clear broths.","Oral rehydration salts, Bismuth subsalicylate.","Consult a doctor if symptoms last more than a few days, or if you have a very high fever."
"feeling mild fever, sneezing, runny nose, sore throat",Common Cold,A common viral infection of the nose and throat.,"Rest, drink plenty of fluids, wash hands often.","Paracetamol, Ibuprofen, Decongestants, Cough syrup.",Consult if symptoms last more than a week or if you develop a high fever.
"stomach cramps, diarrhea, vomiting, low-grade fever, nausea, muscle aches",Gastroenteritis (Stomach Flu),"An intestinal infection marked by diarrhea, cramps, nausea, vomiting, and fever.","Stay hydrated, eat bland foods, wash hands thoroughly.","Oral rehydration salts (ORS), Loperamide (if advised).","Consult if you cannot keep liquids down for 24 hours, or if there is blood in stool."
"throbbing pain, sensitivity to light, sensitivity to sound",Migraine,"A neurological condition that can cause multiple symptoms, frequently characterized by intense, debilitating headaches.","Rest in a quiet and dark room, avoid known triggers like caffeine or stress.","Ibuprofen, Triptans (prescription), Aspirin.",Consult a neurologist if migraines are frequent and severely disrupt daily life.
"suffering from dry cough, sore throat, shortness of breath, loss of smell, loss of taste, body aches, fever",COVID-19,A highly contagious respiratory illness caused by the SARS-CoV-2 virus.,"Isolate, wear a mask, monitor oxygen levels.","Paracetamol, Vitamin C, Zinc, prescribed antivirals if severe.",Seek immediate medical attention if oxygen drops below 94% or you have difficulty breathing.
"feeling severe headache, nausea, throbbing pain, vomiting",Migraine,"A neurological condition that can cause multiple symptoms, frequently characterized by intense, debilitating headaches.","Rest in a quiet and dark room, avoid known triggers like caffeine or stress.","Ibuprofen, Triptans (prescription), Aspirin.",Consult a neurologist if migraines are frequent and severely disrupt daily life.
"i have rash, loss of appetite",Typhoid,"A bacterial infection that can lead to a high fever, diarrhea, and vomiting.","Drink boiled or bottled water, avoid raw foods.","Antibiotics (prescription only), Paracetamol for fever.",Requires immediate medical consultation for a proper antibiotic course.
"experiencing loss of taste, shortness of breath, body aches, sore throat, fatigue",COVID-19,A highly contagious respiratory illness caused by the SARS-CoV-2 virus.,"Isolate, wear a mask, monitor oxygen levels.","Paracetamol, Vitamin C, Zinc, prescribed antivirals if severe.",Seek immediate medical attention if oxygen drops below 94% or you have difficulty breathing.
"i have dry cough, fatigue",COVID-19,A highly contagious respiratory illness caused by the SARS-CoV-2 virus.,"Isolate, wear a mask, monitor oxygen levels.","Paracetamol, Vitamin C, Zinc, prescribed antivirals if severe.",Seek immediate medical attention if oxygen drops below 94% or you have difficulty breathing.
"feeling joint pain, pain behind eyes, high fever, muscle pain",Dengue Fever,A mosquito-borne viral disease occurring in tropical and subtropical areas.,"Use mosquito nets, wear long sleeves, use repellents.",Paracetamol for fever. STRICTLY AVOID Aspirin or Ibuprofen.,Hospitalization may be required; consult immediately if experiencing severe abdominal pain or bleeding.
"feeling severe headache, muscle pain, pain behind eyes, high fever, joint pain",Dengue Fever,A mosquito-borne viral disease occurring in tropical and subtropical areas.,"Use mosquito nets, wear long sleeves, use repellents.",Paracetamol for fever. STRICTLY AVOID Aspirin or Ibuprofen.,Hospitalization may be required; consult immediately if experiencing severe abdominal pain or bleeding.
"suffering from high fever, muscle aches, dry cough, headache",Influenza (Flu),A viral infection that attacks your respiratory system.,"Strict bed rest, isolate yourself, stay hydrated.","Oseltamivir (if prescribed early), Paracetamol for fever.",Consult a doctor immediately if you experience shortness of breath or persistent chest pain.
"feeling cough, sneezing, congestion, mild fever, sore throat",Common Cold,A common viral infection of the nose and throat.,"Rest, drink plenty of fluids, wash hands often.","Paracetamol, Ibuprofen, Decongestants, Cough syrup.",Consult if symptoms last more than a week or if you develop a high fever.
"suffering from muscle aches, vomiting, low-grade fever, diarrhea, stomach cramps",Gastroenteritis (Stomach Flu),"An intestinal infection marked by diarrhea, cramps, nausea, vomiting, and fever.","Stay hydrated, eat bland foods, wash hands thoroughly.","Oral rehydration salts (ORS), Loperamide (if advised).","Consult if you cannot keep liquids down for 24 hours, or if there is blood in stool."
"experiencing wheezing, coughing episodes, rapid breathing, chest tightness",Asthma,A condition in which your airways narrow and swell and may produce extra mucus.,"Avoid triggers (smoke, strong odors), carry an inhaler always.","Bronchodilators (Albuterol inhaler), Inhaled corticosteroids.",Immediate emergency care required for severe shortness of breath or if an inhaler doesn't help.
"feeling fatigue, rash, high fever, muscle pain, pain behind eyes",Dengue Fever,A mosquito-borne viral disease occurring in tropical and subtropical areas.,"Use mosquito nets, wear long sleeves, use repellents.",Paracetamol for fever. STRICTLY AVOID Aspirin or Ibuprofen.,Hospitalization may be required; consult immediately if experiencing severe abdominal pain or bleeding.
"suffering from sweats, high fever",Influenza (Flu),A viral infection that attacks your respiratory system.,"Strict bed rest, isolate yourself, stay hydrated.","Oseltamivir (if prescribed early), Paracetamol for fever.",Consult a doctor immediately if you experience shortness of breath or persistent chest pain.
"experiencing runny nose, itchy eyes, sneezing",Allergic Rhinitis,"An allergic response causing itchy, watery eyes, sneezing, and other similar symptoms.","Avoid allergens (dust, pollen), keep indoors during high pollen seasons.","Antihistamines (Cetirizine, Loratadine), Nasal corticosteroids.",Consult an allergist if symptoms are severe and unresponsive to over-the-counter medicine.
"headache, fatigue, sweats, dry cough",Influenza (Flu),A viral infection that attacks your respiratory system.,"Strict bed rest, isolate yourself, stay hydrated.","Oseltamivir (if prescribed early), Paracetamol for fever.",Consult a doctor immediately if you experience shortness of breath or persistent chest pain.
"i have loss of appetite, rash, stomach pain, weakness, headache",Typhoid,"A bacterial infection that can lead to a high fever, diarrhea, and vomiting.","Drink boiled or bottled water, avoid raw foods.","Antibiotics (prescription only), Paracetamol for fever.",Requires immediate medical consultation for a proper antibiotic course.
"feeling low-grade fever, diarrhea, vomiting, nausea, muscle aches",Gastroenteritis (Stomach Flu),"An intestinal infection marked by diarrhea, cramps, nausea, vomiting, and fever.","Stay hydrated, eat bland foods, wash hands thoroughly.","Oral rehydration salts (ORS), Loperamide (if advised).","Consult if you cannot keep liquids down for 24 hours, or if there is blood in stool."
"suffering from runny nose, sore throat, cough, mild fever, sneezing",Common Cold,A common viral infection of the nose and throat.,"Rest, drink plenty of fluids, wash hands often.","Paracetamol, Ibuprofen, Decongestants, Cough syrup.",Consult if symptoms last more than a week or if you develop a high fever.
"i have coughing episodes, wheezing, chest tightness, rapid breathing, shortness of breath",Asthma,A condition in which your airways narrow and swell and may produce extra mucus.,"Avoid triggers (smoke, strong odors), carry an inhaler always.","Bronchodilators (Albuterol inhaler), Inhaled corticosteroids.",Immediate emergency care required for severe shortness of breath or if an inhaler doesn't help.
"experiencing sneezing, itchy throat, watery eyes, nasal congestion, itchy eyes, runny nose",Allergic Rhinitis,"An allergic response causing itchy, watery eyes, sneezing, and other similar symptoms.","Avoid allergens (dust, pollen), keep indoors during high pollen seasons.","Antihistamines (Cetirizine, Loratadine), Nasal corticosteroids.",Consult an allergist if symptoms are severe and unresponsive to over-the-counter medicine.
"nausea, stomach cramps",Gastroenteritis (Stomach Flu),"An intestinal infection marked by diarrhea, cramps, nausea, vomiting, and fever.","Stay hydrated, eat bland foods, wash hands thoroughly.","Oral rehydration salts (ORS), Loperamide (if advised).","Consult if you cannot keep liquids down for 24 hours, or if there is blood in stool."
"stomach cramps, diarrhea",Gastroenteritis (Stomach Flu),"An intestinal infection marked by diarrhea, cramps, nausea, vomiting, and fever.","Stay hydrated, eat bland foods, wash hands thoroughly.","Oral rehydration salts (ORS), Loperamide (if advised).","Consult if you cannot keep liquids down for 24 hours, or if there is blood in stool."
"feeling wheezing, shortness of breath",Asthma,A condition in which your airways narrow and swell and may produce extra mucus.,"Avoid triggers (smoke, strong odors), carry an inhaler always.","Bronchodilators (Albuterol inhaler), Inhaled corticosteroids.",Immediate emergency care required for severe shortness of breath or if an inhaler doesn't help.
"experiencing vomiting, diarrhea, nausea, muscle aches, stomach cramps, low-grade fever",Gastroenteritis (Stomach Flu),"An intestinal infection marked by diarrhea, cramps, nausea, vomiting, and fever.","Stay hydrated, eat bland foods, wash hands thoroughly.","Oral rehydration salts (ORS), Loperamide (if advised).","Consult if you cannot keep liquids down for 24 hours, or if there is blood in stool."
"suffering from weakness, stomach pain, rash",Typhoid,"A bacterial infection that can lead to a high fever, diarrhea, and vomiting.","Drink boiled or bottled water, avoid raw foods.","Antibiotics (prescription only), Paracetamol for fever.",Requires immediate medical consultation for a proper antibiotic course.
"feeling sweats, fatigue, headache, high fever",Influenza (Flu),A viral infection that attacks your respiratory system.,"Strict bed rest, isolate yourself, stay hydrated.","Oseltamivir (if prescribed early), Paracetamol for fever.",Consult a doctor immediately if you experience shortness of breath or persistent chest pain.
"feeling rash, headache, stomach pain",Typhoid,"A bacterial infection that can lead to a high fever, diarrhea, and vomiting.","Drink boiled or bottled water, avoid raw foods.","Antibiotics (prescription only), Paracetamol for fever.",Requires immediate medical consultation for a proper antibiotic course.
"suffering from fever, abdominal cramps, weakness",Food Poisoning,Illness caused by eating contaminated food.,"Rest, stay hydrated with sips of water or clear broths.","Oral rehydration salts, Bismuth subsalicylate.","Consult a doctor if symptoms last more than a few days, or if you have a very high fever."
"feeling diarrhea, low-grade fever, nausea, stomach cramps, vomiting",Gastroenteritis (Stomach Flu),"An intestinal infection marked by diarrhea, cramps, nausea, vomiting, and fever.","Stay hydrated, eat bland foods, wash hands thoroughly.","Oral rehydration salts (ORS), Loperamide (if advised).","Consult if you cannot keep liquids down for 24 hours, or if there is blood in stool."
"suffering from muscle aches, headache, chills, fatigue, sweats, high fever, dry cough",Influenza (Flu),A viral infection that attacks your respiratory system.,"Strict bed rest, isolate yourself, stay hydrated.","Oseltamivir (if prescribed early), Paracetamol for fever.",Consult a doctor immediately if you experience shortness of breath or persistent chest pain.
"i have cough, sore throat",Common Cold,A common viral infection of the nose and throat.,"Rest, drink plenty of fluids, wash hands often.","Paracetamol, Ibuprofen, Decongestants, Cough syrup.",Consult if symptoms last more than a week or if you develop a high fever.
"suffering from headache, rash, loss of appetite, prolonged high fever, stomach pain",Typhoid,"A bacterial infection that can lead to a high fever, diarrhea, and vomiting.","Drink boiled or bottled water, avoid raw foods.","Antibiotics (prescription only), Paracetamol for fever.",Requires immediate medical consultation for a proper antibiotic course.
"experiencing diarrhea, vomiting, weakness, fever, nausea, abdominal cramps",Food Poisoning,Illness caused by eating contaminated food.,"Rest, stay hydrated with sips of water or clear broths.","Oral rehydration salts, Bismuth subsalicylate.","Consult a doctor if symptoms last more than a few days, or if you have a very high fever."
"experiencing prolonged high fever, loss of appetite, stomach pain",Typhoid,"A bacterial infection that can lead to a high fever, diarrhea, and vomiting.","Drink boiled or bottled water, avoid raw foods.","Antibiotics (prescription only), Paracetamol for fever.",Requires immediate medical consultation for a proper antibiotic course.
"experiencing nausea, stomach cramps, low-grade fever",Gastroenteritis (Stomach Flu),"An intestinal infection marked by diarrhea, cramps, nausea, vomiting, and fever.","Stay hydrated, eat bland foods, wash hands thoroughly.","Oral rehydration salts (ORS), Loperamide (if advised).","Consult if you cannot keep liquids down for 24 hours, or if there is blood in stool."
"i have fatigue, shortness of breath, sore throat, dry cough, fever",COVID-19,A highly contagious respiratory illness caused by the SARS-CoV-2 virus.,"Isolate, wear a mask, monitor oxygen levels.","Paracetamol, Vitamin C, Zinc, prescribed antivirals if severe.",Seek immediate medical attention if oxygen drops below 94% or you have difficulty breathing.
"low-grade fever, vomiting",Gastroenteritis (Stomach Flu),"An intestinal infection marked by diarrhea, cramps, nausea, vomiting, and fever.","Stay hydrated, eat bland foods, wash hands thoroughly.","Oral rehydration salts (ORS), Loperamide (if advised).","Consult if you cannot keep liquids down for 24 hours, or if there is blood in stool."
"i have nasal congestion, sneezing, itchy throat, itchy eyes, runny nose",Allergic Rhinitis,"An allergic response causing itchy, watery eyes, sneezing, and other similar symptoms.","Avoid allergens (dust, pollen), keep indoors during high pollen seasons.","Antihistamines (Cetirizine, Loratadine), Nasal corticosteroids.",Consult an allergist if symptoms are severe and unresponsive to over-the-counter medicine.
"weakness, fever, nausea, diarrhea, abdominal cramps",Food Poisoning,Illness caused by eating contaminated food.,"Rest, stay hydrated with sips of water or clear broths.","Oral rehydration salts, Bismuth subsalicylate.","Consult a doctor if symptoms last more than a few days, or if you have a very high fever."
"experiencing fatigue, high fever, joint pain, rash, pain behind eyes, muscle pain, severe headache",Dengue Fever,A mosquito-borne viral disease occurring in tropical and subtropical areas.,"Use mosquito nets, wear long sleeves, use repellents.",Paracetamol for fever. STRICTLY AVOID Aspirin or Ibuprofen.,Hospitalization may be required; consult immediately if experiencing severe abdominal pain or bleeding.
"feeling prolonged high fever, stomach pain, loss of appetite, headache",Typhoid,"A bacterial infection that can lead to a high fever, diarrhea, and vomiting.","Drink boiled or bottled water, avoid raw foods.","Antibiotics (prescription only), Paracetamol for fever.",Requires immediate medical consultation for a proper antibiotic course.
"dry cough, chills, high fever, fatigue, headache",Influenza (Flu),A viral infection that attacks your respiratory system.,"Strict bed rest, isolate yourself, stay hydrated.","Oseltamivir (if prescribed early), Paracetamol for fever.",Consult a doctor immediately if you experience shortness of breath or persistent chest pain.
"experiencing nasal congestion, sneezing, itchy throat, runny nose",Allergic Rhinitis,"An allergic response causing itchy, watery eyes, sneezing, and other similar symptoms.","Avoid allergens (dust, pollen), keep indoors during high pollen seasons.","Antihistamines (Cetirizine, Loratadine), Nasal corticosteroids.",Consult an allergist if symptoms are severe and unresponsive to over-the-counter medicine.
"feeling itchy eyes, itchy throat, runny nose, watery eyes, sneezing",Allergic Rhinitis,"An allergic response causing itchy, watery eyes, sneezing, and other similar symptoms.","Avoid allergens (dust, pollen), keep indoors during high pollen seasons.","Antihistamines (Cetirizine, Loratadine), Nasal corticosteroids.",Consult an allergist if symptoms are severe and unresponsive to over-the-counter medicine.
"loss of taste, shortness of breath, body aches, fever, fatigue, sore throat",COVID-19,A highly contagious respiratory illness caused by the SARS-CoV-2 virus.,"Isolate, wear a mask, monitor oxygen levels.","Paracetamol, Vitamin C, Zinc, prescribed antivirals if severe.",Seek immediate medical attention if oxygen drops below 94% or you have difficulty breathing.
"suffering from muscle pain, severe headache, high fever",Dengue Fever,A mosquito-borne viral disease occurring in tropical and subtropical areas.,"Use mosquito nets, wear long sleeves, use repellents.",Paracetamol for fever. STRICTLY AVOID Aspirin or Ibuprofen.,Hospitalization may be required; consult immediately if experiencing severe abdominal pain or bleeding.
"nausea, sensitivity to sound",Migraine,"A neurological condition that can cause multiple symptoms, frequently characterized by intense, debilitating headaches.","Rest in a quiet and dark room, avoid known triggers like caffeine or stress.","Ibuprofen, Triptans (prescription), Aspirin.",Consult a neurologist if migraines are frequent and severely disrupt daily life.
"shortness of breath, rapid breathing, coughing episodes, wheezing, chest tightness",Asthma,A condition in which your airways narrow and swell and may produce extra mucus.,"Avoid triggers (smoke, strong odors), carry an inhaler always.","Bronchodilators (Albuterol inhaler), Inhaled corticosteroids.",Immediate emergency care required for severe shortness of breath or if an inhaler doesn't help.
"experiencing dry cough, muscle aches, fatigue, sweats, high fever, chills",Influenza (Flu),A viral infection that attacks your respiratory system.,"Strict bed rest, isolate yourself, stay hydrated.","Oseltamivir (if prescribed early), Paracetamol for fever.",Consult a doctor immediately if you experience shortness of breath or persistent chest pain.
"suffering from prolonged high fever, rash, loss of appetite",Typhoid,"A bacterial infection that can lead to a high fever, diarrhea, and vomiting.","Drink boiled or bottled water, avoid raw foods.","Antibiotics (prescription only), Paracetamol for fever.",Requires immediate medical consultation for a proper antibiotic course.
"sneezing, mild fever, runny nose, sore throat, cough, congestion",Common Cold,A common viral infection of the nose and throat.,"Rest, drink plenty of fluids, wash hands often.","Paracetamol, Ibuprofen, Decongestants, Cough syrup.",Consult if symptoms last more than a week or if you develop a high fever.
"suffering from loss of appetite, headache, prolonged high fever, stomach pain",Typhoid,"A bacterial infection that can lead to a high fever, diarrhea, and vomiting.","Drink boiled or bottled water, avoid raw foods.","Antibiotics (prescription only), Paracetamol for fever.",Requires immediate medical consultation for a proper antibiotic course.
"dry cough, fatigue",COVID-19,A highly contagious respiratory illness caused by the SARS-CoV-2 virus.,"Isolate, wear a mask, monitor oxygen levels.","Paracetamol, Vitamin C, Zinc, prescribed antivirals if severe.",Seek immediate medical attention if oxygen drops below 94% or you have difficulty breathing.
"suffering from chest tightness, rapid breathing, coughing episodes, wheezing",Asthma,A condition in which your airways narrow and swell and may produce extra mucus.,"Avoid triggers (smoke, strong odors), carry an inhaler always.","Bronchodilators (Albuterol inhaler), Inhaled corticosteroids.",Immediate emergency care required for severe shortness of breath or if an inhaler doesn't help.
"suffering from dry cough, fatigue",Influenza (Flu),A viral infection that attacks your respiratory system.,"Strict bed rest, isolate yourself, stay hydrated.","Oseltamivir (if prescribed early), Paracetamol for fever.",Consult a doctor immediately if you experience shortness of breath or persistent chest pain.
"i have low-grade fever, stomach cramps, diarrhea, vomiting, nausea, muscle aches",Gastroenteritis (Stomach Flu),"An intestinal infection marked by diarrhea, cramps, nausea, vomiting, and fever.","Stay hydrated, eat bland foods, wash hands thoroughly.","Oral rehydration salts (ORS), Loperamide (if advised).","Consult if you cannot keep liquids down for 24 hours, or if there is blood in stool."
"experiencing sore throat, sneezing, mild fever, runny nose, cough, congestion",Common Cold,A common viral infection of the nose and throat.,"Rest, drink plenty of fluids, wash hands often.","Paracetamol, Ibuprofen, Decongestants, Cough syrup.",Consult if symptoms last more than a week or if you develop a high fever.
"feeling pain behind eyes, severe headache, muscle pain, fatigue, rash",Dengue Fever,A mosquito-borne viral disease occurring in tropical and subtropical areas.,"Use mosquito nets, wear long sleeves, use repellents.",Paracetamol for fever. STRICTLY AVOID Aspirin or Ibuprofen.,Hospitalization may be required; consult immediately if experiencing severe abdominal pain or bleeding.
"i have wheezing, chest tightness",Asthma,A condition in which your airways narrow and swell and may produce extra mucus.,"Avoid triggers (smoke, strong odors), carry an inhaler always.","Bronchodilators (Albuterol inhaler), Inhaled corticosteroids.",Immediate emergency care required for severe shortness of breath or if an inhaler doesn't help.
"experiencing chest tightness, coughing episodes, shortness of breath, wheezing, rapid breathing",Asthma,A condition in which your airways narrow and swell and may produce extra mucus.,"Avoid triggers (smoke, strong odors), carry an inhaler always.","Bronchodilators (Albuterol inhaler), Inhaled corticosteroids.",Immediate emergency care required for severe shortness of breath or if an inhaler doesn't help.
"feeling chills, muscle aches, sweats, high fever, dry cough",Influenza (Flu),A viral infection that attacks your respiratory system.,"Strict bed rest, isolate yourself, stay hydrated.","Oseltamivir (if prescribed early), Paracetamol for fever.",Consult a doctor immediately if you experience shortness of breath or persistent chest pain.
"experiencing vomiting, diarrhea, nausea, fever, abdominal cramps, weakness",Food Poisoning,Illness caused by eating contaminated food.,"Rest, stay hydrated with sips of water or clear broths.","Oral rehydration salts, Bismuth subsalicylate.","Consult a doctor if symptoms last more than a few days, or if you have a very high fever."
"shortness of breath, chest tightness",Asthma,A condition in which your airways narrow and swell and may produce extra mucus.,"Avoid triggers (smoke, strong odors), carry an inhaler always.","Bronchodilators (Albuterol inhaler), Inhaled corticosteroids.",Immediate emergency care required for severe shortness of breath or if an inhaler doesn't help.
"feeling stomach pain, headache",Typhoid,"A bacterial infection that can lead to a high fever, diarrhea, and vomiting.","Drink boiled or bottled water, avoid raw foods.","Antibiotics (prescription only), Paracetamol for fever.",Requires immediate medical consultation for a proper antibiotic course.
"feeling muscle aches, stomach cramps",Gastroenteritis (Stomach Flu),"An intestinal infection marked by diarrhea, cramps, nausea, vomiting, and fever.","Stay hydrated, eat bland foods, wash hands thoroughly.","Oral rehydration salts (ORS), Loperamide (if advised).","Consult if you cannot keep liquids down for 24 hours, or if there is blood in stool."
"experiencing nausea, stomach cramps, low-grade fever, vomiting, muscle aches, diarrhea",Gastroenteritis (Stomach Flu),"An intestinal infection marked by diarrhea, cramps, nausea, vomiting, and fever.","Stay hydrated, eat bland foods, wash hands thoroughly.","Oral rehydration salts (ORS), Loperamide (if advised).","Consult if you cannot keep liquids down for 24 hours, or if there is blood in stool."
"experiencing chest tightness, shortness of breath, wheezing, coughing episodes",Asthma,A condition in which your airways narrow and swell and may produce extra mucus.,"Avoid triggers (smoke, strong odors), carry an inhaler always.","Bronchodilators (Albuterol inhaler), Inhaled corticosteroids.",Immediate emergency care required for severe shortness of breath or if an inhaler doesn't help.
"i have diarrhea, muscle aches",Gastroenteritis (Stomach Flu),"An intestinal infection marked by diarrhea, cramps, nausea, vomiting, and fever.","Stay hydrated, eat bland foods, wash hands thoroughly.","Oral rehydration salts (ORS), Loperamide (if advised).","Consult if you cannot keep liquids down for 24 hours, or if there is blood in stool."
"experiencing runny nose, itchy throat",Allergic Rhinitis,"An allergic response causing itchy, watery eyes, sneezing, and other similar symptoms.","Avoid allergens (dust, pollen), keep indoors during high pollen seasons.","Antihistamines (Cetirizine, Loratadine), Nasal corticosteroids.",Consult an allergist if symptoms are severe and unresponsive to over-the-counter medicine.
"experiencing diarrhea, vomiting, muscle aches, low-grade fever",Gastroenteritis (Stomach Flu),"An intestinal infection marked by diarrhea, cramps, nausea, vomiting, and fever.","Stay hydrated, eat bland foods, wash hands thoroughly.","Oral rehydration salts (ORS), Loperamide (if advised).","Consult if you cannot keep liquids down for 24 hours, or if there is blood in stool."
"feeling coughing episodes, wheezing",Asthma,A condition in which your airways narrow and swell and may produce extra mucus.,"Avoid triggers (smoke, strong odors), carry an inhaler always.","Bronchodilators (Albuterol inhaler), Inhaled corticosteroids.",Immediate emergency care required for severe shortness of breath or if an inhaler doesn't help.
"suffering from throbbing pain, sensitivity to light",Migraine,"A neurological condition that can cause multiple symptoms, frequently characterized by intense, debilitating headaches.","Rest in a quiet and dark room, avoid known triggers like caffeine or stress.","Ibuprofen, Triptans (prescription), Aspirin.",Consult a neurologist if migraines are frequent and severely disrupt daily life.
"i have diarrhea, weakness, abdominal cramps, vomiting, fever, nausea",Food Poisoning,Illness caused by eating contaminated food.,"Rest, stay hydrated with sips of water or clear broths.","Oral rehydration salts, Bismuth subsalicylate.","Consult a doctor if symptoms last more than a few days, or if you have a very high fever."
"suffering from sweats, high fever, chills, fatigue, muscle aches, headache",Influenza (Flu),A viral infection that attacks your respiratory system.,"Strict bed rest, isolate yourself, stay hydrated.","Oseltamivir (if prescribed early), Paracetamol for fever.",Consult a doctor immediately if you experience shortness of breath or persistent chest pain.
"suffering from vomiting, stomach cramps",Gastroenteritis (Stomach Flu),"An intestinal infection marked by diarrhea, cramps, nausea, vomiting, and fever.","Stay hydrated, eat bland foods, wash hands thoroughly.","Oral rehydration salts (ORS), Loperamide (if advised).","Consult if you cannot keep liquids down for 24 hours, or if there is blood in stool."
"feeling vomiting, severe headache, sensitivity to sound, sensitivity to light",Migraine,"A neurological condition that can cause multiple symptoms, frequently characterized by intense, debilitating headaches.","Rest in a quiet and dark room, avoid known triggers like caffeine or stress.","Ibuprofen, Triptans (prescription), Aspirin.",Consult a neurologist if migraines are frequent and severely disrupt daily life.
"feeling throbbing pain, severe headache",Migraine,"A neurological condition that can cause multiple symptoms, frequently characterized by intense, debilitating headaches.","Rest in a quiet and dark room, avoid known triggers like caffeine or stress.","Ibuprofen, Triptans (prescription), Aspirin.",Consult a neurologist if migraines are frequent and severely disrupt daily life.
"suffering from nausea, abdominal cramps, fever, vomiting",Food Poisoning,Illness caused by eating contaminated food.,"Rest, stay hydrated with sips of water or clear broths.","Oral rehydration salts, Bismuth subsalicylate.","Consult a doctor if symptoms last more than a few days, or if you have a very high fever."
"experiencing shortness of breath, coughing episodes, chest tightness, wheezing, rapid breathing",Asthma,A condition in which your airways narrow and swell and may produce extra mucus.,"Avoid triggers (smoke, strong odors), carry an inhaler always.","Bronchodilators (Albuterol inhaler), Inhaled corticosteroids.",Immediate emergency care required for severe shortness of breath or if an inhaler doesn't help.
"suffering from nasal congestion, itchy eyes, sneezing, runny nose, itchy throat, watery eyes",Allergic Rhinitis,"An allergic response causing itchy, watery eyes, sneezing, and other similar symptoms.","Avoid allergens (dust, pollen), keep indoors during high pollen seasons.","Antihistamines (Cetirizine, Loratadine), Nasal corticosteroids.",Consult an allergist if symptoms are severe and unresponsive to over-the-counter medicine.
"experiencing cough, mild fever",Common Cold,A common viral infection of the nose and throat.,"Rest, drink plenty of fluids, wash hands often.","Paracetamol, Ibuprofen, Decongestants, Cough syrup.",Consult if symptoms last more than a week or if you develop a high fever.
"runny nose, itchy eyes, watery eyes, itchy throat",Allergic Rhinitis,"An allergic response causing itchy, watery eyes, sneezing, and other similar symptoms.","Avoid allergens (dust, pollen), keep indoors during high pollen seasons.","Antihistamines (Cetirizine, Loratadine), Nasal corticosteroids.",Consult an allergist if symptoms are severe and unresponsive to over-the-counter medicine.
"suffering from fatigue, joint pain",Dengue Fever,A mosquito-borne viral disease occurring in tropical and subtropical areas.,"Use mosquito nets, wear long sleeves, use repellents.",Paracetamol for fever. STRICTLY AVOID Aspirin or Ibuprofen.,Hospitalization may be required; consult immediately if experiencing severe abdominal pain or bleeding.
"experiencing stomach cramps, vomiting, nausea, diarrhea, muscle aches",Gastroenteritis (Stomach Flu),"An intestinal infection marked by diarrhea, cramps, nausea, vomiting, and fever.","Stay hydrated, eat bland foods, wash hands thoroughly.","Oral rehydration salts (ORS), Loperamide (if advised).","Consult if you cannot keep liquids down for 24 hours, or if there is blood in stool."
"experiencing severe headache, joint pain, muscle pain",Dengue Fever,A mosquito-borne viral disease occurring in tropical and subtropical areas.,"Use mosquito nets, wear long sleeves, use repellents.",Paracetamol for fever. STRICTLY AVOID Aspirin or Ibuprofen.,Hospitalization may be required; consult immediately if experiencing severe abdominal pain or bleeding.
"i have runny nose, sore throat, sneezing, congestion, cough, mild fever",Common Cold,A common viral infection of the nose and throat.,"Rest, drink plenty of fluids, wash hands often.","Paracetamol, Ibuprofen, Decongestants, Cough syrup.",Consult if symptoms last more than a week or if you develop a high fever.
"suffering from dry cough, chills, high fever, fatigue",Influenza (Flu),A viral infection that attacks your respiratory system.,"Strict bed rest, isolate yourself, stay hydrated.","Oseltamivir (if prescribed early), Paracetamol for fever.",Consult a doctor immediately if you experience shortness of breath or persistent chest pain.
"experiencing sneezing, cough, congestion, mild fever, runny nose, sore throat",Common Cold,A common viral infection of the nose and throat.,"Rest, drink plenty of fluids, wash hands often.","Paracetamol, Ibuprofen, Decongestants, Cough syrup.",Consult if symptoms last more than a week or if you develop a high fever.
"experiencing runny nose, sore throat, cough",Common Cold,A common viral infection of the nose and throat.,"Rest, drink plenty of fluids, wash hands often.","Paracetamol, Ibuprofen, Decongestants, Cough syrup.",Consult if symptoms last more than a week or if you develop a high fever.
"i have rapid breathing, coughing episodes, wheezing, shortness of breath",Asthma,A condition in which your airways narrow and swell and may produce extra mucus.,"Avoid triggers (smoke, strong odors), carry an inhaler always.","Bronchodilators (Albuterol inhaler), Inhaled corticosteroids.",Immediate emergency care required for severe shortness of breath or if an inhaler doesn't help.
"feeling pain behind eyes, joint pain, muscle pain, high fever, severe headache, fatigue",Dengue Fever,A mosquito-borne viral disease occurring in tropical and subtropical areas.,"Use mosquito nets, wear long sleeves, use repellents.",Paracetamol for fever. STRICTLY AVOID Aspirin or Ibuprofen.,Hospitalization may be required; consult immediately if experiencing severe abdominal pain or bleeding.
"experiencing mild fever, congestion, sneezing, sore throat",Common Cold,A common viral infection of the nose and throat.,"Rest, drink plenty of fluids, wash hands often.","Paracetamol, Ibuprofen, Decongestants, Cough syrup.",Consult if symptoms last more than a week or if you develop a high fever.
"suffering from wheezing, rapid breathing, coughing episodes, chest tightness, shortness of breath",Asthma,A condition in which your airways narrow and swell and may produce extra mucus.,"Avoid triggers (smoke, strong odors), carry an inhaler always.","Bronchodilators (Albuterol inhaler), Inhaled corticosteroids.",Immediate emergency care required for severe shortness of breath or if an inhaler doesn't help.
"feeling throbbing pain, nausea",Migraine,"A neurological condition that can cause multiple symptoms, frequently characterized by intense, debilitating headaches.","Rest in a quiet and dark room, avoid known triggers like caffeine or stress.","Ibuprofen, Triptans (prescription), Aspirin.",Consult a neurologist if migraines are frequent and severely disrupt daily life.
"suffering from stomach cramps, nausea, diarrhea",Gastroenteritis (Stomach Flu),"An intestinal infection marked by diarrhea, cramps, nausea, vomiting, and fever.","Stay hydrated, eat bland foods, wash hands thoroughly.","Oral rehydration salts (ORS), Loperamide (if advised).","Consult if you cannot keep liquids down for 24 hours, or if there is blood in stool."
"feeling sore throat, loss of smell, fatigue, fever, loss of taste, dry cough",COVID-19,A highly contagious respiratory illness caused by the SARS-CoV-2 virus.,"Isolate, wear a mask, monitor oxygen levels.","Paracetamol, Vitamin C, Zinc, prescribed antivirals if severe.",Seek immediate medical attention if oxygen drops below 94% or you have difficulty breathing.
"feeling vomiting, muscle aches",Gastroenteritis (Stomach Flu),"An intestinal infection marked by diarrhea, cramps, nausea, vomiting, and fever.","Stay hydrated, eat bland foods, wash hands thoroughly.","Oral rehydration salts (ORS), Loperamide (if advised).","Consult if you cannot keep liquids down for 24 hours, or if there is blood in stool."
"suffering from shortness of breath, fever, body aches, dry cough, loss of smell",COVID-19,A highly contagious respiratory illness caused by the SARS-CoV-2 virus.,"Isolate, wear a mask, monitor oxygen levels.","Paracetamol, Vitamin C, Zinc, prescribed antivirals if severe.",Seek immediate medical attention if oxygen drops below 94% or you have difficulty breathing.
"vomiting, nausea, weakness",Food Poisoning,Illness caused by eating contaminated food.,"Rest, stay hydrated with sips of water or clear broths.","Oral rehydration salts, Bismuth subsalicylate.","Consult a doctor if symptoms last more than a few days, or if you have a very high fever."
"sensitivity to sound, throbbing pain, sensitivity to light, vomiting, nausea",Migraine,"A neurological condition that can cause multiple symptoms, frequently characterized by intense, debilitating headaches.","Rest in a quiet and dark room, avoid known triggers like caffeine or stress.","Ibuprofen, Triptans (prescription), Aspirin.",Consult a neurologist if migraines are frequent and severely disrupt daily life.
"experiencing headache, loss of appetite",Typhoid,"A bacterial infection that can lead to a high fever, diarrhea, and vomiting.","Drink boiled or bottled water, avoid raw foods.","Antibiotics (prescription only), Paracetamol for fever.",Requires immediate medical consultation for a proper antibiotic course.
"suffering from headache, dry cough, sweats, chills",Influenza (Flu),A viral infection that attacks your respiratory system.,"Strict bed rest, isolate yourself, stay hydrated.","Oseltamivir (if prescribed early), Paracetamol for fever.",Consult a doctor immediately if you experience shortness of breath or persistent chest pain.
"i have nausea, stomach cramps",Gastroenteritis (Stomach Flu),"An intestinal infection marked by diarrhea, cramps, nausea, vomiting, and fever.","Stay hydrated, eat bland foods, wash hands thoroughly.","Oral rehydration salts (ORS), Loperamide (if advised).","Consult if you cannot keep liquids down for 24 hours, or if there is blood in stool."
"itchy eyes, itchy throat, runny nose, watery eyes",Allergic Rhinitis,"An allergic response causing itchy, watery eyes, sneezing, and other similar symptoms.","Avoid allergens (dust, pollen), keep indoors during high pollen seasons.","Antihistamines (Cetirizine, Loratadine), Nasal corticosteroids.",Consult an allergist if symptoms are severe and unresponsive to over-the-counter medicine.
"experiencing coughing episodes, wheezing, shortness of breath, chest tightness",Asthma,A condition in which your airways narrow and swell and may produce extra mucus.,"Avoid triggers (smoke, strong odors), carry an inhaler always.","Bronchodilators (Albuterol inhaler), Inhaled corticosteroids.",Immediate emergency care required for severe shortness of breath or if an inhaler doesn't help.
"experiencing diarrhea, low-grade fever, nausea, muscle aches",Gastroenteritis (Stomach Flu),"An intestinal infection marked by diarrhea, cramps, nausea, vomiting, and fever.","Stay hydrated, eat bland foods, wash hands thoroughly.","Oral rehydration salts (ORS), Loperamide (if advised).","Consult if you cannot keep liquids down for 24 hours, or if there is blood in stool."
"i have diarrhea, nausea",Food Poisoning,Illness caused by eating contaminated food.,"Rest, stay hydrated with sips of water or clear broths.","Oral rehydration salts, Bismuth subsalicylate.","Consult a doctor if symptoms last more than a few days, or if you have a very high fever."
"feeling severe headache, sensitivity to light",Migraine,"A neurological condition that can cause multiple symptoms, frequently characterized by intense, debilitating headaches.","Rest in a quiet and dark room, avoid known triggers like caffeine or stress.","Ibuprofen, Triptans (prescription), Aspirin.",Consult a neurologist if migraines are frequent and severely disrupt daily life.
"feeling low-grade fever, nausea, vomiting, stomach cramps",Gastroenteritis (Stomach Flu),"An intestinal infection marked by diarrhea, cramps, nausea, vomiting, and fever.","Stay hydrated, eat bland foods, wash hands thoroughly.","Oral rehydration salts (ORS), Loperamide (if advised).","Consult if you cannot keep liquids down for 24 hours, or if there is blood in stool."
"experiencing loss of appetite, prolonged high fever, weakness, rash, stomach pain",Typhoid,"A bacterial infection that can lead to a high fever, diarrhea, and vomiting.","Drink boiled or bottled water, avoid raw foods.","Antibiotics (prescription only), Paracetamol for fever.",Requires immediate medical consultation for a proper antibiotic course.
"feeling pain behind eyes, rash, joint pain",Dengue Fever,A mosquito-borne viral disease occurring in tropical and subtropical areas.,"Use mosquito nets, wear long sleeves, use repellents.",Paracetamol for fever. STRICTLY AVOID Aspirin or Ibuprofen.,Hospitalization may be required; consult immediately if experiencing severe abdominal pain or bleeding.
"i have mild fever, sneezing, cough, sore throat, runny nose",Common Cold,A common viral infection of the nose and throat.,"Rest, drink plenty of fluids, wash hands often.","Paracetamol, Ibuprofen, Decongestants, Cough syrup.",Consult if symptoms last more than a week or if you develop a high fever.
"experiencing stomach pain, prolonged high fever",Typhoid,"A bacterial infection that can lead to a high fever, diarrhea, and vomiting.","Drink boiled or bottled water, avoid raw foods.","Antibiotics (prescription only), Paracetamol for fever.",Requires immediate medical consultation for a proper antibiotic course.
"nausea, sensitivity to sound, severe headache, sensitivity to light",Migraine,"A neurological condition that can cause multiple symptoms, frequently characterized by intense, debilitating headaches.","Rest in a quiet and dark room, avoid known triggers like caffeine or stress.","Ibuprofen, Triptans (prescription), Aspirin.",Consult a neurologist if migraines are frequent and severely disrupt daily life.
"suffering from throbbing pain, sensitivity to light, severe headache",Migraine,"A neurological condition that can cause multiple symptoms, frequently characterized by intense, debilitating headaches.","Rest in a quiet and dark room, avoid known triggers like caffeine or stress.","Ibuprofen, Triptans (prescription), Aspirin.",Consult a neurologist if migraines are frequent and severely disrupt daily life.
"i have runny nose, sneezing, itchy throat, watery eyes, itchy eyes, nasal congestion",Allergic Rhinitis,"An allergic response causing itchy, watery eyes, sneezing, and other similar symptoms.","Avoid allergens (dust, pollen), keep indoors during high pollen seasons.","Antihistamines (Cetirizine, Loratadine), Nasal corticosteroids.",Consult an allergist if symptoms are severe and unresponsive to over-the-counter medicine.
"i have high fever, fatigue, joint pain, severe headache",Dengue Fever,A mosquito-borne viral disease occurring in tropical and subtropical areas.,"Use mosquito nets, wear long sleeves, use repellents.",Paracetamol for fever. STRICTLY AVOID Aspirin or Ibuprofen.,Hospitalization may be required; consult immediately if experiencing severe abdominal pain or bleeding.
"stomach cramps, nausea, muscle aches",Gastroenteritis (Stomach Flu),"An intestinal infection marked by diarrhea, cramps, nausea, vomiting, and fever.","Stay hydrated, eat bland foods, wash hands thoroughly.","Oral rehydration salts (ORS), Loperamide (if advised).","Consult if you cannot keep liquids down for 24 hours, or if there is blood in stool."
"severe headache, sensitivity to sound, sensitivity to light, vomiting",Migraine,"A neurological condition that can cause multiple symptoms, frequently characterized by intense, debilitating headaches.","Rest in a quiet and dark room, avoid known triggers like caffeine or stress.","Ibuprofen, Triptans (prescription), Aspirin.",Consult a neurologist if migraines are frequent and severely disrupt daily life.
"suffering from weakness, prolonged high fever, headache, loss of appetite, stomach pain",Typhoid,"A bacterial infection that can lead to a high fever, diarrhea, and vomiting.","Drink boiled or bottled water, avoid raw foods.","Antibiotics (prescription only), Paracetamol for fever.",Requires immediate medical consultation for a proper antibiotic course.
"feeling sore throat, congestion",Common Cold,A common viral infection of the nose and throat.,"Rest, drink plenty of fluids, wash hands often.","Paracetamol, Ibuprofen, Decongestants, Cough syrup.",Consult if symptoms last more than a week or if you develop a high fever.
"feeling dry cough, headache, chills, high fever, fatigue",Influenza (Flu),A viral infection that attacks your respiratory system.,"Strict bed rest, isolate yourself, stay hydrated.","Oseltamivir (if prescribed early), Paracetamol for fever.",Consult a doctor immediately if you experience shortness of breath or persistent chest pain.
"severe headache, pain behind eyes, rash, muscle pain, fatigue",Dengue Fever,A mosquito-borne viral disease occurring in tropical and subtropical areas.,"Use mosquito nets, wear long sleeves, use repellents.",Paracetamol for fever. STRICTLY AVOID Aspirin or Ibuprofen.,Hospitalization may be required; consult immediately if experiencing severe abdominal pain or bleeding.
"suffering from dry cough, chills, sweats, fatigue, high fever",Influenza (Flu),A viral infection that attacks your respiratory system.,"Strict bed rest, isolate yourself, stay hydrated.","Oseltamivir (if prescribed early), Paracetamol for fever.",Consult a doctor immediately if you experience shortness of breath or persistent chest pain.
"weakness, abdominal cramps, fever, vomiting, nausea, diarrhea",Food Poisoning,Illness caused by eating contaminated food.,"Rest, stay hydrated with sips of water or clear broths.","Oral rehydration salts, Bismuth subsalicylate.","Consult a doctor if symptoms last more than a few days, or if you have a very high fever."
"i have severe headache, muscle pain, rash, high fever",Dengue Fever,A mosquito-borne viral disease occurring in tropical and subtropical areas.,"Use mosquito nets, wear long sleeves, use repellents.",Paracetamol for fever. STRICTLY AVOID Aspirin or Ibuprofen.,Hospitalization may be required; consult immediately if experiencing severe abdominal pain or bleeding.
"feeling itchy eyes, watery eyes",Allergic Rhinitis,"An allergic response causing itchy, watery eyes, sneezing, and other similar symptoms.","Avoid allergens (dust, pollen), keep indoors during high pollen seasons.","Antihistamines (Cetirizine, Loratadine), Nasal corticosteroids.",Consult an allergist if symptoms are severe and unresponsive to over-the-counter medicine.
"diarrhea, vomiting, abdominal cramps",Food Poisoning,Illness caused by eating contaminated food.,"Rest, stay hydrated with sips of water or clear broths.","Oral rehydration salts, Bismuth subsalicylate.","Consult a doctor if symptoms last more than a few days, or if you have a very high fever."
"suffering from loss of appetite, stomach pain, weakness, rash",Typhoid,"A bacterial infection that can lead to a high fever, diarrhea, and vomiting.","Drink boiled or bottled water, avoid raw foods.","Antibiotics (prescription only), Paracetamol for fever.",Requires immediate medical consultation for a proper antibiotic course.
"wheezing, shortness of breath",Asthma,A condition in which your airways narrow and swell and may produce extra mucus.,"Avoid triggers (smoke, strong odors), carry an inhaler always.","Bronchodilators (Albuterol inhaler), Inhaled corticosteroids.",Immediate emergency care required for severe shortness of breath or if an inhaler doesn't help.
"experiencing joint pain, pain behind eyes, severe headache, high fever, muscle pain, fatigue, rash",Dengue Fever,A mosquito-borne viral disease occurring in tropical and subtropical areas.,"Use mosquito nets, wear long sleeves, use repellents.",Paracetamol for fever. STRICTLY AVOID Aspirin or Ibuprofen.,Hospitalization may be required; consult immediately if experiencing severe abdominal pain or bleeding.
"suffering from headache, rash, loss of appetite, prolonged high fever, stomach pain, weakness",Typhoid,"A bacterial infection that can lead to a high fever, diarrhea, and vomiting.","Drink boiled or bottled water, avoid raw foods.","Antibiotics (prescription only), Paracetamol for fever.",Requires immediate medical consultation for a proper antibiotic course.
"i have fatigue, severe headache, joint pain, high fever, pain behind eyes, rash, muscle pain",Dengue Fever,A mosquito-borne viral disease occurring in tropical and subtropical areas.,"Use mosquito nets, wear long sleeves, use repellents.",Paracetamol for fever. STRICTLY AVOID Aspirin or Ibuprofen.,Hospitalization may be required; consult immediately if experiencing severe abdominal pain or bleeding.
"feeling fever, vomiting, abdominal cramps, nausea, weakness, diarrhea",Food Poisoning,Illness caused by eating contaminated food.,"Rest, stay hydrated with sips of water or clear broths.","Oral rehydration salts, Bismuth subsalicylate.","Consult a doctor if symptoms last more than a few days, or if you have a very high fever."
"experiencing watery eyes, sneezing, nasal congestion, runny nose",Allergic Rhinitis,"An allergic response causing itchy, watery eyes, sneezing, and other similar symptoms.","Avoid allergens (dust, pollen), keep indoors during high pollen seasons.","Antihistamines (Cetirizine, Loratadine), Nasal corticosteroids.",Consult an allergist if symptoms are severe and unresponsive to over-the-counter medicine.
"i have nausea, low-grade fever, diarrhea",Gastroenteritis (Stomach Flu),"An intestinal infection marked by diarrhea, cramps, nausea, vomiting, and fever.","Stay hydrated, eat bland foods, wash hands thoroughly.","Oral rehydration salts (ORS), Loperamide (if advised).","Consult if you cannot keep liquids down for 24 hours, or if there is blood in stool."
"loss of appetite, rash",Typhoid,"A bacterial infection that can lead to a high fever, diarrhea, and vomiting.","Drink boiled or bottled water, avoid raw foods.","Antibiotics (prescription only), Paracetamol for fever.",Requires immediate medical consultation for a proper antibiotic course.
"experiencing coughing episodes, wheezing",Asthma,A condition in which your airways narrow and swell and may produce extra mucus.,"Avoid triggers (smoke, strong odors), carry an inhaler always.","Bronchodilators (Albuterol inhaler), Inhaled corticosteroids.",Immediate emergency care required for severe shortness of breath or if an inhaler doesn't help.
"suffering from sensitivity to light, vomiting, throbbing pain, severe headache, sensitivity to sound, nausea",Migraine,"A neurological condition that can cause multiple symptoms, frequently characterized by intense, debilitating headaches.","Rest in a quiet and dark room, avoid known triggers like caffeine or stress.","Ibuprofen, Triptans (prescription), Aspirin.",Consult a neurologist if migraines are frequent and severely disrupt daily life.
"suffering from coughing episodes, chest tightness",Asthma,A condition in which your airways narrow and swell and may produce extra mucus.,"Avoid triggers (smoke, strong odors), carry an inhaler always.","Bronchodilators (Albuterol inhaler), Inhaled corticosteroids.",Immediate emergency care required for severe shortness of breath or if an inhaler doesn't help.
"suffering from watery eyes, runny nose, itchy eyes",Allergic Rhinitis,"An allergic response causing itchy, watery eyes, sneezing, and other similar symptoms.","Avoid allergens (dust, pollen), keep indoors during high pollen seasons.","Antihistamines (Cetirizine, Loratadine), Nasal corticosteroids.",Consult an allergist if symptoms are severe and unresponsive to over-the-counter medicine.
"feeling stomach cramps, muscle aches, low-grade fever",Gastroenteritis (Stomach Flu),"An intestinal infection marked by diarrhea, cramps, nausea, vomiting, and fever.","Stay hydrated, eat bland foods, wash hands thoroughly.","Oral rehydration salts (ORS), Loperamide (if advised).","Consult if you cannot keep liquids down for 24 hours, or if there is blood in stool."
"experiencing fever, diarrhea, vomiting, nausea",Food Poisoning,Illness caused by eating contaminated food.,"Rest, stay hydrated with sips of water or clear broths.","Oral rehydration salts, Bismuth subsalicylate.","Consult a doctor if symptoms last more than a few days, or if you have a very high fever."
"suffering from itchy eyes, runny nose",Allergic Rhinitis,"An allergic response causing itchy, watery eyes, sneezing, and other similar symptoms.","Avoid allergens (dust, pollen), keep indoors during high pollen seasons.","Antihistamines (Cetirizine, Loratadine), Nasal corticosteroids.",Consult an allergist if symptoms are severe and unresponsive to over-the-counter medicine.
"suffering from rapid breathing, wheezing, coughing episodes, shortness of breath, chest tightness",Asthma,A condition in which your airways narrow and swell and may produce extra mucus.,"Avoid triggers (smoke, strong odors), carry an inhaler always.","Bronchodilators (Albuterol inhaler), Inhaled corticosteroids.",Immediate emergency care required for severe shortness of breath or if an inhaler doesn't help.
"experiencing chest tightness, rapid breathing, coughing episodes, shortness of breath",Asthma,A condition in which your airways narrow and swell and may produce extra mucus.,"Avoid triggers (smoke, strong odors), carry an inhaler always.","Bronchodilators (Albuterol inhaler), Inhaled corticosteroids.",Immediate emergency care required for severe shortness of breath or if an inhaler doesn't help.
"i have vomiting, weakness, nausea, diarrhea, abdominal cramps",Food Poisoning,Illness caused by eating contaminated food.,"Rest, stay hydrated with sips of water or clear broths.","Oral rehydration salts, Bismuth subsalicylate.","Consult a doctor if symptoms last more than a few days, or if you have a very high fever."
"i have severe headache, nausea",Migraine,"A neurological condition that can cause multiple symptoms, frequently characterized by intense, debilitating headaches.","Rest in a quiet and dark room, avoid known triggers like caffeine or stress.","Ibuprofen, Triptans (prescription), Aspirin.",Consult a neurologist if migraines are frequent and severely disrupt daily life.
"feeling abdominal cramps, weakness, nausea, vomiting",Food Poisoning,Illness caused by eating contaminated food.,"Rest, stay hydrated with sips of water or clear broths.","Oral rehydration salts, Bismuth subsalicylate.","Consult a doctor if symptoms last more than a few days, or if you have a very high fever."
"suffering from fatigue, loss of smell",COVID-19,A highly contagious respiratory illness caused by the SARS-CoV-2 virus.,"Isolate, wear a mask, monitor oxygen levels.","Paracetamol, Vitamin C, Zinc, prescribed antivirals if severe.",Seek immediate medical attention if oxygen drops below 94% or you have difficulty breathing.
"i have loss of taste, shortness of breath, dry cough",COVID-19,A highly contagious respiratory illness caused by the SARS-CoV-2 virus.,"Isolate, wear a mask, monitor oxygen levels.","Paracetamol, Vitamin C, Zinc, prescribed antivirals if severe.",Seek immediate medical attention if oxygen drops below 94% or you have difficulty breathing.
"vomiting, low-grade fever, nausea, stomach cramps",Gastroenteritis (Stomach Flu),"An intestinal infection marked by diarrhea, cramps, nausea, vomiting, and fever.","Stay hydrated, eat bland foods, wash hands thoroughly.","Oral rehydration salts (ORS), Loperamide (if advised).","Consult if you cannot keep liquids down for 24 hours, or if there is blood in stool."
"feeling nasal congestion, itchy eyes",Allergic Rhinitis,"An allergic response causing itchy, watery eyes, sneezing, and other similar symptoms.","Avoid allergens (dust, pollen), keep indoors during high pollen seasons.","Antihistamines (Cetirizine, Loratadine), Nasal corticosteroids.",Consult an allergist if symptoms are severe and unresponsive to over-the-counter medicine.
"nausea, throbbing pain, vomiting, severe headache, sensitivity to light, sensitivity to sound",Migraine,"A neurological condition that can cause multiple symptoms, frequently characterized by intense, debilitating headaches.","Rest in a quiet and dark room, avoid known triggers like caffeine or stress.","Ibuprofen, Triptans (prescription), Aspirin.",Consult a neurologist if migraines are frequent and severely disrupt daily life.
"experiencing rapid breathing, wheezing",Asthma,A condition in which your airways narrow and swell and may produce extra mucus.,"Avoid triggers (smoke, strong odors), carry an inhaler always.","Bronchodilators (Albuterol inhaler), Inhaled corticosteroids.",Immediate emergency care required for severe shortness of breath or if an inhaler doesn't help.
"i have chest tightness, shortness of breath",Asthma,A condition in which your airways narrow and swell and may produce extra mucus.,"Avoid triggers (smoke, strong odors), carry an inhaler always.","Bronchodilators (Albuterol inhaler), Inhaled corticosteroids.",Immediate emergency care required for severe shortness of breath or if an inhaler doesn't help.
"i have rapid breathing, shortness of breath",Asthma,A condition in which your airways narrow and swell and may produce extra mucus.,"Avoid triggers (smoke, strong odors), carry an inhaler always.","Bronchodilators (Albuterol inhaler), Inhaled corticosteroids.",Immediate emergency care required for severe shortness of breath or if an inhaler doesn't help.
"i have coughing episodes, rapid breathing, wheezing",Asthma,A condition in which your airways narrow and swell and may produce extra mucus.,"Avoid triggers (smoke, strong odors), carry an inhaler always.","Bronchodilators (Albuterol inhaler), Inhaled corticosteroids.",Immediate emergency care required for severe shortness of breath or if an inhaler doesn't help.
"muscle aches, low-grade fever",Gastroenteritis (Stomach Flu),"An intestinal infection marked by diarrhea, cramps, nausea, vomiting, and fever.","Stay hydrated, eat bland foods, wash hands thoroughly.","Oral rehydration salts (ORS), Loperamide (if advised).","Consult if you cannot keep liquids down for 24 hours, or if there is blood in stool."
"rapid breathing, shortness of breath, wheezing",Asthma,A condition in which your airways narrow and swell and may produce extra mucus.,"Avoid triggers (smoke, strong odors), carry an inhaler always.","Bronchodilators (Albuterol inhaler), Inhaled corticosteroids.",Immediate emergency care required for severe shortness of breath or if an inhaler doesn't help.
"dry cough, shortness of breath, loss of taste, loss of smell",COVID-19,A highly contagious respiratory illness caused by the SARS-CoV-2 virus.,"Isolate, wear a mask, monitor oxygen levels.","Paracetamol, Vitamin C, Zinc, prescribed antivirals if severe.",Seek immediate medical attention if oxygen drops below 94% or you have difficulty breathing.
"feeling fever, abdominal cramps, diarrhea",Food Poisoning,Illness caused by eating contaminated food.,"Rest, stay hydrated with sips of water or clear broths.","Oral rehydration salts, Bismuth subsalicylate.","Consult a doctor if symptoms last more than a few days, or if you have a very high fever."
"suffering from sore throat, congestion, runny nose, mild fever",Common Cold,A common viral infection of the nose and throat.,"Rest, drink plenty of fluids, wash hands often.","Paracetamol, Ibuprofen, Decongestants, Cough syrup.",Consult if symptoms last more than a week or if you develop a high fever.
"stomach pain, headache, weakness, prolonged high fever, rash",Typhoid,"A bacterial infection that can lead to a high fever, diarrhea, and vomiting.","Drink boiled or bottled water, avoid raw foods.","Antibiotics (prescription only), Paracetamol for fever.",Requires immediate medical consultation for a proper antibiotic course.
"experiencing itchy eyes, itchy throat",Allergic Rhinitis,"An allergic response causing itchy, watery eyes, sneezing, and other similar symptoms.","Avoid allergens (dust, pollen), keep indoors during high pollen seasons.","Antihistamines (Cetirizine, Loratadine), Nasal corticosteroids.",Consult an allergist if symptoms are severe and unresponsive to over-the-counter medicine.
"suffering from weakness, stomach pain, headache, loss of appetite",Typhoid,"A bacterial infection that can lead to a high fever, diarrhea, and vomiting.","Drink boiled or bottled water, avoid raw foods.","Antibiotics (prescription only), Paracetamol for fever.",Requires immediate medical consultation for a proper antibiotic course.
"feeling high fever, pain behind eyes, joint pain, severe headache, muscle pain",Dengue Fever,A mosquito-borne viral disease occurring in tropical and subtropical areas.,"Use mosquito nets, wear long sleeves, use repellents.",Paracetamol for fever. STRICTLY AVOID Aspirin or Ibuprofen.,Hospitalization may be required; consult immediately if experiencing severe abdominal pain or bleeding.
"feeling sore throat, mild fever, congestion, cough",Common Cold,A common viral infection of the nose and throat.,"Rest, drink plenty of fluids, wash hands often.","Paracetamol, Ibuprofen, Decongestants, Cough syrup.",Consult if symptoms last more than a week or if you develop a high fever.
"experiencing high fever, sweats, fatigue",Influenza (Flu),A viral infection that attacks your respiratory system.,"Strict bed rest, isolate yourself, stay hydrated.","Oseltamivir (if prescribed early), Paracetamol for fever.",Consult a doctor immediately if you experience shortness of breath or persistent chest pain.
"i have wheezing, rapid breathing",Asthma,A condition in which your airways narrow and swell and may produce extra mucus.,"Avoid triggers (smoke, strong odors), carry an inhaler always.","Bronchodilators (Albuterol inhaler), Inhaled corticosteroids.",Immediate emergency care required for severe shortness of breath or if an inhaler doesn't help.
"feeling vomiting, abdominal cramps, weakness, diarrhea, fever",Food Poisoning,Illness caused by eating contaminated food.,"Rest, stay hydrated with sips of water or clear broths.","Oral rehydration salts, Bismuth subsalicylate.","Consult a doctor if symptoms last more than a few days, or if you have a very high fever."
"suffering from sneezing, itchy eyes, runny nose, itchy throat",Allergic Rhinitis,"An allergic response causing itchy, watery eyes, sneezing, and other similar symptoms.","Avoid allergens (dust, pollen), keep indoors during high pollen seasons.","Antihistamines (Cetirizine, Loratadine), Nasal corticosteroids.",Consult an allergist if symptoms are severe and unresponsive to over-the-counter medicine.
"diarrhea, vomiting",Food Poisoning,Illness caused by eating contaminated food.,"Rest, stay hydrated with sips of water or clear broths.","Oral rehydration salts, Bismuth subsalicylate.","Consult a doctor if symptoms last more than a few days, or if you have a very high fever."
"experiencing nausea, severe headache, throbbing pain, sensitivity to light, sensitivity to sound",Migraine,"A neurological condition that can cause multiple symptoms, frequently characterized by intense, debilitating headaches.","Rest in a quiet and dark room, avoid known triggers like caffeine or stress.","Ibuprofen, Triptans (prescription), Aspirin.",Consult a neurologist if migraines are frequent and severely disrupt daily life.
"suffering from vomiting, sensitivity to sound, throbbing pain, severe headache, sensitivity to light",Migraine,"A neurological condition that can cause multiple symptoms, frequently characterized by intense, debilitating headaches.","Rest in a quiet and dark room, avoid known triggers like caffeine or stress.","Ibuprofen, Triptans (prescription), Aspirin.",Consult a neurologist if migraines are frequent and severely disrupt daily life.
"feeling nausea, fever",Food Poisoning,Illness caused by eating contaminated food.,"Rest, stay hydrated with sips of water or clear broths.","Oral rehydration salts, Bismuth subsalicylate.","Consult a doctor if symptoms last more than a few days, or if you have a very high fever."
"i have shortness of breath, rapid breathing, chest tightness",Asthma,A condition in which your airways narrow and swell and may produce extra mucus.,"Avoid triggers (smoke, strong odors), carry an inhaler always.","Bronchodilators (Albuterol inhaler), Inhaled corticosteroids.",Immediate emergency care required for severe shortness of breath or if an inhaler doesn't help.
"experiencing muscle aches, vomiting, nausea, low-grade fever, stomach cramps",Gastroenteritis (Stomach Flu),"An intestinal infection marked by diarrhea, cramps, nausea, vomiting, and fever.","Stay hydrated, eat bland foods, wash hands thoroughly.","Oral rehydration salts (ORS), Loperamide (if advised).","Consult if you cannot keep liquids down for 24 hours, or if there is blood in stool."
"feeling mild fever, congestion, sneezing, cough",Common Cold,A common viral infection of the nose and throat.,"Rest, drink plenty of fluids, wash hands often.","Paracetamol, Ibuprofen, Decongestants, Cough syrup.",Consult if symptoms last more than a week or if you develop a high fever.
"feeling vomiting, sensitivity to light, severe headache, sensitivity to sound, throbbing pain",Migraine,"A neurological condition that can cause multiple symptoms, frequently characterized by intense, debilitating headaches.","Rest in a quiet and dark room, avoid known triggers like caffeine or stress.","Ibuprofen, Triptans (prescription), Aspirin.",Consult a neurologist if migraines are frequent and severely disrupt daily life.
"feeling sore throat, mild fever, cough, sneezing",Common Cold,A common viral infection of the nose and throat.,"Rest, drink plenty of fluids, wash hands often.","Paracetamol, Ibuprofen, Decongestants, Cough syrup.",Consult if symptoms last more than a week or if you develop a high fever.
"weakness, loss of appetite, rash, headache, stomach pain, prolonged high fever",Typhoid,"A bacterial infection that can lead to a high fever, diarrhea, and vomiting.","Drink boiled or bottled water, avoid raw foods.","Antibiotics (prescription only), Paracetamol for fever.",Requires immediate medical consultation for a proper antibiotic course.
"stomach cramps, nausea, low-grade fever, vomiting, diarrhea",Gastroenteritis (Stomach Flu),"An intestinal infection marked by diarrhea, cramps, nausea, vomiting, and fever.","Stay hydrated, eat bland foods, wash hands thoroughly.","Oral rehydration salts (ORS), Loperamide (if advised).","Consult if you cannot keep liquids down for 24 hours, or if there is blood in stool."
"suffering from rash, stomach pain, weakness, headache",Typhoid,"A bacterial infection that can lead to a high fever, diarrhea, and vomiting.","Drink boiled or bottled water, avoid raw foods.","Antibiotics (prescription only), Paracetamol for fever.",Requires immediate medical consultation for a proper antibiotic course.
"suffering from nausea, fever",Food Poisoning,Illness caused by eating contaminated food.,"Rest, stay hydrated with sips of water or clear broths.","Oral rehydration salts, Bismuth subsalicylate.","Consult a doctor if symptoms last more than a few days, or if you have a very high fever."
"feeling cough, sore throat, runny nose, congestion, sneezing",Common Cold,A common viral infection of the nose and throat.,"Rest, drink plenty of fluids, wash hands often.","Paracetamol, Ibuprofen, Decongestants, Cough syrup.",Consult if symptoms last more than a week or if you develop a high fever.
"feeling fatigue, loss of smell, dry cough, fever, sore throat, loss of taste, shortness of breath, body aches",COVID-19,A highly contagious respiratory illness caused by the SARS-CoV-2 virus.,"Isolate, wear a mask, monitor oxygen levels.","Paracetamol, Vitamin C, Zinc, prescribed antivirals if severe.",Seek immediate medical attention if oxygen drops below 94% or you have difficulty breathing.
"suffering from fatigue, fever, sore throat, loss of taste, dry cough, shortness of breath",COVID-19,A highly contagious respiratory illness caused by the SARS-CoV-2 virus.,"Isolate, wear a mask, monitor oxygen levels.","Paracetamol, Vitamin C, Zinc, prescribed antivirals if severe.",Seek immediate medical attention if oxygen drops below 94% or you have difficulty breathing.
"i have muscle pain, fatigue, rash, high fever, pain behind eyes, joint pain, severe headache",Dengue Fever,A mosquito-borne viral disease occurring in tropical and subtropical areas.,"Use mosquito nets, wear long sleeves, use repellents.",Paracetamol for fever. STRICTLY AVOID Aspirin or Ibuprofen.,Hospitalization may be required; consult immediately if experiencing severe abdominal pain or bleeding.
"i have sensitivity to light, nausea, throbbing pain, vomiting, sensitivity to sound",Migraine,"A neurological condition that can cause multiple symptoms, frequently characterized by intense, debilitating headaches.","Rest in a quiet and dark room, avoid known triggers like caffeine or stress.","Ibuprofen, Triptans (prescription), Aspirin.",Consult a neurologist if migraines are frequent and severely disrupt daily life.
"nasal congestion, sneezing",Allergic Rhinitis,"An allergic response causing itchy, watery eyes, sneezing, and other similar symptoms.","Avoid allergens (dust, pollen), keep indoors during high pollen seasons.","Antihistamines (Cetirizine, Loratadine), Nasal corticosteroids.",Consult an allergist if symptoms are severe and unresponsive to over-the-counter medicine.
"i have vomiting, fever",Food Poisoning,Illness caused by eating contaminated food.,"Rest, stay hydrated with sips of water or clear broths.","Oral rehydration salts, Bismuth subsalicylate.","Consult a doctor if symptoms last more than a few days, or if you have a very high fever."
"suffering from itchy throat, runny nose, watery eyes, sneezing, itchy eyes",Allergic Rhinitis,"An allergic response causing itchy, watery eyes, sneezing, and other similar symptoms.","Avoid allergens (dust, pollen), keep indoors during high pollen seasons.","Antihistamines (Cetirizine, Loratadine), Nasal corticosteroids.",Consult an allergist if symptoms are severe and unresponsive to over-the-counter medicine.
"feeling sweats, muscle aches, dry cough, chills",Influenza (Flu),A viral infection that attacks your respiratory system.,"Strict bed rest, isolate yourself, stay hydrated.","Oseltamivir (if prescribed early), Paracetamol for fever.",Consult a doctor immediately if you experience shortness of breath or persistent chest pain.
"experiencing runny nose, itchy throat",Allergic Rhinitis,"An allergic response causing itchy, watery eyes, sneezing, and other similar symptoms.","Avoid allergens (dust, pollen), keep indoors during high pollen seasons.","Antihistamines (Cetirizine, Loratadine), Nasal corticosteroids.",Consult an allergist if symptoms are severe and unresponsive to over-the-counter medicine.
"experiencing weakness, headache, rash, loss of appetite, prolonged high fever",Typhoid,"A bacterial infection that can lead to a high fever, diarrhea, and vomiting.","Drink boiled or bottled water, avoid raw foods.","Antibiotics (prescription only), Paracetamol for fever.",Requires immediate medical consultation for a proper antibiotic course.
"i have wheezing, chest tightness",Asthma,A condition in which your airways narrow and swell and may produce extra mucus.,"Avoid triggers (smoke, strong odors), carry an inhaler always.","Bronchodilators (Albuterol inhaler), Inhaled corticosteroids.",Immediate emergency care required for severe shortness of breath or if an inhaler doesn't help.
"fever, vomiting, weakness",Food Poisoning,Illness caused by eating contaminated food.,"Rest, stay hydrated with sips of water or clear broths.","Oral rehydration salts, Bismuth subsalicylate.","Consult a doctor if symptoms last more than a few days, or if you have a very high fever."
"experiencing vomiting, nausea, diarrhea, muscle aches",Gastroenteritis (Stomach Flu),"An intestinal infection marked by diarrhea, cramps, nausea, vomiting, and fever.","Stay hydrated, eat bland foods, wash hands thoroughly.","Oral rehydration salts (ORS), Loperamide (if advised).","Consult if you cannot keep liquids down for 24 hours, or if there is blood in stool."
"feeling rapid breathing, coughing episodes, wheezing",Asthma,A condition in which your airways narrow and swell and may produce extra mucus.,"Avoid triggers (smoke, strong odors), carry an inhaler always.","Bronchodilators (Albuterol inhaler), Inhaled corticosteroids.",Immediate emergency care required for severe shortness of breath or if an inhaler doesn't help.
"experiencing congestion, sore throat, mild fever, sneezing",Common Cold,A common viral infection of the nose and throat.,"Rest, drink plenty of fluids, wash hands often.","Paracetamol, Ibuprofen, Decongestants, Cough syrup.",Consult if symptoms last more than a week or if you develop a high fever.
"experiencing fever, nausea, vomiting, diarrhea, weakness",Food Poisoning,Illness caused by eating contaminated food.,"Rest, stay hydrated with sips of water or clear broths.","Oral rehydration salts, Bismuth subsalicylate.","Consult a doctor if symptoms last more than a few days, or if you have a very high fever."
"shortness of breath, body aches, loss of smell, fatigue",COVID-19,A highly contagious respiratory illness caused by the SARS-CoV-2 virus.,"Isolate, wear a mask, monitor oxygen levels.","Paracetamol, Vitamin C, Zinc, prescribed antivirals if severe.",Seek immediate medical attention if oxygen drops below 94% or you have difficulty breathing.
"body aches, loss of smell, shortness of breath, loss of taste, sore throat, fatigue, fever, dry cough",COVID-19,A highly contagious respiratory illness caused by the SARS-CoV-2 virus.,"Isolate, wear a mask, monitor oxygen levels.","Paracetamol, Vitamin C, Zinc, prescribed antivirals if severe.",Seek immediate medical attention if oxygen drops below 94% or you have difficulty breathing.
"feeling headache, chills, high fever, sweats, fatigue, muscle aches",Influenza (Flu),A viral infection that attacks your respiratory system.,"Strict bed rest, isolate yourself, stay hydrated.","Oseltamivir (if prescribed early), Paracetamol for fever.",Consult a doctor immediately if you experience shortness of breath or persistent chest pain.
"feeling sneezing, itchy eyes, runny nose, nasal congestion, itchy throat",Allergic Rhinitis,"An allergic response causing itchy, watery eyes, sneezing, and other similar symptoms.","Avoid allergens (dust, pollen), keep indoors during high pollen seasons.","Antihistamines (Cetirizine, Loratadine), Nasal corticosteroids.",Consult an allergist if symptoms are severe and unresponsive to over-the-counter medicine.
"suffering from cough, congestion",Common Cold,A common viral infection of the nose and throat.,"Rest, drink plenty of fluids, wash hands often.","Paracetamol, Ibuprofen, Decongestants, Cough syrup.",Consult if symptoms last more than a week or if you develop a high fever.
"nausea, diarrhea",Gastroenteritis (Stomach Flu),"An intestinal infection marked by diarrhea, cramps, nausea, vomiting, and fever.","Stay hydrated, eat bland foods, wash hands thoroughly.","Oral rehydration salts (ORS), Loperamide (if advised).","Consult if you cannot keep liquids down for 24 hours, or if there is blood in stool."
"sore throat, sneezing",Common Cold,A common viral infection of the nose and throat.,"Rest, drink plenty of fluids, wash hands often.","Paracetamol, Ibuprofen, Decongestants, Cough syrup.",Consult if symptoms last more than a week or if you develop a high fever.
"i have loss of smell, body aches",COVID-19,A highly contagious respiratory illness caused by the SARS-CoV-2 virus.,"Isolate, wear a mask, monitor oxygen levels.","Paracetamol, Vitamin C, Zinc, prescribed antivirals if severe.",Seek immediate medical attention if oxygen drops below 94% or you have difficulty breathing.
"suffering from joint pain, severe headache, high fever",Dengue Fever,A mosquito-borne viral disease occurring in tropical and subtropical areas.,"Use mosquito nets, wear long sleeves, use repellents.",Paracetamol for fever. STRICTLY AVOID Aspirin or Ibuprofen.,Hospitalization may be required; consult immediately if experiencing severe abdominal pain or bleeding.
"feeling joint pain, fatigue, pain behind eyes, severe headache",Dengue Fever,A mosquito-borne viral disease occurring in tropical and subtropical areas.,"Use mosquito nets, wear long sleeves, use repellents.",Paracetamol for fever. STRICTLY AVOID Aspirin or Ibuprofen.,Hospitalization may be required; consult immediately if experiencing severe abdominal pain or bleeding.
"experiencing vomiting, diarrhea, muscle aches, nausea, stomach cramps",Gastroenteritis (Stomach Flu),"An intestinal infection marked by diarrhea, cramps, nausea, vomiting, and fever.","Stay hydrated, eat bland foods, wash hands thoroughly.","Oral rehydration salts (ORS), Loperamide (if advised).","Consult if you cannot keep liquids down for 24 hours, or if there is blood in stool."
"i have joint pain, high fever",Dengue Fever,A mosquito-borne viral disease occurring in tropical and subtropical areas.,"Use mosquito nets, wear long sleeves, use repellents.",Paracetamol for fever. STRICTLY AVOID Aspirin or Ibuprofen.,Hospitalization may be required; consult immediately if experiencing severe abdominal pain or bleeding.
"suffering from rash, loss of appetite, weakness, stomach pain, prolonged high fever, headache",Typhoid,"A bacterial infection that can lead to a high fever, diarrhea, and vomiting.","Drink boiled or bottled water, avoid raw foods.","Antibiotics (prescription only), Paracetamol for fever.",Requires immediate medical consultation for a proper antibiotic course.
"i have muscle aches, fatigue",Influenza (Flu),A viral infection that attacks your respiratory system.,"Strict bed rest, isolate yourself, stay hydrated.","Oseltamivir (if prescribed early), Paracetamol for fever.",Consult a doctor immediately if you experience shortness of breath or persistent chest pain.
"i have diarrhea, stomach cramps",Gastroenteritis (Stomach Flu),"An intestinal infection marked by diarrhea, cramps, nausea, vomiting, and fever.","Stay hydrated, eat bland foods, wash hands thoroughly.","Oral rehydration salts (ORS), Loperamide (if advised).","Consult if you cannot keep liquids down for 24 hours, or if there is blood in stool."
"i have high fever, dry cough, sweats, muscle aches, fatigue, headache",Influenza (Flu),A viral infection that attacks your respiratory system.,"Strict bed rest, isolate yourself, stay hydrated.","Oseltamivir (if prescribed early), Paracetamol for fever.",Consult a doctor immediately if you experience shortness of breath or persistent chest pain.
"i have itchy throat, watery eyes, runny nose, sneezing, itchy eyes",Allergic Rhinitis,"An allergic response causing itchy, watery eyes, sneezing, and other similar symptoms.","Avoid allergens (dust, pollen), keep indoors during high pollen seasons.","Antihistamines (Cetirizine, Loratadine), Nasal corticosteroids.",Consult an allergist if symptoms are severe and unresponsive to over-the-counter medicine.
"nausea, diarrhea, stomach cramps",Gastroenteritis (Stomach Flu),"An intestinal infection marked by diarrhea, cramps, nausea, vomiting, and fever.","Stay hydrated, eat bland foods, wash hands thoroughly.","Oral rehydration salts (ORS), Loperamide (if advised).","Consult if you cannot keep liquids down for 24 hours, or if there is blood in stool."
"i have fever, vomiting, weakness, nausea",Food Poisoning,Illness caused by eating contaminated food.,"Rest, stay hydrated with sips of water or clear broths.","Oral rehydration salts, Bismuth subsalicylate.","Consult a doctor if symptoms last more than a few days, or if you have a very high fever."
"suffering from diarrhea, weakness",Food Poisoning,Illness caused by eating contaminated food.,"Rest, stay hydrated with sips of water or clear broths.","Oral rehydration salts, Bismuth subsalicylate.","Consult a doctor if symptoms last more than a few days, or if you have a very high fever."
"i have coughing episodes, shortness of breath, chest tightness",Asthma,A condition in which your airways narrow and swell and may produce extra mucus.,"Avoid triggers (smoke, strong odors), carry an inhaler always.","Bronchodilators (Albuterol inhaler), Inhaled corticosteroids.",Immediate emergency care required for severe shortness of breath or if an inhaler doesn't help.
"suffering from mild fever, sore throat, sneezing, congestion, runny nose",Common Cold,A common viral infection of the nose and throat.,"Rest, drink plenty of fluids, wash hands often.","Paracetamol, Ibuprofen, Decongestants, Cough syrup.",Consult if symptoms last more than a week or if you develop a high fever.
"suffering from rapid breathing, coughing episodes, wheezing, shortness of breath",Asthma,A condition in which your airways narrow and swell and may produce extra mucus.,"Avoid triggers (smoke, strong odors), carry an inhaler always.","Bronchodilators (Albuterol inhaler), Inhaled corticosteroids.",Immediate emergency care required for severe shortness of breath or if an inhaler doesn't help.
"weakness, diarrhea, vomiting, nausea, abdominal cramps",Food Poisoning,Illness caused by eating contaminated food.,"Rest, stay hydrated with sips of water or clear broths.","Oral rehydration salts, Bismuth subsalicylate.","Consult a doctor if symptoms last more than a few days, or if you have a very high fever."
"suffering from nausea, vomiting, diarrhea, low-grade fever, stomach cramps, muscle aches",Gastroenteritis (Stomach Flu),"An intestinal infection marked by diarrhea, cramps, nausea, vomiting, and fever.","Stay hydrated, eat bland foods, wash hands thoroughly.","Oral rehydration salts (ORS), Loperamide (if advised).","Consult if you cannot keep liquids down for 24 hours, or if there is blood in stool."
"experiencing runny nose, itchy throat, sneezing",Allergic Rhinitis,"An allergic response causing itchy, watery eyes, sneezing, and other similar symptoms.","Avoid allergens (dust, pollen), keep indoors during high pollen seasons.","Antihistamines (Cetirizine, Loratadine), Nasal corticosteroids.",Consult an allergist if symptoms are severe and unresponsive to over-the-counter medicine.
"wheezing, chest tightness, coughing episodes",Asthma,A condition in which your airways narrow and swell and may produce extra mucus.,"Avoid triggers (smoke, strong odors), carry an inhaler always.","Bronchodilators (Albuterol inhaler), Inhaled corticosteroids.",Immediate emergency care required for severe shortness of breath or if an inhaler doesn't help.
"low-grade fever, diarrhea, nausea, stomach cramps, muscle aches",Gastroenteritis (Stomach Flu),"An intestinal infection marked by diarrhea, cramps, nausea, vomiting, and fever.","Stay hydrated, eat bland foods, wash hands thoroughly.","Oral rehydration salts (ORS), Loperamide (if advised).","Consult if you cannot keep liquids down for 24 hours, or if there is blood in stool."
"experiencing chest tightness, coughing episodes",Asthma,A condition in which your airways narrow and swell and may produce extra mucus.,"Avoid triggers (smoke, strong odors), carry an inhaler always.","Bronchodilators (Albuterol inhaler), Inhaled corticosteroids.",Immediate emergency care required for severe shortness of breath or if an inhaler doesn't help.
"fatigue, sweats, high fever",Influenza (Flu),A viral infection that attacks your respiratory system.,"Strict bed rest, isolate yourself, stay hydrated.","Oseltamivir (if prescribed early), Paracetamol for fever.",Consult a doctor immediately if you experience shortness of breath or persistent chest pain.
"feeling loss of taste, sore throat, shortness of breath, fatigue, body aches, fever",COVID-19,A highly contagious respiratory illness caused by the SARS-CoV-2 virus.,"Isolate, wear a mask, monitor oxygen levels.","Paracetamol, Vitamin C, Zinc, prescribed antivirals if severe.",Seek immediate medical attention if oxygen drops below 94% or you have difficulty breathing.
"feeling pain behind eyes, high fever, fatigue, severe headache",Dengue Fever,A mosquito-borne viral disease occurring in tropical and subtropical areas.,"Use mosquito nets, wear long sleeves, use repellents.",Paracetamol for fever. STRICTLY AVOID Aspirin or Ibuprofen.,Hospitalization may be required; consult immediately if experiencing severe abdominal pain or bleeding.
"experiencing pain behind eyes, severe headache, joint pain, high fever, rash",Dengue Fever,A mosquito-borne viral disease occurring in tropical and subtropical areas.,"Use mosquito nets, wear long sleeves, use repellents.",Paracetamol for fever. STRICTLY AVOID Aspirin or Ibuprofen.,Hospitalization may be required; consult immediately if experiencing severe abdominal pain or bleeding.
"i have itchy eyes, runny nose, nasal congestion, sneezing, itchy throat, watery eyes",Allergic Rhinitis,"An allergic response causing itchy, watery eyes, sneezing, and other similar symptoms.","Avoid allergens (dust, pollen), keep indoors during high pollen seasons.","Antihistamines (Cetirizine, Loratadine), Nasal corticosteroids.",Consult an allergist if symptoms are severe and unresponsive to over-the-counter medicine.
"experiencing throbbing pain, severe headache, nausea, sensitivity to sound",Migraine,"A neurological condition that can cause multiple symptoms, frequently characterized by intense, debilitating headaches.","Rest in a quiet and dark room, avoid known triggers like caffeine or stress.","Ibuprofen, Triptans (prescription), Aspirin.",Consult a neurologist if migraines are frequent and severely disrupt daily life.
"feeling fever, weakness, abdominal cramps",Food Poisoning,Illness caused by eating contaminated food.,"Rest, stay hydrated with sips of water or clear broths.","Oral rehydration salts, Bismuth subsalicylate.","Consult a doctor if symptoms last more than a few days, or if you have a very high fever."
"suffering from nasal congestion, runny nose, itchy throat, sneezing, watery eyes, itchy eyes",Allergic Rhinitis,"An allergic response causing itchy, watery eyes, sneezing, and other similar symptoms.","Avoid allergens (dust, pollen), keep indoors during high pollen seasons.","Antihistamines (Cetirizine, Loratadine), Nasal corticosteroids.",Consult an allergist if symptoms are severe and unresponsive to over-the-counter medicine.
"experiencing wheezing, shortness of breath, rapid breathing, coughing episodes",Asthma,A condition in which your airways narrow and swell and may produce extra mucus.,"Avoid triggers (smoke, strong odors), carry an inhaler always.","Bronchodilators (Albuterol inhaler), Inhaled corticosteroids.",Immediate emergency care required for severe shortness of breath or if an inhaler doesn't help.
"suffering from body aches, shortness of breath, loss of taste, sore throat, fever, dry cough, fatigue",COVID-19,A highly contagious respiratory illness caused by the SARS-CoV-2 virus.,"Isolate, wear a mask, monitor oxygen levels.","Paracetamol, Vitamin C, Zinc, prescribed antivirals if severe.",Seek immediate medical attention if oxygen drops below 94% or you have difficulty breathing.
"pain behind eyes, muscle pain",Dengue Fever,A mosquito-borne viral disease occurring in tropical and subtropical areas.,"Use mosquito nets, wear long sleeves, use repellents.",Paracetamol for fever. STRICTLY AVOID Aspirin or Ibuprofen.,Hospitalization may be required; consult immediately if experiencing severe abdominal pain or bleeding.
"feeling loss of appetite, rash, weakness, prolonged high fever",Typhoid,"A bacterial infection that can lead to a high fever, diarrhea, and vomiting.","Drink boiled or bottled water, avoid raw foods.","Antibiotics (prescription only), Paracetamol for fever.",Requires immediate medical consultation for a proper antibiotic course.
"feeling rapid breathing, coughing episodes, chest tightness, wheezing",Asthma,A condition in which your airways narrow and swell and may produce extra mucus.,"Avoid triggers (smoke, strong odors), carry an inhaler always.","Bronchodilators (Albuterol inhaler), Inhaled corticosteroids.",Immediate emergency care required for severe shortness of breath or if an inhaler doesn't help.
"feeling muscle aches, stomach cramps",Gastroenteritis (Stomach Flu),"An intestinal infection marked by diarrhea, cramps, nausea, vomiting, and fever.","Stay hydrated, eat bland foods, wash hands thoroughly.","Oral rehydration salts (ORS), Loperamide (if advised).","Consult if you cannot keep liquids down for 24 hours, or if there is blood in stool."
"suffering from fatigue, severe headache, muscle pain",Dengue Fever,A mosquito-borne viral disease occurring in tropical and subtropical areas.,"Use mosquito nets, wear long sleeves, use repellents.",Paracetamol for fever. STRICTLY AVOID Aspirin or Ibuprofen.,Hospitalization may be required; consult immediately if experiencing severe abdominal pain or bleeding.
"experiencing nasal congestion, itchy throat",Allergic Rhinitis,"An allergic response causing itchy, watery eyes, sneezing, and other similar symptoms.","Avoid allergens (dust, pollen), keep indoors during high pollen seasons.","Antihistamines (Cetirizine, Loratadine), Nasal corticosteroids.",Consult an allergist if symptoms are severe and unresponsive to over-the-counter medicine.
"suffering from rapid breathing, coughing episodes, shortness of breath, chest tightness, wheezing",Asthma,A condition in which your airways narrow and swell and may produce extra mucus.,"Avoid triggers (smoke, strong odors), carry an inhaler always.","Bronchodilators (Albuterol inhaler), Inhaled corticosteroids.",Immediate emergency care required for severe shortness of breath or if an inhaler doesn't help.
"experiencing wheezing, rapid breathing",Asthma,A condition in which your airways narrow and swell and may produce extra mucus.,"Avoid triggers (smoke, strong odors), carry an inhaler always.","Bronchodilators (Albuterol inhaler), Inhaled corticosteroids.",Immediate emergency care required for severe shortness of breath or if an inhaler doesn't help.
"i have shortness of breath, chest tightness",Asthma,A condition in which your airways narrow and swell and may produce extra mucus.,"Avoid triggers (smoke, strong odors), carry an inhaler always.","Bronchodilators (Albuterol inhaler), Inhaled corticosteroids.",Immediate emergency care required for severe shortness of breath or if an inhaler doesn't help.
"feeling high fever, muscle aches, chills, dry cough, sweats",Influenza (Flu),A viral infection that attacks your respiratory system.,"Strict bed rest, isolate yourself, stay hydrated.","Oseltamivir (if prescribed early), Paracetamol for fever.",Consult a doctor immediately if you experience shortness of breath or persistent chest pain.
"suffering from fatigue, joint pain, muscle pain, pain behind eyes, rash",Dengue Fever,A mosquito-borne viral disease occurring in tropical and subtropical areas.,"Use mosquito nets, wear long sleeves, use repellents.",Paracetamol for fever. STRICTLY AVOID Aspirin or Ibuprofen.,Hospitalization may be required; consult immediately if experiencing severe abdominal pain or bleeding.
"experiencing vomiting, nausea, stomach cramps, muscle aches",Gastroenteritis (Stomach Flu),"An intestinal infection marked by diarrhea, cramps, nausea, vomiting, and fever.","Stay hydrated, eat bland foods, wash hands thoroughly.","Oral rehydration salts (ORS), Loperamide (if advised).","Consult if you cannot keep liquids down for 24 hours, or if there is blood in stool."
"throbbing pain, severe headache, sensitivity to sound, sensitivity to light, vomiting",Migraine,"A neurological condition that can cause multiple symptoms, frequently characterized by intense, debilitating headaches.","Rest in a quiet and dark room, avoid known triggers like caffeine or stress.","Ibuprofen, Triptans (prescription), Aspirin.",Consult a neurologist if migraines are frequent and severely disrupt daily life.
"suffering from nasal congestion, watery eyes, itchy eyes, itchy throat, runny nose",Allergic Rhinitis,"An allergic response causing itchy, watery eyes, sneezing, and other similar symptoms.","Avoid allergens (dust, pollen), keep indoors during high pollen seasons.","Antihistamines (Cetirizine, Loratadine), Nasal corticosteroids.",Consult an allergist if symptoms are severe and unresponsive to over-the-counter medicine.
"experiencing coughing episodes, chest tightness, shortness of breath",Asthma,A condition in which your airways narrow and swell and may produce extra mucus.,"Avoid triggers (smoke, strong odors), carry an inhaler always.","Bronchodilators (Albuterol inhaler), Inhaled corticosteroids.",Immediate emergency care required for severe shortness of breath or if an inhaler doesn't help.
"congestion, sore throat, sneezing, runny nose",Common Cold,A common viral infection of the nose and throat.,"Rest, drink plenty of fluids, wash hands often.","Paracetamol, Ibuprofen, Decongestants, Cough syrup.",Consult if symptoms last more than a week or if you develop a high fever.
"i have sneezing, congestion, cough, mild fever, runny nose",Common Cold,A common viral infection of the nose and throat.,"Rest, drink plenty of fluids, wash hands often.","Paracetamol, Ibuprofen, Decongestants, Cough syrup.",Consult if symptoms last more than a week or if you develop a high fever.
"experiencing prolonged high fever, loss of appetite",Typhoid,"A bacterial infection that can lead to a high fever, diarrhea, and vomiting.","Drink boiled or bottled water, avoid raw foods.","Antibiotics (prescription only), Paracetamol for fever.",Requires immediate medical consultation for a proper antibiotic course.
"feeling wheezing, rapid breathing",Asthma,A condition in which your airways narrow and swell and may produce extra mucus.,"Avoid triggers (smoke, strong odors), carry an inhaler always.","Bronchodilators (Albuterol inhaler), Inhaled corticosteroids.",Immediate emergency care required for severe shortness of breath or if an inhaler doesn't help.
"feeling throbbing pain, sensitivity to sound",Migraine,"A neurological condition that can cause multiple symptoms, frequently characterized by intense, debilitating headaches.","Rest in a quiet and dark room, avoid known triggers like caffeine or stress.","Ibuprofen, Triptans (prescription), Aspirin.",Consult a neurologist if migraines are frequent and severely disrupt daily life.
"suffering from itchy throat, runny nose, watery eyes, nasal congestion",Allergic Rhinitis,"An allergic response causing itchy, watery eyes, sneezing, and other similar symptoms.","Avoid allergens (dust, pollen), keep indoors during high pollen seasons.","Antihistamines (Cetirizine, Loratadine), Nasal corticosteroids.",Consult an allergist if symptoms are severe and unresponsive to over-the-counter medicine.
"experiencing abdominal cramps, weakness, vomiting, nausea, fever, diarrhea",Food Poisoning,Illness caused by eating contaminated food.,"Rest, stay hydrated with sips of water or clear broths.","Oral rehydration salts, Bismuth subsalicylate.","Consult a doctor if symptoms last more than a few days, or if you have a very high fever."
"suffering from loss of smell, body aches, fatigue, fever, loss of taste, shortness of breath",COVID-19,A highly contagious respiratory illness caused by the SARS-CoV-2 virus.,"Isolate, wear a mask, monitor oxygen levels.","Paracetamol, Vitamin C, Zinc, prescribed antivirals if severe.",Seek immediate medical attention if oxygen drops below 94% or you have difficulty breathing.
"i have weakness, vomiting, diarrhea, nausea, abdominal cramps, fever",Food Poisoning,Illness caused by eating contaminated food.,"Rest, stay hydrated with sips of water or clear broths.","Oral rehydration salts, Bismuth subsalicylate.","Consult a doctor if symptoms last more than a few days, or if you have a very high fever."
"suffering from sneezing, cough, runny nose",Common Cold,A common viral infection of the nose and throat.,"Rest, drink plenty of fluids, wash hands often.","Paracetamol, Ibuprofen, Decongestants, Cough syrup.",Consult if symptoms last more than a week or if you develop a high fever.
"i have fever, nausea",Food Poisoning,Illness caused by eating contaminated food.,"Rest, stay hydrated with sips of water or clear broths.","Oral rehydration salts, Bismuth subsalicylate.","Consult a doctor if symptoms last more than a few days, or if you have a very high fever."
"feeling severe headache, joint pain, fatigue, rash, high fever",Dengue Fever,A mosquito-borne viral disease occurring in tropical and subtropical areas.,"Use mosquito nets, wear long sleeves, use repellents.",Paracetamol for fever. STRICTLY AVOID Aspirin or Ibuprofen.,Hospitalization may be required; consult immediately if experiencing severe abdominal pain or bleeding.
"experiencing high fever, fatigue",Influenza (Flu),A viral infection that attacks your respiratory system.,"Strict bed rest, isolate yourself, stay hydrated.","Oseltamivir (if prescribed early), Paracetamol for fever.",Consult a doctor immediately if you experience shortness of breath or persistent chest pain.
"i have fatigue, muscle aches",Influenza (Flu),A viral infection that attacks your respiratory system.,"Strict bed rest, isolate yourself, stay hydrated.","Oseltamivir (if prescribed early), Paracetamol for fever.",Consult a doctor immediately if you experience shortness of breath or persistent chest pain.
"feeling stomach pain, weakness, loss of appetite, prolonged high fever, headache, rash",Typhoid,"A bacterial infection that can lead to a high fever, diarrhea, and vomiting.","Drink boiled or bottled water, avoid raw foods.","Antibiotics (prescription only), Paracetamol for fever.",Requires immediate medical consultation for a proper antibiotic course.
"feeling sweats, muscle aches, high fever",Influenza (Flu),A viral infection that attacks your respiratory system.,"Strict bed rest, isolate yourself, stay hydrated.","Oseltamivir (if prescribed early), Paracetamol for fever.",Consult a doctor immediately if you experience shortness of breath or persistent chest pain.
"loss of appetite, rash",Typhoid,"A bacterial infection that can lead to a high fever, diarrhea, and vomiting.","Drink boiled or bottled water, avoid raw foods.","Antibiotics (prescription only), Paracetamol for fever.",Requires immediate medical consultation for a proper antibiotic course.
"experiencing sweats, fatigue, dry cough",Influenza (Flu),A viral infection that attacks your respiratory system.,"Strict bed rest, isolate yourself, stay hydrated.","Oseltamivir (if prescribed early), Paracetamol for fever.",Consult a doctor immediately if you experience shortness of breath or persistent chest pain.
"suffering from stomach pain, headache, rash, loss of appetite",Typhoid,"A bacterial infection that can lead to a high fever, diarrhea, and vomiting.","Drink boiled or bottled water, avoid raw foods.","Antibiotics (prescription only), Paracetamol for fever.",Requires immediate medical consultation for a proper antibiotic course.
"suffering from shortness of breath, fever, loss of taste, body aches, dry cough, sore throat, fatigue",COVID-19,A highly contagious respiratory illness caused by the SARS-CoV-2 virus.,"Isolate, wear a mask, monitor oxygen levels.","Paracetamol, Vitamin C, Zinc, prescribed antivirals if severe.",Seek immediate medical attention if oxygen drops below 94% or you have difficulty breathing.
"feeling sore throat, cough, congestion",Common Cold,A common viral infection of the nose and throat.,"Rest, drink plenty of fluids, wash hands often.","Paracetamol, Ibuprofen, Decongestants, Cough syrup.",Consult if symptoms last more than a week or if you develop a high fever.
"experiencing diarrhea, abdominal cramps",Food Poisoning,Illness caused by eating contaminated food.,"Rest, stay hydrated with sips of water or clear broths.","Oral rehydration salts, Bismuth subsalicylate.","Consult a doctor if symptoms last more than a few days, or if you have a very high fever."
"low-grade fever, stomach cramps, diarrhea, nausea, muscle aches",Gastroenteritis (Stomach Flu),"An intestinal infection marked by diarrhea, cramps, nausea, vomiting, and fever.","Stay hydrated, eat bland foods, wash hands thoroughly.","Oral rehydration salts (ORS), Loperamide (if advised).","Consult if you cannot keep liquids down for 24 hours, or if there is blood in stool."
"loss of smell, fatigue, dry cough, shortness of breath",COVID-19,A highly contagious respiratory illness caused by the SARS-CoV-2 virus.,"Isolate, wear a mask, monitor oxygen levels.","Paracetamol, Vitamin C, Zinc, prescribed antivirals if severe.",Seek immediate medical attention if oxygen drops below 94% or you have difficulty breathing.
"feeling fatigue, severe headache, high fever, joint pain, rash, pain behind eyes",Dengue Fever,A mosquito-borne viral disease occurring in tropical and subtropical areas.,"Use mosquito nets, wear long sleeves, use repellents.",Paracetamol for fever. STRICTLY AVOID Aspirin or Ibuprofen.,Hospitalization may be required; consult immediately if experiencing severe abdominal pain or bleeding.
"feeling itchy throat, itchy eyes, runny nose, nasal congestion, watery eyes, sneezing",Allergic Rhinitis,"An allergic response causing itchy, watery eyes, sneezing, and other similar symptoms.","Avoid allergens (dust, pollen), keep indoors during high pollen seasons.","Antihistamines (Cetirizine, Loratadine), Nasal corticosteroids.",Consult an allergist if symptoms are severe and unresponsive to over-the-counter medicine.
"i have runny nose, sore throat, congestion, cough",Common Cold,A common viral infection of the nose and throat.,"Rest, drink plenty of fluids, wash hands often.","Paracetamol, Ibuprofen, Decongestants, Cough syrup.",Consult if symptoms last more than a week or if you develop a high fever.
"abdominal cramps, nausea, diarrhea, vomiting, weakness",Food Poisoning,Illness caused by eating contaminated food.,"Rest, stay hydrated with sips of water or clear broths.","Oral rehydration salts, Bismuth subsalicylate.","Consult a doctor if symptoms last more than a few days, or if you have a very high fever."
"i have sweats, headache, high fever, chills, dry cough",Influenza (Flu),A viral infection that attacks your respiratory system.,"Strict bed rest, isolate yourself, stay hydrated.","Oseltamivir (if prescribed early), Paracetamol for fever.",Consult a doctor immediately if you experience shortness of breath or persistent chest pain.
"suffering from dry cough, high fever, chills, fatigue, headache",Influenza (Flu),A viral infection that attacks your respiratory system.,"Strict bed rest, isolate yourself, stay hydrated.","Oseltamivir (if prescribed early), Paracetamol for fever.",Consult a doctor immediately if you experience shortness of breath or persistent chest pain.
"chest tightness, coughing episodes",Asthma,A condition in which your airways narrow and swell and may produce extra mucus.,"Avoid triggers (smoke, strong odors), carry an inhaler always.","Bronchodilators (Albuterol inhaler), Inhaled corticosteroids.",Immediate emergency care required for severe shortness of breath or if an inhaler doesn't help.
"suffering from high fever, fatigue, rash, muscle pain",Dengue Fever,A mosquito-borne viral disease occurring in tropical and subtropical areas.,"Use mosquito nets, wear long sleeves, use repellents.",Paracetamol for fever. STRICTLY AVOID Aspirin or Ibuprofen.,Hospitalization may be required; consult immediately if experiencing severe abdominal pain or bleeding.
"suffering from stomach cramps, muscle aches",Gastroenteritis (Stomach Flu),"An intestinal infection marked by diarrhea, cramps, nausea, vomiting, and fever.","Stay hydrated, eat bland foods, wash hands thoroughly.","Oral rehydration salts (ORS), Loperamide (if advised).","Consult if you cannot keep liquids down for 24 hours, or if there is blood in stool."
"suffering from joint pain, rash, severe headache, fatigue, high fever, pain behind eyes, muscle pain",Dengue Fever,A mosquito-borne viral disease occurring in tropical and subtropical areas.,"Use mosquito nets, wear long sleeves, use repellents.",Paracetamol for fever. STRICTLY AVOID Aspirin or Ibuprofen.,Hospitalization may be required; consult immediately if experiencing severe abdominal pain or bleeding.
"feeling weakness, stomach pain",Typhoid,"A bacterial infection that can lead to a high fever, diarrhea, and vomiting.","Drink boiled or bottled water, avoid raw foods.","Antibiotics (prescription only), Paracetamol for fever.",Requires immediate medical consultation for a proper antibiotic course.
"feeling nausea, diarrhea, low-grade fever",Gastroenteritis (Stomach Flu),"An intestinal infection marked by diarrhea, cramps, nausea, vomiting, and fever.","Stay hydrated, eat bland foods, wash hands thoroughly.","Oral rehydration salts (ORS), Loperamide (if advised).","Consult if you cannot keep liquids down for 24 hours, or if there is blood in stool."
"suffering from fatigue, fever, loss of taste",COVID-19,A highly contagious respiratory illness caused by the SARS-CoV-2 virus.,"Isolate, wear a mask, monitor oxygen levels.","Paracetamol, Vitamin C, Zinc, prescribed antivirals if severe.",Seek immediate medical attention if oxygen drops below 94% or you have difficulty breathing.
"suffering from rash, headache, loss of appetite",Typhoid,"A bacterial infection that can lead to a high fever, diarrhea, and vomiting.","Drink boiled or bottled water, avoid raw foods.","Antibiotics (prescription only), Paracetamol for fever.",Requires immediate medical consultation for a proper antibiotic course.
"experiencing weakness, vomiting, nausea",Food Poisoning,Illness caused by eating contaminated food.,"Rest, stay hydrated with sips of water or clear broths.","Oral rehydration salts, Bismuth subsalicylate.","Consult a doctor if symptoms last more than a few days, or if you have a very high fever."
"suffering from loss of smell, dry cough, sore throat, body aches, shortness of breath, fatigue, loss of taste, fever",COVID-19,A highly contagious respiratory illness caused by the SARS-CoV-2 virus.,"Isolate, wear a mask, monitor oxygen levels.","Paracetamol, Vitamin C, Zinc, prescribed antivirals if severe.",Seek immediate medical attention if oxygen drops below 94% or you have difficulty breathing.
"suffering from sore throat, loss of taste, body aches, dry cough, fatigue, shortness of breath, fever, loss of smell",COVID-19,A highly contagious respiratory illness caused by the SARS-CoV-2 virus.,"Isolate, wear a mask, monitor oxygen levels.","Paracetamol, Vitamin C, Zinc, prescribed antivirals if severe.",Seek immediate medical attention if oxygen drops below 94% or you have difficulty breathing.
"suffering from headache, rash, loss of appetite, stomach pain, prolonged high fever",Typhoid,"A bacterial infection that can lead to a high fever, diarrhea, and vomiting.","Drink boiled or bottled water, avoid raw foods.","Antibiotics (prescription only), Paracetamol for fever.",Requires immediate medical consultation for a proper antibiotic course.
"suffering from joint pain, muscle pain, high fever, pain behind eyes",Dengue Fever,A mosquito-borne viral disease occurring in tropical and subtropical areas.,"Use mosquito nets, wear long sleeves, use repellents.",Paracetamol for fever. STRICTLY AVOID Aspirin or Ibuprofen.,Hospitalization may be required; consult immediately if experiencing severe abdominal pain or bleeding.
"i have nausea, stomach cramps",Gastroenteritis (Stomach Flu),"An intestinal infection marked by diarrhea, cramps, nausea, vomiting, and fever.","Stay hydrated, eat bland foods, wash hands thoroughly.","Oral rehydration salts (ORS), Loperamide (if advised).","Consult if you cannot keep liquids down for 24 hours, or if there is blood in stool."
"suffering from watery eyes, runny nose, itchy throat, itchy eyes",Allergic Rhinitis,"An allergic response causing itchy, watery eyes, sneezing, and other similar symptoms.","Avoid allergens (dust, pollen), keep indoors during high pollen seasons.","Antihistamines (Cetirizine, Loratadine), Nasal corticosteroids.",Consult an allergist if symptoms are severe and unresponsive to over-the-counter medicine.
"experiencing high fever, headache, muscle aches",Influenza (Flu),A viral infection that attacks your respiratory system.,"Strict bed rest, isolate yourself, stay hydrated.","Oseltamivir (if prescribed early), Paracetamol for fever.",Consult a doctor immediately if you experience shortness of breath or persistent chest pain.
"suffering from shortness of breath, coughing episodes, wheezing",Asthma,A condition in which your airways narrow and swell and may produce extra mucus.,"Avoid triggers (smoke, strong odors), carry an inhaler always.","Bronchodilators (Albuterol inhaler), Inhaled corticosteroids.",Immediate emergency care required for severe shortness of breath or if an inhaler doesn't help.
"shortness of breath, rapid breathing, chest tightness, wheezing",Asthma,A condition in which your airways narrow and swell and may produce extra mucus.,"Avoid triggers (smoke, strong odors), carry an inhaler always.","Bronchodilators (Albuterol inhaler), Inhaled corticosteroids.",Immediate emergency care required for severe shortness of breath or if an inhaler doesn't help.
"suffering from fatigue, sweats, chills",Influenza (Flu),A viral infection that attacks your respiratory system.,"Strict bed rest, isolate yourself, stay hydrated.","Oseltamivir (if prescribed early), Paracetamol for fever.",Consult a doctor immediately if you experience shortness of breath or persistent chest pain.
"suffering from itchy eyes, watery eyes, runny nose, itchy throat, nasal congestion",Allergic Rhinitis,"An allergic response causing itchy, watery eyes, sneezing, and other similar symptoms.","Avoid allergens (dust, pollen), keep indoors during high pollen seasons.","Antihistamines (Cetirizine, Loratadine), Nasal corticosteroids.",Consult an allergist if symptoms are severe and unresponsive to over-the-counter medicine.
"feeling fever, fatigue, sore throat, loss of smell, dry cough",COVID-19,A highly contagious respiratory illness caused by the SARS-CoV-2 virus.,"Isolate, wear a mask, monitor oxygen levels.","Paracetamol, Vitamin C, Zinc, prescribed antivirals if severe.",Seek immediate medical attention if oxygen drops below 94% or you have difficulty breathing.
"suffering from loss of appetite, prolonged high fever, stomach pain, weakness",Typhoid,"A bacterial infection that can lead to a high fever, diarrhea, and vomiting.","Drink boiled or bottled water, avoid raw foods.","Antibiotics (prescription only), Paracetamol for fever.",Requires immediate medical consultation for a proper antibiotic course.
"coughing episodes, wheezing",Asthma,A condition in which your airways narrow and swell and may produce extra mucus.,"Avoid triggers (smoke, strong odors), carry an inhaler always.","Bronchodilators (Albuterol inhaler), Inhaled corticosteroids.",Immediate emergency care required for severe shortness of breath or if an inhaler doesn't help.
"experiencing shortness of breath, body aches, fever, fatigue",COVID-19,A highly contagious respiratory illness caused by the SARS-CoV-2 virus.,"Isolate, wear a mask, monitor oxygen levels.","Paracetamol, Vitamin C, Zinc, prescribed antivirals if severe.",Seek immediate medical attention if oxygen drops below 94% or you have difficulty breathing.
"i have loss of taste, body aches, fatigue, fever, dry cough",COVID-19,A highly contagious respiratory illness caused by the SARS-CoV-2 virus.,"Isolate, wear a mask, monitor oxygen levels.","Paracetamol, Vitamin C, Zinc, prescribed antivirals if severe.",Seek immediate medical attention if oxygen drops below 94% or you have difficulty breathing.
"experiencing dry cough, high fever, sweats, headache, fatigue",Influenza (Flu),A viral infection that attacks your respiratory system.,"Strict bed rest, isolate yourself, stay hydrated.","Oseltamivir (if prescribed early), Paracetamol for fever.",Consult a doctor immediately if you experience shortness of breath or persistent chest pain.
"experiencing abdominal cramps, diarrhea, nausea",Food Poisoning,Illness caused by eating contaminated food.,"Rest, stay hydrated with sips of water or clear broths.","Oral rehydration salts, Bismuth subsalicylate.","Consult a doctor if symptoms last more than a few days, or if you have a very high fever."
"experiencing rash, pain behind eyes, fatigue",Dengue Fever,A mosquito-borne viral disease occurring in tropical and subtropical areas.,"Use mosquito nets, wear long sleeves, use repellents.",Paracetamol for fever. STRICTLY AVOID Aspirin or Ibuprofen.,Hospitalization may be required; consult immediately if experiencing severe abdominal pain or bleeding.
"experiencing nausea, vomiting",Gastroenteritis (Stomach Flu),"An intestinal infection marked by diarrhea, cramps, nausea, vomiting, and fever.","Stay hydrated, eat bland foods, wash hands thoroughly.","Oral rehydration salts (ORS), Loperamide (if advised).","Consult if you cannot keep liquids down for 24 hours, or if there is blood in stool."
"experiencing weakness, vomiting, abdominal cramps, nausea, fever, diarrhea",Food Poisoning,Illness caused by eating contaminated food.,"Rest, stay hydrated with sips of water or clear broths.","Oral rehydration salts, Bismuth subsalicylate.","Consult a doctor if symptoms last more than a few days, or if you have a very high fever."
"severe headache, rash, high fever, joint pain, fatigue",Dengue Fever,A mosquito-borne viral disease occurring in tropical and subtropical areas.,"Use mosquito nets, wear long sleeves, use repellents.",Paracetamol for fever. STRICTLY AVOID Aspirin or Ibuprofen.,Hospitalization may be required; consult immediately if experiencing severe abdominal pain or bleeding.
"i have rash, headache",Typhoid,"A bacterial infection that can lead to a high fever, diarrhea, and vomiting.","Drink boiled or bottled water, avoid raw foods.","Antibiotics (prescription only), Paracetamol for fever.",Requires immediate medical consultation for a proper antibiotic course.
"feeling throbbing pain, sensitivity to light, vomiting, severe headache",Migraine,"A neurological condition that can cause multiple symptoms, frequently characterized by intense, debilitating headaches.","Rest in a quiet and dark room, avoid known triggers like caffeine or stress.","Ibuprofen, Triptans (prescription), Aspirin.",Consult a neurologist if migraines are frequent and severely disrupt daily life.
"suffering from sensitivity to sound, severe headache, vomiting, sensitivity to light",Migraine,"A neurological condition that can cause multiple symptoms, frequently characterized by intense, debilitating headaches.","Rest in a quiet and dark room, avoid known triggers like caffeine or stress.","Ibuprofen, Triptans (prescription), Aspirin.",Consult a neurologist if migraines are frequent and severely disrupt daily life.
"experiencing vomiting, low-grade fever, nausea, muscle aches, stomach cramps",Gastroenteritis (Stomach Flu),"An intestinal infection marked by diarrhea, cramps, nausea, vomiting, and fever.","Stay hydrated, eat bland foods, wash hands thoroughly.","Oral rehydration salts (ORS), Loperamide (if advised).","Consult if you cannot keep liquids down for 24 hours, or if there is blood in stool."
"feeling stomach pain, loss of appetite, weakness, rash, headache, prolonged high fever",Typhoid,"A bacterial infection that can lead to a high fever, diarrhea, and vomiting.","Drink boiled or bottled water, avoid raw foods.","Antibiotics (prescription only), Paracetamol for fever.",Requires immediate medical consultation for a proper antibiotic course.
"severe headache, muscle pain, high fever, fatigue, pain behind eyes",Dengue Fever,A mosquito-borne viral disease occurring in tropical and subtropical areas.,"Use mosquito nets, wear long sleeves, use repellents.",Paracetamol for fever. STRICTLY AVOID Aspirin or Ibuprofen.,Hospitalization may be required; consult immediately if experiencing severe abdominal pain or bleeding.
"i have body aches, dry cough, loss of smell, fever, shortness of breath",COVID-19,A highly contagious respiratory illness caused by the SARS-CoV-2 virus.,"Isolate, wear a mask, monitor oxygen levels.","Paracetamol, Vitamin C, Zinc, prescribed antivirals if severe.",Seek immediate medical attention if oxygen drops below 94% or you have difficulty breathing.
"chest tightness, coughing episodes, wheezing, rapid breathing, shortness of breath",Asthma,A condition in which your airways narrow and swell and may produce extra mucus.,"Avoid triggers (smoke, strong odors), carry an inhaler always.","Bronchodilators (Albuterol inhaler), Inhaled corticosteroids.",Immediate emergency care required for severe shortness of breath or if an inhaler doesn't help.
"muscle pain, severe headache",Dengue Fever,A mosquito-borne viral disease occurring in tropical and subtropical areas.,"Use mosquito nets, wear long sleeves, use repellents.",Paracetamol for fever. STRICTLY AVOID Aspirin or Ibuprofen.,Hospitalization may be required; consult immediately if experiencing severe abdominal pain or bleeding.
"suffering from nausea, severe headache, sensitivity to sound, vomiting, throbbing pain, sensitivity to light",Migraine,"A neurological condition that can cause multiple symptoms, frequently characterized by intense, debilitating headaches.","Rest in a quiet and dark room, avoid known triggers like caffeine or stress.","Ibuprofen, Triptans (prescription), Aspirin.",Consult a neurologist if migraines are frequent and severely disrupt daily life.
"feeling runny nose, sore throat, congestion",Common Cold,A common viral infection of the nose and throat.,"Rest, drink plenty of fluids, wash hands often.","Paracetamol, Ibuprofen, Decongestants, Cough syrup.",Consult if symptoms last more than a week or if you develop a high fever.
"experiencing weakness, nausea, abdominal cramps",Food Poisoning,Illness caused by eating contaminated food.,"Rest, stay hydrated with sips of water or clear broths.","Oral rehydration salts, Bismuth subsalicylate.","Consult a doctor if symptoms last more than a few days, or if you have a very high fever."
"mild fever, sneezing",Common Cold,A common viral infection of the nose and throat.,"Rest, drink plenty of fluids, wash hands often.","Paracetamol, Ibuprofen, Decongestants, Cough syrup.",Consult if symptoms last more than a week or if you develop a high fever.
"throbbing pain, sensitivity to light, sensitivity to sound, severe headache",Migraine,"A neurological condition that can cause multiple symptoms, frequently characterized by intense, debilitating headaches.","Rest in a quiet and dark room, avoid known triggers like caffeine or stress.","Ibuprofen, Triptans (prescription), Aspirin.",Consult a neurologist if migraines are frequent and severely disrupt daily life.
"congestion, cough",Common Cold,A common viral infection of the nose and throat.,"Rest, drink plenty of fluids, wash hands often.","Paracetamol, Ibuprofen, Decongestants, Cough syrup.",Consult if symptoms last more than a week or if you develop a high fever.
"experiencing vomiting, severe headache, sensitivity to light, sensitivity to sound, throbbing pain",Migraine,"A neurological condition that can cause multiple symptoms, frequently characterized by intense, debilitating headaches.","Rest in a quiet and dark room, avoid known triggers like caffeine or stress.","Ibuprofen, Triptans (prescription), Aspirin.",Consult a neurologist if migraines are frequent and severely disrupt daily life.
"experiencing dry cough, fatigue, chills, muscle aches, sweats, headache, high fever",Influenza (Flu),A viral infection that attacks your respiratory system.,"Strict bed rest, isolate yourself, stay hydrated.","Oseltamivir (if prescribed early), Paracetamol for fever.",Consult a doctor immediately if you experience shortness of breath or persistent chest pain.
"i have vomiting, muscle aches",Gastroenteritis (Stomach Flu),"An intestinal infection marked by diarrhea, cramps, nausea, vomiting, and fever.","Stay hydrated, eat bland foods, wash hands thoroughly.","Oral rehydration salts (ORS), Loperamide (if advised).","Consult if you cannot keep liquids down for 24 hours, or if there is blood in stool."
"experiencing weakness, diarrhea, fever, nausea, abdominal cramps, vomiting",Food Poisoning,Illness caused by eating contaminated food.,"Rest, stay hydrated with sips of water or clear broths.","Oral rehydration salts, Bismuth subsalicylate.","Consult a doctor if symptoms last more than a few days, or if you have a very high fever."
"throbbing pain, sensitivity to light, severe headache",Migraine,"A neurological condition that can cause multiple symptoms, frequently characterized by intense, debilitating headaches.","Rest in a quiet and dark room, avoid known triggers like caffeine or stress.","Ibuprofen, Triptans (prescription), Aspirin.",Consult a neurologist if migraines are frequent and severely disrupt daily life.
"i have nausea, vomiting",Gastroenteritis (Stomach Flu),"An intestinal infection marked by diarrhea, cramps, nausea, vomiting, and fever.","Stay hydrated, eat bland foods, wash hands thoroughly.","Oral rehydration salts (ORS), Loperamide (if advised).","Consult if you cannot keep liquids down for 24 hours, or if there is blood in stool."
"experiencing coughing episodes, shortness of breath, wheezing, rapid breathing, chest tightness",Asthma,A condition in which your airways narrow and swell and may produce extra mucus.,"Avoid triggers (smoke, strong odors), carry an inhaler always.","Bronchodilators (Albuterol inhaler), Inhaled corticosteroids.",Immediate emergency care required for severe shortness of breath or if an inhaler doesn't help.
"experiencing sensitivity to sound, sensitivity to light, nausea, severe headache",Migraine,"A neurological condition that can cause multiple symptoms, frequently characterized by intense, debilitating headaches.","Rest in a quiet and dark room, avoid known triggers like caffeine or stress.","Ibuprofen, Triptans (prescription), Aspirin.",Consult a neurologist if migraines are frequent and severely disrupt daily life.
"suffering from joint pain, muscle pain, pain behind eyes",Dengue Fever,A mosquito-borne viral disease occurring in tropical and subtropical areas.,"Use mosquito nets, wear long sleeves, use repellents.",Paracetamol for fever. STRICTLY AVOID Aspirin or Ibuprofen.,Hospitalization may be required; consult immediately if experiencing severe abdominal pain or bleeding.
"feeling high fever, headache, chills",Influenza (Flu),A viral infection that attacks your respiratory system.,"Strict bed rest, isolate yourself, stay hydrated.","Oseltamivir (if prescribed early), Paracetamol for fever.",Consult a doctor immediately if you experience shortness of breath or persistent chest pain.
"suffering from high fever, headache, sweats, muscle aches, chills, dry cough",Influenza (Flu),A viral infection that attacks your respiratory system.,"Strict bed rest, isolate yourself, stay hydrated.","Oseltamivir (if prescribed early), Paracetamol for fever.",Consult a doctor immediately if you experience shortness of breath or persistent chest pain.
"i have prolonged high fever, weakness",Typhoid,"A bacterial infection that can lead to a high fever, diarrhea, and vomiting.","Drink boiled or bottled water, avoid raw foods.","Antibiotics (prescription only), Paracetamol for fever.",Requires immediate medical consultation for a proper antibiotic course.
"chest tightness, rapid breathing, shortness of breath, wheezing",Asthma,A condition in which your airways narrow and swell and may produce extra mucus.,"Avoid triggers (smoke, strong odors), carry an inhaler always.","Bronchodilators (Albuterol inhaler), Inhaled corticosteroids.",Immediate emergency care required for severe shortness of breath or if an inhaler doesn't help.
"shortness of breath, wheezing",Asthma,A condition in which your airways narrow and swell and may produce extra mucus.,"Avoid triggers (smoke, strong odors), carry an inhaler always.","Bronchodilators (Albuterol inhaler), Inhaled corticosteroids.",Immediate emergency care required for severe shortness of breath or if an inhaler doesn't help.
"feeling itchy eyes, watery eyes",Allergic Rhinitis,"An allergic response causing itchy, watery eyes, sneezing, and other similar symptoms.","Avoid allergens (dust, pollen), keep indoors during high pollen seasons.","Antihistamines (Cetirizine, Loratadine), Nasal corticosteroids.",Consult an allergist if symptoms are severe and unresponsive to over-the-counter medicine.
"i have sensitivity to light, sensitivity to sound",Migraine,"A neurological condition that can cause multiple symptoms, frequently characterized by intense, debilitating headaches.","Rest in a quiet and dark room, avoid known triggers like caffeine or stress.","Ibuprofen, Triptans (prescription), Aspirin.",Consult a neurologist if migraines are frequent and severely disrupt daily life.
"experiencing weakness, loss of appetite, prolonged high fever, stomach pain, rash, headache",Typhoid,"A bacterial infection that can lead to a high fever, diarrhea, and vomiting.","Drink boiled or bottled water, avoid raw foods.","Antibiotics (prescription only), Paracetamol for fever.",Requires immediate medical consultation for a proper antibiotic course.
"feeling high fever, fatigue, chills",Influenza (Flu),A viral infection that attacks your respiratory system.,"Strict bed rest, isolate yourself, stay hydrated.","Oseltamivir (if prescribed early), Paracetamol for fever.",Consult a doctor immediately if you experience shortness of breath or persistent chest pain.
"i have runny nose, cough, sore throat, mild fever",Common Cold,A common viral infection of the nose and throat.,"Rest, drink plenty of fluids, wash hands often.","Paracetamol, Ibuprofen, Decongestants, Cough syrup.",Consult if symptoms last more than a week or if you develop a high fever.
"suffering from low-grade fever, nausea, muscle aches, diarrhea, vomiting",Gastroenteritis (Stomach Flu),"An intestinal infection marked by diarrhea, cramps, nausea, vomiting, and fever.","Stay hydrated, eat bland foods, wash hands thoroughly.","Oral rehydration salts (ORS), Loperamide (if advised).","Consult if you cannot keep liquids down for 24 hours, or if there is blood in stool."
"experiencing vomiting, low-grade fever, muscle aches, stomach cramps",Gastroenteritis (Stomach Flu),"An intestinal infection marked by diarrhea, cramps, nausea, vomiting, and fever.","Stay hydrated, eat bland foods, wash hands thoroughly.","Oral rehydration salts (ORS), Loperamide (if advised).","Consult if you cannot keep liquids down for 24 hours, or if there is blood in stool."
"experiencing chills, muscle aches, dry cough, headache, sweats, fatigue, high fever",Influenza (Flu),A viral infection that attacks your respiratory system.,"Strict bed rest, isolate yourself, stay hydrated.","Oseltamivir (if prescribed early), Paracetamol for fever.",Consult a doctor immediately if you experience shortness of breath or persistent chest pain.
"suffering from sore throat, congestion, cough, mild fever, sneezing, runny nose",Common Cold,A common viral infection of the nose and throat.,"Rest, drink plenty of fluids, wash hands often.","Paracetamol, Ibuprofen, Decongestants, Cough syrup.",Consult if symptoms last more than a week or if you develop a high fever.
"suffering from runny nose, mild fever",Common Cold,A common viral infection of the nose and throat.,"Rest, drink plenty of fluids, wash hands often.","Paracetamol, Ibuprofen, Decongestants, Cough syrup.",Consult if symptoms last more than a week or if you develop a high fever.
"i have stomach cramps, nausea, diarrhea, vomiting, muscle aches, low-grade fever",Gastroenteritis (Stomach Flu),"An intestinal infection marked by diarrhea, cramps, nausea, vomiting, and fever.","Stay hydrated, eat bland foods, wash hands thoroughly.","Oral rehydration salts (ORS), Loperamide (if advised).","Consult if you cannot keep liquids down for 24 hours, or if there is blood in stool."
"experiencing nausea, sensitivity to sound, severe headache",Migraine,"A neurological condition that can cause multiple symptoms, frequently characterized by intense, debilitating headaches.","Rest in a quiet and dark room, avoid known triggers like caffeine or stress.","Ibuprofen, Triptans (prescription), Aspirin.",Consult a neurologist if migraines are frequent and severely disrupt daily life.
"feeling nasal congestion, sneezing, runny nose",Allergic Rhinitis,"An allergic response causing itchy, watery eyes, sneezing, and other similar symptoms.","Avoid allergens (dust, pollen), keep indoors during high pollen seasons.","Antihistamines (Cetirizine, Loratadine), Nasal corticosteroids.",Consult an allergist if symptoms are severe and unresponsive to over-the-counter medicine.
"high fever, rash, severe headache, muscle pain",Dengue Fever,A mosquito-borne viral disease occurring in tropical and subtropical areas.,"Use mosquito nets, wear long sleeves, use repellents.",Paracetamol for fever. STRICTLY AVOID Aspirin or Ibuprofen.,Hospitalization may be required; consult immediately if experiencing severe abdominal pain or bleeding.
"experiencing headache, rash",Typhoid,"A bacterial infection that can lead to a high fever, diarrhea, and vomiting.","Drink boiled or bottled water, avoid raw foods.","Antibiotics (prescription only), Paracetamol for fever.",Requires immediate medical consultation for a proper antibiotic course.
"i have sneezing, itchy throat",Allergic Rhinitis,"An allergic response causing itchy, watery eyes, sneezing, and other similar symptoms.","Avoid allergens (dust, pollen), keep indoors during high pollen seasons.","Antihistamines (Cetirizine, Loratadine), Nasal corticosteroids.",Consult an allergist if symptoms are severe and unresponsive to over-the-counter medicine.
"experiencing headache, chills, high fever, dry cough, fatigue, muscle aches, sweats",Influenza (Flu),A viral infection that attacks your respiratory system.,"Strict bed rest, isolate yourself, stay hydrated.","Oseltamivir (if prescribed early), Paracetamol for fever.",Consult a doctor immediately if you experience shortness of breath or persistent chest pain.
"suffering from nasal congestion, itchy throat, itchy eyes, runny nose, watery eyes",Allergic Rhinitis,"An allergic response causing itchy, watery eyes, sneezing, and other similar symptoms.","Avoid allergens (dust, pollen), keep indoors during high pollen seasons.","Antihistamines (Cetirizine, Loratadine), Nasal corticosteroids.",Consult an allergist if symptoms are severe and unresponsive to over-the-counter medicine.
"suffering from sneezing, sore throat, runny nose, mild fever, congestion",Common Cold,A common viral infection of the nose and throat.,"Rest, drink plenty of fluids, wash hands often.","Paracetamol, Ibuprofen, Decongestants, Cough syrup.",Consult if symptoms last more than a week or if you develop a high fever.
"suffering from congestion, sneezing, sore throat, mild fever, runny nose",Common Cold,A common viral infection of the nose and throat.,"Rest, drink plenty of fluids, wash hands often.","Paracetamol, Ibuprofen, Decongestants, Cough syrup.",Consult if symptoms last more than a week or if you develop a high fever.
"suffering from rapid breathing, wheezing, coughing episodes, chest tightness",Asthma,A condition in which your airways narrow and swell and may produce extra mucus.,"Avoid triggers (smoke, strong odors), carry an inhaler always.","Bronchodilators (Albuterol inhaler), Inhaled corticosteroids.",Immediate emergency care required for severe shortness of breath or if an inhaler doesn't help.
"experiencing sore throat, sneezing, mild fever, runny nose, cough",Common Cold,A common viral infection of the nose and throat.,"Rest, drink plenty of fluids, wash hands often.","Paracetamol, Ibuprofen, Decongestants, Cough syrup.",Consult if symptoms last more than a week or if you develop a high fever.
"suffering from mild fever, sore throat",Common Cold,A common viral infection of the nose and throat.,"Rest, drink plenty of fluids, wash hands often.","Paracetamol, Ibuprofen, Decongestants, Cough syrup.",Consult if symptoms last more than a week or if you develop a high fever.
"experiencing nausea, vomiting, severe headache, throbbing pain, sensitivity to light, sensitivity to sound",Migraine,"A neurological condition that can cause multiple symptoms, frequently characterized by intense, debilitating headaches.","Rest in a quiet and dark room, avoid known triggers like caffeine or stress.","Ibuprofen, Triptans (prescription), Aspirin.",Consult a neurologist if migraines are frequent and severely disrupt daily life.
"experiencing cough, sneezing, mild fever, congestion, runny nose, sore throat",Common Cold,A common viral infection of the nose and throat.,"Rest, drink plenty of fluids, wash hands often.","Paracetamol, Ibuprofen, Decongestants, Cough syrup.",Consult if symptoms last more than a week or if you develop a high fever.
"experiencing sensitivity to light, nausea, severe headache, throbbing pain, vomiting",Migraine,"A neurological condition that can cause multiple symptoms, frequently characterized by intense, debilitating headaches.","Rest in a quiet and dark room, avoid known triggers like caffeine or stress.","Ibuprofen, Triptans (prescription), Aspirin.",Consult a neurologist if migraines are frequent and severely disrupt daily life.
"suffering from fatigue, pain behind eyes",Dengue Fever,A mosquito-borne viral disease occurring in tropical and subtropical areas.,"Use mosquito nets, wear long sleeves, use repellents.",Paracetamol for fever. STRICTLY AVOID Aspirin or Ibuprofen.,Hospitalization may be required; consult immediately if experiencing severe abdominal pain or bleeding.
"i have sneezing, congestion, runny nose, sore throat, cough, mild fever",Common Cold,A common viral infection of the nose and throat.,"Rest, drink plenty of fluids, wash hands often.","Paracetamol, Ibuprofen, Decongestants, Cough syrup.",Consult if symptoms last more than a week or if you develop a high fever.
"weakness, loss of appetite, headache, rash, prolonged high fever, stomach pain",Typhoid,"A bacterial infection that can lead to a high fever, diarrhea, and vomiting.","Drink boiled or bottled water, avoid raw foods.","Antibiotics (prescription only), Paracetamol for fever.",Requires immediate medical consultation for a proper antibiotic course.
"feeling muscle pain, severe headache, high fever, pain behind eyes, rash, joint pain, fatigue",Dengue Fever,A mosquito-borne viral disease occurring in tropical and subtropical areas.,"Use mosquito nets, wear long sleeves, use repellents.",Paracetamol for fever. STRICTLY AVOID Aspirin or Ibuprofen.,Hospitalization may be required; consult immediately if experiencing severe abdominal pain or bleeding.
"feeling nausea, vomiting, low-grade fever, diarrhea",Gastroenteritis (Stomach Flu),"An intestinal infection marked by diarrhea, cramps, nausea, vomiting, and fever.","Stay hydrated, eat bland foods, wash hands thoroughly.","Oral rehydration salts (ORS), Loperamide (if advised).","Consult if you cannot keep liquids down for 24 hours, or if there is blood in stool."
"experiencing sweats, fatigue, muscle aches, headache, chills, high fever",Influenza (Flu),A viral infection that attacks your respiratory system.,"Strict bed rest, isolate yourself, stay hydrated.","Oseltamivir (if prescribed early), Paracetamol for fever.",Consult a doctor immediately if you experience shortness of breath or persistent chest pain.
"feeling nausea, diarrhea",Food Poisoning,Illness caused by eating contaminated food.,"Rest, stay hydrated with sips of water or clear broths.","Oral rehydration salts, Bismuth subsalicylate.","Consult a doctor if symptoms last more than a few days, or if you have a very high fever."
"feeling nasal congestion, itchy throat, watery eyes",Allergic Rhinitis,"An allergic response causing itchy, watery eyes, sneezing, and other similar symptoms.","Avoid allergens (dust, pollen), keep indoors during high pollen seasons.","Antihistamines (Cetirizine, Loratadine), Nasal corticosteroids.",Consult an allergist if symptoms are severe and unresponsive to over-the-counter medicine.
"suffering from rash, weakness, loss of appetite, stomach pain, prolonged high fever, headache",Typhoid,"A bacterial infection that can lead to a high fever, diarrhea, and vomiting.","Drink boiled or bottled water, avoid raw foods.","Antibiotics (prescription only), Paracetamol for fever.",Requires immediate medical consultation for a proper antibiotic course.
"feeling high fever, fatigue, muscle aches, chills, sweats, headache, dry cough",Influenza (Flu),A viral infection that attacks your respiratory system.,"Strict bed rest, isolate yourself, stay hydrated.","Oseltamivir (if prescribed early), Paracetamol for fever.",Consult a doctor immediately if you experience shortness of breath or persistent chest pain.
"chest tightness, shortness of breath, wheezing, coughing episodes, rapid breathing",Asthma,A condition in which your airways narrow and swell and may produce extra mucus.,"Avoid triggers (smoke, strong odors), carry an inhaler always.","Bronchodilators (Albuterol inhaler), Inhaled corticosteroids.",Immediate emergency care required for severe shortness of breath or if an inhaler doesn't help.
"feeling runny nose, itchy throat, nasal congestion, sneezing, itchy eyes, watery eyes",Allergic Rhinitis,"An allergic response causing itchy, watery eyes, sneezing, and other similar symptoms.","Avoid allergens (dust, pollen), keep indoors during high pollen seasons.","Antihistamines (Cetirizine, Loratadine), Nasal corticosteroids.",Consult an allergist if symptoms are severe and unresponsive to over-the-counter medicine.
"experiencing body aches, shortness of breath, dry cough, fever, loss of smell",COVID-19,A highly contagious respiratory illness caused by the SARS-CoV-2 virus.,"Isolate, wear a mask, monitor oxygen levels.","Paracetamol, Vitamin C, Zinc, prescribed antivirals if severe.",Seek immediate medical attention if oxygen drops below 94% or you have difficulty breathing.
"i have watery eyes, itchy eyes",Allergic Rhinitis,"An allergic response causing itchy, watery eyes, sneezing, and other similar symptoms.","Avoid allergens (dust, pollen), keep indoors during high pollen seasons.","Antihistamines (Cetirizine, Loratadine), Nasal corticosteroids.",Consult an allergist if symptoms are severe and unresponsive to over-the-counter medicine.
"chills, fatigue, headache, sweats, high fever, dry cough",Influenza (Flu),A viral infection that attacks your respiratory system.,"Strict bed rest, isolate yourself, stay hydrated.","Oseltamivir (if prescribed early), Paracetamol for fever.",Consult a doctor immediately if you experience shortness of breath or persistent chest pain.
"suffering from muscle aches, high fever, headache, chills, sweats",Influenza (Flu),A viral infection that attacks your respiratory system.,"Strict bed rest, isolate yourself, stay hydrated.","Oseltamivir (if prescribed early), Paracetamol for fever.",Consult a doctor immediately if you experience shortness of breath or persistent chest pain.
"suffering from dry cough, fatigue, loss of taste, fever",COVID-19,A highly contagious respiratory illness caused by the SARS-CoV-2 virus.,"Isolate, wear a mask, monitor oxygen levels.","Paracetamol, Vitamin C, Zinc, prescribed antivirals if severe.",Seek immediate medical attention if oxygen drops below 94% or you have difficulty breathing.
"suffering from weakness, vomiting, nausea, fever, abdominal cramps",Food Poisoning,Illness caused by eating contaminated food.,"Rest, stay hydrated with sips of water or clear broths.","Oral rehydration salts, Bismuth subsalicylate.","Consult a doctor if symptoms last more than a few days, or if you have a very high fever."
"i have sensitivity to light, nausea, throbbing pain, vomiting",Migraine,"A neurological condition that can cause multiple symptoms, frequently characterized by intense, debilitating headaches.","Rest in a quiet and dark room, avoid known triggers like caffeine or stress.","Ibuprofen, Triptans (prescription), Aspirin.",Consult a neurologist if migraines are frequent and severely disrupt daily life.
"feeling sensitivity to light, vomiting, throbbing pain, nausea, sensitivity to sound, severe headache",Migraine,"A neurological condition that can cause multiple symptoms, frequently characterized by intense, debilitating headaches.","Rest in a quiet and dark room, avoid known triggers like caffeine or stress.","Ibuprofen, Triptans (prescription), Aspirin.",Consult a neurologist if migraines are frequent and severely disrupt daily life.
"i have vomiting, diarrhea",Gastroenteritis (Stomach Flu),"An intestinal infection marked by diarrhea, cramps, nausea, vomiting, and fever.","Stay hydrated, eat bland foods, wash hands thoroughly.","Oral rehydration salts (ORS), Loperamide (if advised).","Consult if you cannot keep liquids down for 24 hours, or if there is blood in stool."
"suffering from diarrhea, vomiting, muscle aches, low-grade fever",Gastroenteritis (Stomach Flu),"An intestinal infection marked by diarrhea, cramps, nausea, vomiting, and fever.","Stay hydrated, eat bland foods, wash hands thoroughly.","Oral rehydration salts (ORS), Loperamide (if advised).","Consult if you cannot keep liquids down for 24 hours, or if there is blood in stool."
"suffering from abdominal cramps, fever",Food Poisoning,Illness caused by eating contaminated food.,"Rest, stay hydrated with sips of water or clear broths.","Oral rehydration salts, Bismuth subsalicylate.","Consult a doctor if symptoms last more than a few days, or if you have a very high fever."
"feeling sweats, headache",Influenza (Flu),A viral infection that attacks your respiratory system.,"Strict bed rest, isolate yourself, stay hydrated.","Oseltamivir (if prescribed early), Paracetamol for fever.",Consult a doctor immediately if you experience shortness of breath or persistent chest pain.
"experiencing coughing episodes, rapid breathing, wheezing, shortness of breath",Asthma,A condition in which your airways narrow and swell and may produce extra mucus.,"Avoid triggers (smoke, strong odors), carry an inhaler always.","Bronchodilators (Albuterol inhaler), Inhaled corticosteroids.",Immediate emergency care required for severe shortness of breath or if an inhaler doesn't help.
"feeling headache, high fever, sweats",Influenza (Flu),A viral infection that attacks your respiratory system.,"Strict bed rest, isolate yourself, stay hydrated.","Oseltamivir (if prescribed early), Paracetamol for fever.",Consult a doctor immediately if you experience shortness of breath or persistent chest pain.
"feeling loss of taste, sore throat",COVID-19,A highly contagious respiratory illness caused by the SARS-CoV-2 virus.,"Isolate, wear a mask, monitor oxygen levels.","Paracetamol, Vitamin C, Zinc, prescribed antivirals if severe.",Seek immediate medical attention if oxygen drops below 94% or you have difficulty breathing.
"suffering from sneezing, itchy throat, nasal congestion, watery eyes",Allergic Rhinitis,"An allergic response causing itchy, watery eyes, sneezing, and other similar symptoms.","Avoid allergens (dust, pollen), keep indoors during high pollen seasons.","Antihistamines (Cetirizine, Loratadine), Nasal corticosteroids.",Consult an allergist if symptoms are severe and unresponsive to over-the-counter medicine.
"i have sneezing, runny nose, nasal congestion, itchy eyes",Allergic Rhinitis,"An allergic response causing itchy, watery eyes, sneezing, and other similar symptoms.","Avoid allergens (dust, pollen), keep indoors during high pollen seasons.","Antihistamines (Cetirizine, Loratadine), Nasal corticosteroids.",Consult an allergist if symptoms are severe and unresponsive to over-the-counter medicine.
"i have coughing episodes, wheezing",Asthma,A condition in which your airways narrow and swell and may produce extra mucus.,"Avoid triggers (smoke, strong odors), carry an inhaler always.","Bronchodilators (Albuterol inhaler), Inhaled corticosteroids.",Immediate emergency care required for severe shortness of breath or if an inhaler doesn't help.
"i have runny nose, itchy eyes, itchy throat, watery eyes, nasal congestion, sneezing",Allergic Rhinitis,"An allergic response causing itchy, watery eyes, sneezing, and other similar symptoms.","Avoid allergens (dust, pollen), keep indoors during high pollen seasons.","Antihistamines (Cetirizine, Loratadine), Nasal corticosteroids.",Consult an allergist if symptoms are severe and unresponsive to over-the-counter medicine.
"suffering from itchy eyes, watery eyes, runny nose, sneezing, nasal congestion, itchy throat",Allergic Rhinitis,"An allergic response causing itchy, watery eyes, sneezing, and other similar symptoms.","Avoid allergens (dust, pollen), keep indoors during high pollen seasons.","Antihistamines (Cetirizine, Loratadine), Nasal corticosteroids.",Consult an allergist if symptoms are severe and unresponsive to over-the-counter medicine.
"muscle pain, fatigue",Dengue Fever,A mosquito-borne viral disease occurring in tropical and subtropical areas.,"Use mosquito nets, wear long sleeves, use repellents.",Paracetamol for fever. STRICTLY AVOID Aspirin or Ibuprofen.,Hospitalization may be required; consult immediately if experiencing severe abdominal pain or bleeding.
"watery eyes, sneezing",Allergic Rhinitis,"An allergic response causing itchy, watery eyes, sneezing, and other similar symptoms.","Avoid allergens (dust, pollen), keep indoors during high pollen seasons.","Antihistamines (Cetirizine, Loratadine), Nasal corticosteroids.",Consult an allergist if symptoms are severe and unresponsive to over-the-counter medicine.
"sweats, chills, dry cough",Influenza (Flu),A viral infection that attacks your respiratory system.,"Strict bed rest, isolate yourself, stay hydrated.","Oseltamivir (if prescribed early), Paracetamol for fever.",Consult a doctor immediately if you experience shortness of breath or persistent chest pain.
"i have throbbing pain, severe headache, sensitivity to light",Migraine,"A neurological condition that can cause multiple symptoms, frequently characterized by intense, debilitating headaches.","Rest in a quiet and dark room, avoid known triggers like caffeine or stress.","Ibuprofen, Triptans (prescription), Aspirin.",Consult a neurologist if migraines are frequent and severely disrupt daily life.
"i have rapid breathing, coughing episodes, wheezing",Asthma,A condition in which your airways narrow and swell and may produce extra mucus.,"Avoid triggers (smoke, strong odors), carry an inhaler always.","Bronchodilators (Albuterol inhaler), Inhaled corticosteroids.",Immediate emergency care required for severe shortness of breath or if an inhaler doesn't help.
"i have chest tightness, wheezing, shortness of breath",Asthma,A condition in which your airways narrow and swell and may produce extra mucus.,"Avoid triggers (smoke, strong odors), carry an inhaler always.","Bronchodilators (Albuterol inhaler), Inhaled corticosteroids.",Immediate emergency care required for severe shortness of breath or if an inhaler doesn't help.
"suffering from nausea, sensitivity to sound, severe headache, vomiting, sensitivity to light",Migraine,"A neurological condition that can cause multiple symptoms, frequently characterized by intense, debilitating headaches.","Rest in a quiet and dark room, avoid known triggers like caffeine or stress.","Ibuprofen, Triptans (prescription), Aspirin.",Consult a neurologist if migraines are frequent and severely disrupt daily life.
"i have shortness of breath, coughing episodes",Asthma,A condition in which your airways narrow and swell and may produce extra mucus.,"Avoid triggers (smoke, strong odors), carry an inhaler always.","Bronchodilators (Albuterol inhaler), Inhaled corticosteroids.",Immediate emergency care required for severe shortness of breath or if an inhaler doesn't help.
"experiencing fever, loss of smell, dry cough, loss of taste, sore throat",COVID-19,A highly contagious respiratory illness caused by the SARS-CoV-2 virus.,"Isolate, wear a mask, monitor oxygen levels.","Paracetamol, Vitamin C, Zinc, prescribed antivirals if severe.",Seek immediate medical attention if oxygen drops below 94% or you have difficulty breathing.
"suffering from chest tightness, shortness of breath",Asthma,A condition in which your airways narrow and swell and may produce extra mucus.,"Avoid triggers (smoke, strong odors), carry an inhaler always.","Bronchodilators (Albuterol inhaler), Inhaled corticosteroids.",Immediate emergency care required for severe shortness of breath or if an inhaler doesn't help.
"suffering from joint pain, severe headache",Dengue Fever,A mosquito-borne viral disease occurring in tropical and subtropical areas.,"Use mosquito nets, wear long sleeves, use repellents.",Paracetamol for fever. STRICTLY AVOID Aspirin or Ibuprofen.,Hospitalization may be required; consult immediately if experiencing severe abdominal pain or bleeding.
"feeling muscle pain, fatigue, pain behind eyes, severe headache, joint pain",Dengue Fever,A mosquito-borne viral disease occurring in tropical and subtropical areas.,"Use mosquito nets, wear long sleeves, use repellents.",Paracetamol for fever. STRICTLY AVOID Aspirin or Ibuprofen.,Hospitalization may be required; consult immediately if experiencing severe abdominal pain or bleeding.
"feeling loss of smell, fatigue, sore throat, shortness of breath",COVID-19,A highly contagious respiratory illness caused by the SARS-CoV-2 virus.,"Isolate, wear a mask, monitor oxygen levels.","Paracetamol, Vitamin C, Zinc, prescribed antivirals if severe.",Seek immediate medical attention if oxygen drops below 94% or you have difficulty breathing.
"sneezing, watery eyes, itchy throat, itchy eyes",Allergic Rhinitis,"An allergic response causing itchy, watery eyes, sneezing, and other similar symptoms.","Avoid allergens (dust, pollen), keep indoors during high pollen seasons.","Antihistamines (Cetirizine, Loratadine), Nasal corticosteroids.",Consult an allergist if symptoms are severe and unresponsive to over-the-counter medicine.
"experiencing weakness, stomach pain, loss of appetite, headache",Typhoid,"A bacterial infection that can lead to a high fever, diarrhea, and vomiting.","Drink boiled or bottled water, avoid raw foods.","Antibiotics (prescription only), Paracetamol for fever.",Requires immediate medical consultation for a proper antibiotic course.
"runny nose, sore throat, cough, mild fever, congestion, sneezing",Common Cold,A common viral infection of the nose and throat.,"Rest, drink plenty of fluids, wash hands often.","Paracetamol, Ibuprofen, Decongestants, Cough syrup.",Consult if symptoms last more than a week or if you develop a high fever.
"experiencing mild fever, sneezing, runny nose, cough, sore throat, congestion",Common Cold,A common viral infection of the nose and throat.,"Rest, drink plenty of fluids, wash hands often.","Paracetamol, Ibuprofen, Decongestants, Cough syrup.",Consult if symptoms last more than a week or if you develop a high fever.
"muscle pain, pain behind eyes, joint pain, high fever, fatigue",Dengue Fever,A mosquito-borne viral disease occurring in tropical and subtropical areas.,"Use mosquito nets, wear long sleeves, use repellents.",Paracetamol for fever. STRICTLY AVOID Aspirin or Ibuprofen.,Hospitalization may be required; consult immediately if experiencing severe abdominal pain or bleeding.
"i have fever, diarrhea",Food Poisoning,Illness caused by eating contaminated food.,"Rest, stay hydrated with sips of water or clear broths.","Oral rehydration salts, Bismuth subsalicylate.","Consult a doctor if symptoms last more than a few days, or if you have a very high fever."
"experiencing runny nose, congestion",Common Cold,A common viral infection of the nose and throat.,"Rest, drink plenty of fluids, wash hands often.","Paracetamol, Ibuprofen, Decongestants, Cough syrup.",Consult if symptoms last more than a week or if you develop a high fever.
"experiencing weakness, abdominal cramps",Food Poisoning,Illness caused by eating contaminated food.,"Rest, stay hydrated with sips of water or clear broths.","Oral rehydration salts, Bismuth subsalicylate.","Consult a doctor if symptoms last more than a few days, or if you have a very high fever."
"i have severe headache, rash, pain behind eyes, muscle pain, joint pain, high fever",Dengue Fever,A mosquito-borne viral disease occurring in tropical and subtropical areas.,"Use mosquito nets, wear long sleeves, use repellents.",Paracetamol for fever. STRICTLY AVOID Aspirin or Ibuprofen.,Hospitalization may be required; consult immediately if experiencing severe abdominal pain or bleeding.
"diarrhea, weakness, abdominal cramps",Food Poisoning,Illness caused by eating contaminated food.,"Rest, stay hydrated with sips of water or clear broths.","Oral rehydration salts, Bismuth subsalicylate.","Consult a doctor if symptoms last more than a few days, or if you have a very high fever."
"suffering from nausea, vomiting",Migraine,"A neurological condition that can cause multiple symptoms, frequently characterized by intense, debilitating headaches.","Rest in a quiet and dark room, avoid known triggers like caffeine or stress.","Ibuprofen, Triptans (prescription), Aspirin.",Consult a neurologist if migraines are frequent and severely disrupt daily life.
"suffering from nasal congestion, watery eyes, itchy eyes, itchy throat, sneezing, runny nose",Allergic Rhinitis,"An allergic response causing itchy, watery eyes, sneezing, and other similar symptoms.","Avoid allergens (dust, pollen), keep indoors during high pollen seasons.","Antihistamines (Cetirizine, Loratadine), Nasal corticosteroids.",Consult an allergist if symptoms are severe and unresponsive to over-the-counter medicine.
"feeling stomach cramps, nausea, low-grade fever, muscle aches, vomiting",Gastroenteritis (Stomach Flu),"An intestinal infection marked by diarrhea, cramps, nausea, vomiting, and fever.","Stay hydrated, eat bland foods, wash hands thoroughly.","Oral rehydration salts (ORS), Loperamide (if advised).","Consult if you cannot keep liquids down for 24 hours, or if there is blood in stool."
"muscle aches, stomach cramps, diarrhea, low-grade fever, nausea",Gastroenteritis (Stomach Flu),"An intestinal infection marked by diarrhea, cramps, nausea, vomiting, and fever.","Stay hydrated, eat bland foods, wash hands thoroughly.","Oral rehydration salts (ORS), Loperamide (if advised).","Consult if you cannot keep liquids down for 24 hours, or if there is blood in stool."
"experiencing loss of taste, dry cough, fatigue, body aches, sore throat, loss of smell, shortness of breath, fever",COVID-19,A highly contagious respiratory illness caused by the SARS-CoV-2 virus.,"Isolate, wear a mask, monitor oxygen levels.","Paracetamol, Vitamin C, Zinc, prescribed antivirals if severe.",Seek immediate medical attention if oxygen drops below 94% or you have difficulty breathing.
"i have muscle aches, headache",Influenza (Flu),A viral infection that attacks your respiratory system.,"Strict bed rest, isolate yourself, stay hydrated.","Oseltamivir (if prescribed early), Paracetamol for fever.",Consult a doctor immediately if you experience shortness of breath or persistent chest pain.
"experiencing itchy eyes, watery eyes, nasal congestion, runny nose",Allergic Rhinitis,"An allergic response causing itchy, watery eyes, sneezing, and other similar symptoms.","Avoid allergens (dust, pollen), keep indoors during high pollen seasons.","Antihistamines (Cetirizine, Loratadine), Nasal corticosteroids.",Consult an allergist if symptoms are severe and unresponsive to over-the-counter medicine.
"suffering from chest tightness, rapid breathing, shortness of breath, wheezing, coughing episodes",Asthma,A condition in which your airways narrow and swell and may produce extra mucus.,"Avoid triggers (smoke, strong odors), carry an inhaler always.","Bronchodilators (Albuterol inhaler), Inhaled corticosteroids.",Immediate emergency care required for severe shortness of breath or if an inhaler doesn't help.
"experiencing throbbing pain, severe headache",Migraine,"A neurological condition that can cause multiple symptoms, frequently characterized by intense, debilitating headaches.","Rest in a quiet and dark room, avoid known triggers like caffeine or stress.","Ibuprofen, Triptans (prescription), Aspirin.",Consult a neurologist if migraines are frequent and severely disrupt daily life.
"experiencing mild fever, cough",Common Cold,A common viral infection of the nose and throat.,"Rest, drink plenty of fluids, wash hands often.","Paracetamol, Ibuprofen, Decongestants, Cough syrup.",Consult if symptoms last more than a week or if you develop a high fever.
"i have loss of smell, fatigue",COVID-19,A highly contagious respiratory illness caused by the SARS-CoV-2 virus.,"Isolate, wear a mask, monitor oxygen levels.","Paracetamol, Vitamin C, Zinc, prescribed antivirals if severe.",Seek immediate medical attention if oxygen drops below 94% or you have difficulty breathing.
"feeling watery eyes, sneezing, itchy throat, nasal congestion",Allergic Rhinitis,"An allergic response causing itchy, watery eyes, sneezing, and other similar symptoms.","Avoid allergens (dust, pollen), keep indoors during high pollen seasons.","Antihistamines (Cetirizine, Loratadine), Nasal corticosteroids.",Consult an allergist if symptoms are severe and unresponsive to over-the-counter medicine.
"feeling coughing episodes, chest tightness, shortness of breath, wheezing, rapid breathing",Asthma,A condition in which your airways narrow and swell and may produce extra mucus.,"Avoid triggers (smoke, strong odors), carry an inhaler always.","Bronchodilators (Albuterol inhaler), Inhaled corticosteroids.",Immediate emergency care required for severe shortness of breath or if an inhaler doesn't help.
"i have abdominal cramps, nausea, fever, vomiting, diarrhea, weakness",Food Poisoning,Illness caused by eating contaminated food.,"Rest, stay hydrated with sips of water or clear broths.","Oral rehydration salts, Bismuth subsalicylate.","Consult a doctor if symptoms last more than a few days, or if you have a very high fever."
"sensitivity to sound, nausea, throbbing pain, sensitivity to light, vomiting",Migraine,"A neurological condition that can cause multiple symptoms, frequently characterized by intense, debilitating headaches.","Rest in a quiet and dark room, avoid known triggers like caffeine or stress.","Ibuprofen, Triptans (prescription), Aspirin.",Consult a neurologist if migraines are frequent and severely disrupt daily life.
"feeling severe headache, sensitivity to sound",Migraine,"A neurological condition that can cause multiple symptoms, frequently characterized by intense, debilitating headaches.","Rest in a quiet and dark room, avoid known triggers like caffeine or stress.","Ibuprofen, Triptans (prescription), Aspirin.",Consult a neurologist if migraines are frequent and severely disrupt daily life.
"feeling vomiting, sensitivity to light, sensitivity to sound, throbbing pain, severe headache, nausea",Migraine,"A neurological condition that can cause multiple symptoms, frequently characterized by intense, debilitating headaches.","Rest in a quiet and dark room, avoid known triggers like caffeine or stress.","Ibuprofen, Triptans (prescription), Aspirin.",Consult a neurologist if migraines are frequent and severely disrupt daily life.
"i have loss of smell, body aches, shortness of breath",COVID-19,A highly contagious respiratory illness caused by the SARS-CoV-2 virus.,"Isolate, wear a mask, monitor oxygen levels.","Paracetamol, Vitamin C, Zinc, prescribed antivirals if severe.",Seek immediate medical attention if oxygen drops below 94% or you have difficulty breathing.
"suffering from joint pain, high fever, muscle pain, fatigue, pain behind eyes",Dengue Fever,A mosquito-borne viral disease occurring in tropical and subtropical areas.,"Use mosquito nets, wear long sleeves, use repellents.",Paracetamol for fever. STRICTLY AVOID Aspirin or Ibuprofen.,Hospitalization may be required; consult immediately if experiencing severe abdominal pain or bleeding.
"i have throbbing pain, nausea",Migraine,"A neurological condition that can cause multiple symptoms, frequently characterized by intense, debilitating headaches.","Rest in a quiet and dark room, avoid known triggers like caffeine or stress.","Ibuprofen, Triptans (prescription), Aspirin.",Consult a neurologist if migraines are frequent and severely disrupt daily life.
"feeling headache, prolonged high fever, weakness",Typhoid,"A bacterial infection that can lead to a high fever, diarrhea, and vomiting.","Drink boiled or bottled water, avoid raw foods.","Antibiotics (prescription only), Paracetamol for fever.",Requires immediate medical consultation for a proper antibiotic course.
"feeling vomiting, nausea, weakness, abdominal cramps",Food Poisoning,Illness caused by eating contaminated food.,"Rest, stay hydrated with sips of water or clear broths.","Oral rehydration salts, Bismuth subsalicylate.","Consult a doctor if symptoms last more than a few days, or if you have a very high fever."
"suffering from fever, sore throat, fatigue",COVID-19,A highly contagious respiratory illness caused by the SARS-CoV-2 virus.,"Isolate, wear a mask, monitor oxygen levels.","Paracetamol, Vitamin C, Zinc, prescribed antivirals if severe.",Seek immediate medical attention if oxygen drops below 94% or you have difficulty breathing.
"i have wheezing, chest tightness",Asthma,A condition in which your airways narrow and swell and may produce extra mucus.,"Avoid triggers (smoke, strong odors), carry an inhaler always.","Bronchodilators (Albuterol inhaler), Inhaled corticosteroids.",Immediate emergency care required for severe shortness of breath or if an inhaler doesn't help.
"i have severe headache, throbbing pain, sensitivity to sound",Migraine,"A neurological condition that can cause multiple symptoms, frequently characterized by intense, debilitating headaches.","Rest in a quiet and dark room, avoid known triggers like caffeine or stress.","Ibuprofen, Triptans (prescription), Aspirin.",Consult a neurologist if migraines are frequent and severely disrupt daily life.
"experiencing stomach cramps, diarrhea",Gastroenteritis (Stomach Flu),"An intestinal infection marked by diarrhea, cramps, nausea, vomiting, and fever.","Stay hydrated, eat bland foods, wash hands thoroughly.","Oral rehydration salts (ORS), Loperamide (if advised).","Consult if you cannot keep liquids down for 24 hours, or if there is blood in stool."
"fever, loss of taste, sore throat, dry cough, loss of smell, shortness of breath, body aches",COVID-19,A highly contagious respiratory illness caused by the SARS-CoV-2 virus.,"Isolate, wear a mask, monitor oxygen levels.","Paracetamol, Vitamin C, Zinc, prescribed antivirals if severe.",Seek immediate medical attention if oxygen drops below 94% or you have difficulty breathing.
"feeling runny nose, itchy eyes, watery eyes, nasal congestion, itchy throat, sneezing",Allergic Rhinitis,"An allergic response causing itchy, watery eyes, sneezing, and other similar symptoms.","Avoid allergens (dust, pollen), keep indoors during high pollen seasons.","Antihistamines (Cetirizine, Loratadine), Nasal corticosteroids.",Consult an allergist if symptoms are severe and unresponsive to over-the-counter medicine.
"severe headache, throbbing pain, vomiting, nausea",Migraine,"A neurological condition that can cause multiple symptoms, frequently characterized by intense, debilitating headaches.","Rest in a quiet and dark room, avoid known triggers like caffeine or stress.","Ibuprofen, Triptans (prescription), Aspirin.",Consult a neurologist if migraines are frequent and severely disrupt daily life.
"feeling stomach cramps, vomiting, nausea",Gastroenteritis (Stomach Flu),"An intestinal infection marked by diarrhea, cramps, nausea, vomiting, and fever.","Stay hydrated, eat bland foods, wash hands thoroughly.","Oral rehydration salts (ORS), Loperamide (if advised).","Consult if you cannot keep liquids down for 24 hours, or if there is blood in stool."
"experiencing mild fever, cough, runny nose, sneezing",Common Cold,A common viral infection of the nose and throat.,"Rest, drink plenty of fluids, wash hands often.","Paracetamol, Ibuprofen, Decongestants, Cough syrup.",Consult if symptoms last more than a week or if you develop a high fever.
"suffering from chest tightness, coughing episodes, wheezing, shortness of breath",Asthma,A condition in which your airways narrow and swell and may produce extra mucus.,"Avoid triggers (smoke, strong odors), carry an inhaler always.","Bronchodilators (Albuterol inhaler), Inhaled corticosteroids.",Immediate emergency care required for severe shortness of breath or if an inhaler doesn't help.
"experiencing severe headache, pain behind eyes, joint pain, high fever",Dengue Fever,A mosquito-borne viral disease occurring in tropical and subtropical areas.,"Use mosquito nets, wear long sleeves, use repellents.",Paracetamol for fever. STRICTLY AVOID Aspirin or Ibuprofen.,Hospitalization may be required; consult immediately if experiencing severe abdominal pain or bleeding.
"i have chest tightness, coughing episodes",Asthma,A condition in which your airways narrow and swell and may produce extra mucus.,"Avoid triggers (smoke, strong odors), carry an inhaler always.","Bronchodilators (Albuterol inhaler), Inhaled corticosteroids.",Immediate emergency care required for severe shortness of breath or if an inhaler doesn't help.
"loss of appetite, headache, weakness, rash, prolonged high fever, stomach pain",Typhoid,"A bacterial infection that can lead to a high fever, diarrhea, and vomiting.","Drink boiled or bottled water, avoid raw foods.","Antibiotics (prescription only), Paracetamol for fever.",Requires immediate medical consultation for a proper antibiotic course.
"i have joint pain, fatigue, muscle pain, pain behind eyes, rash, severe headache",Dengue Fever,A mosquito-borne viral disease occurring in tropical and subtropical areas.,"Use mosquito nets, wear long sleeves, use repellents.",Paracetamol for fever. STRICTLY AVOID Aspirin or Ibuprofen.,Hospitalization may be required; consult immediately if experiencing severe abdominal pain or bleeding.
"feeling sneezing, sore throat, runny nose, mild fever, cough",Common Cold,A common viral infection of the nose and throat.,"Rest, drink plenty of fluids, wash hands often.","Paracetamol, Ibuprofen, Decongestants, Cough syrup.",Consult if symptoms last more than a week or if you develop a high fever.
"experiencing fatigue, rash, muscle pain, joint pain, pain behind eyes",Dengue Fever,A mosquito-borne viral disease occurring in tropical and subtropical areas.,"Use mosquito nets, wear long sleeves, use repellents.",Paracetamol for fever. STRICTLY AVOID Aspirin or Ibuprofen.,Hospitalization may be required; consult immediately if experiencing severe abdominal pain or bleeding.
"feeling sore throat, cough, sneezing, runny nose",Common Cold,A common viral infection of the nose and throat.,"Rest, drink plenty of fluids, wash hands often.","Paracetamol, Ibuprofen, Decongestants, Cough syrup.",Consult if symptoms last more than a week or if you develop a high fever.
"abdominal cramps, weakness, fever, diarrhea, vomiting, nausea",Food Poisoning,Illness caused by eating contaminated food.,"Rest, stay hydrated with sips of water or clear broths.","Oral rehydration salts, Bismuth subsalicylate.","Consult a doctor if symptoms last more than a few days, or if you have a very high fever."
"feeling sensitivity to sound, nausea, throbbing pain",Migraine,"A neurological condition that can cause multiple symptoms, frequently characterized by intense, debilitating headaches.","Rest in a quiet and dark room, avoid known triggers like caffeine or stress.","Ibuprofen, Triptans (prescription), Aspirin.",Consult a neurologist if migraines are frequent and severely disrupt daily life.
"muscle aches, diarrhea, stomach cramps, vomiting",Gastroenteritis (Stomach Flu),"An intestinal infection marked by diarrhea, cramps, nausea, vomiting, and fever.","Stay hydrated, eat bland foods, wash hands thoroughly.","Oral rehydration salts (ORS), Loperamide (if advised).","Consult if you cannot keep liquids down for 24 hours, or if there is blood in stool."
"i have rash, stomach pain",Typhoid,"A bacterial infection that can lead to a high fever, diarrhea, and vomiting.","Drink boiled or bottled water, avoid raw foods.","Antibiotics (prescription only), Paracetamol for fever.",Requires immediate medical consultation for a proper antibiotic course.
"feeling weakness, loss of appetite",Typhoid,"A bacterial infection that can lead to a high fever, diarrhea, and vomiting.","Drink boiled or bottled water, avoid raw foods.","Antibiotics (prescription only), Paracetamol for fever.",Requires immediate medical consultation for a proper antibiotic course.
"suffering from cough, sneezing, mild fever, runny nose, congestion",Common Cold,A common viral infection of the nose and throat.,"Rest, drink plenty of fluids, wash hands often.","Paracetamol, Ibuprofen, Decongestants, Cough syrup.",Consult if symptoms last more than a week or if you develop a high fever.
"suffering from vomiting, abdominal cramps, diarrhea",Food Poisoning,Illness caused by eating contaminated food.,"Rest, stay hydrated with sips of water or clear broths.","Oral rehydration salts, Bismuth subsalicylate.","Consult a doctor if symptoms last more than a few days, or if you have a very high fever."
"suffering from dry cough, loss of smell, loss of taste, sore throat, fever",COVID-19,A highly contagious respiratory illness caused by the SARS-CoV-2 virus.,"Isolate, wear a mask, monitor oxygen levels.","Paracetamol, Vitamin C, Zinc, prescribed antivirals if severe.",Seek immediate medical attention if oxygen drops below 94% or you have difficulty breathing.
"i have weakness, prolonged high fever",Typhoid,"A bacterial infection that can lead to a high fever, diarrhea, and vomiting.","Drink boiled or bottled water, avoid raw foods.","Antibiotics (prescription only), Paracetamol for fever.",Requires immediate medical consultation for a proper antibiotic course.
"i have nausea, sensitivity to sound, sensitivity to light, severe headache, throbbing pain",Migraine,"A neurological condition that can cause multiple symptoms, frequently characterized by intense, debilitating headaches.","Rest in a quiet and dark room, avoid known triggers like caffeine or stress.","Ibuprofen, Triptans (prescription), Aspirin.",Consult a neurologist if migraines are frequent and severely disrupt daily life.
"feeling sweats, high fever, headache",Influenza (Flu),A viral infection that attacks your respiratory system.,"Strict bed rest, isolate yourself, stay hydrated.","Oseltamivir (if prescribed early), Paracetamol for fever.",Consult a doctor immediately if you experience shortness of breath or persistent chest pain.
"muscle pain, high fever",Dengue Fever,A mosquito-borne viral disease occurring in tropical and subtropical areas.,"Use mosquito nets, wear long sleeves, use repellents.",Paracetamol for fever. STRICTLY AVOID Aspirin or Ibuprofen.,Hospitalization may be required; consult immediately if experiencing severe abdominal pain or bleeding.
"feeling shortness of breath, loss of taste, dry cough, fever, sore throat, loss of smell, fatigue",COVID-19,A highly contagious respiratory illness caused by the SARS-CoV-2 virus.,"Isolate, wear a mask, monitor oxygen levels.","Paracetamol, Vitamin C, Zinc, prescribed antivirals if severe.",Seek immediate medical attention if oxygen drops below 94% or you have difficulty breathing.
"suffering from joint pain, severe headache, fatigue",Dengue Fever,A mosquito-borne viral disease occurring in tropical and subtropical areas.,"Use mosquito nets, wear long sleeves, use repellents.",Paracetamol for fever. STRICTLY AVOID Aspirin or Ibuprofen.,Hospitalization may be required; consult immediately if experiencing severe abdominal pain or bleeding.
"severe headache, high fever, fatigue, rash, joint pain, pain behind eyes",Dengue Fever,A mosquito-borne viral disease occurring in tropical and subtropical areas.,"Use mosquito nets, wear long sleeves, use repellents.",Paracetamol for fever. STRICTLY AVOID Aspirin or Ibuprofen.,Hospitalization may be required; consult immediately if experiencing severe abdominal pain or bleeding.
"suffering from sensitivity to sound, throbbing pain, sensitivity to light, severe headache, nausea, vomiting",Migraine,"A neurological condition that can cause multiple symptoms, frequently characterized by intense, debilitating headaches.","Rest in a quiet and dark room, avoid known triggers like caffeine or stress.","Ibuprofen, Triptans (prescription), Aspirin.",Consult a neurologist if migraines are frequent and severely disrupt daily life.
"suffering from sore throat, body aches, loss of smell, fever, fatigue, shortness of breath, dry cough",COVID-19,A highly contagious respiratory illness caused by the SARS-CoV-2 virus.,"Isolate, wear a mask, monitor oxygen levels.","Paracetamol, Vitamin C, Zinc, prescribed antivirals if severe.",Seek immediate medical attention if oxygen drops below 94% or you have difficulty breathing.
"i have pain behind eyes, rash, severe headache, muscle pain, joint pain, fatigue",Dengue Fever,A mosquito-borne viral disease occurring in tropical and subtropical areas.,"Use mosquito nets, wear long sleeves, use repellents.",Paracetamol for fever. STRICTLY AVOID Aspirin or Ibuprofen.,Hospitalization may be required; consult immediately if experiencing severe abdominal pain or bleeding.
"i have dry cough, chills",Influenza (Flu),A viral infection that attacks your respiratory system.,"Strict bed rest, isolate yourself, stay hydrated.","Oseltamivir (if prescribed early), Paracetamol for fever.",Consult a doctor immediately if you experience shortness of breath or persistent chest pain.
"suffering from vomiting, sensitivity to light",Migraine,"A neurological condition that can cause multiple symptoms, frequently characterized by intense, debilitating headaches.","Rest in a quiet and dark room, avoid known triggers like caffeine or stress.","Ibuprofen, Triptans (prescription), Aspirin.",Consult a neurologist if migraines are frequent and severely disrupt daily life.
"experiencing muscle aches, vomiting",Gastroenteritis (Stomach Flu),"An intestinal infection marked by diarrhea, cramps, nausea, vomiting, and fever.","Stay hydrated, eat bland foods, wash hands thoroughly.","Oral rehydration salts (ORS), Loperamide (if advised).","Consult if you cannot keep liquids down for 24 hours, or if there is blood in stool."
"suffering from shortness of breath, fever, dry cough, loss of taste, sore throat, loss of smell, body aches",COVID-19,A highly contagious respiratory illness caused by the SARS-CoV-2 virus.,"Isolate, wear a mask, monitor oxygen levels.","Paracetamol, Vitamin C, Zinc, prescribed antivirals if severe.",Seek immediate medical attention if oxygen drops below 94% or you have difficulty breathing.
"i have stomach cramps, low-grade fever",Gastroenteritis (Stomach Flu),"An intestinal infection marked by diarrhea, cramps, nausea, vomiting, and fever.","Stay hydrated, eat bland foods, wash hands thoroughly.","Oral rehydration salts (ORS), Loperamide (if advised).","Consult if you cannot keep liquids down for 24 hours, or if there is blood in stool."
"vomiting, muscle aches, low-grade fever, nausea, diarrhea",Gastroenteritis (Stomach Flu),"An intestinal infection marked by diarrhea, cramps, nausea, vomiting, and fever.","Stay hydrated, eat bland foods, wash hands thoroughly.","Oral rehydration salts (ORS), Loperamide (if advised).","Consult if you cannot keep liquids down for 24 hours, or if there is blood in stool."
"suffering from fatigue, fever, sore throat, body aches, loss of taste, dry cough, shortness of breath, loss of smell",COVID-19,A highly contagious respiratory illness caused by the SARS-CoV-2 virus.,"Isolate, wear a mask, monitor oxygen levels.","Paracetamol, Vitamin C, Zinc, prescribed antivirals if severe.",Seek immediate medical attention if oxygen drops below 94% or you have difficulty breathing.
"i have weakness, fever, nausea, vomiting, diarrhea",Food Poisoning,Illness caused by eating contaminated food.,"Rest, stay hydrated with sips of water or clear broths.","Oral rehydration salts, Bismuth subsalicylate.","Consult a doctor if symptoms last more than a few days, or if you have a very high fever."
"chest tightness, shortness of breath",Asthma,A condition in which your airways narrow and swell and may produce extra mucus.,"Avoid triggers (smoke, strong odors), carry an inhaler always.","Bronchodilators (Albuterol inhaler), Inhaled corticosteroids.",Immediate emergency care required for severe shortness of breath or if an inhaler doesn't help.
"i have body aches, sore throat, fatigue, dry cough, loss of smell, shortness of breath, fever, loss of taste",COVID-19,A highly contagious respiratory illness caused by the SARS-CoV-2 virus.,"Isolate, wear a mask, monitor oxygen levels.","Paracetamol, Vitamin C, Zinc, prescribed antivirals if severe.",Seek immediate medical attention if oxygen drops below 94% or you have difficulty breathing.
"watery eyes, nasal congestion, runny nose",Allergic Rhinitis,"An allergic response causing itchy, watery eyes, sneezing, and other similar symptoms.","Avoid allergens (dust, pollen), keep indoors during high pollen seasons.","Antihistamines (Cetirizine, Loratadine), Nasal corticosteroids.",Consult an allergist if symptoms are severe and unresponsive to over-the-counter medicine.
"suffering from shortness of breath, loss of taste",COVID-19,A highly contagious respiratory illness caused by the SARS-CoV-2 virus.,"Isolate, wear a mask, monitor oxygen levels.","Paracetamol, Vitamin C, Zinc, prescribed antivirals if severe.",Seek immediate medical attention if oxygen drops below 94% or you have difficulty breathing.
"suffering from muscle pain, fatigue, joint pain, pain behind eyes",Dengue Fever,A mosquito-borne viral disease occurring in tropical and subtropical areas.,"Use mosquito nets, wear long sleeves, use repellents.",Paracetamol for fever. STRICTLY AVOID Aspirin or Ibuprofen.,Hospitalization may be required; consult immediately if experiencing severe abdominal pain or bleeding.
"experiencing fever, abdominal cramps, vomiting, nausea",Food Poisoning,Illness caused by eating contaminated food.,"Rest, stay hydrated with sips of water or clear broths.","Oral rehydration salts, Bismuth subsalicylate.","Consult a doctor if symptoms last more than a few days, or if you have a very high fever."
"experiencing rash, weakness, prolonged high fever, headache, loss of appetite",Typhoid,"A bacterial infection that can lead to a high fever, diarrhea, and vomiting.","Drink boiled or bottled water, avoid raw foods.","Antibiotics (prescription only), Paracetamol for fever.",Requires immediate medical consultation for a proper antibiotic course.
"high fever, rash, fatigue, pain behind eyes, muscle pain, joint pain, severe headache",Dengue Fever,A mosquito-borne viral disease occurring in tropical and subtropical areas.,"Use mosquito nets, wear long sleeves, use repellents.",Paracetamol for fever. STRICTLY AVOID Aspirin or Ibuprofen.,Hospitalization may be required; consult immediately if experiencing severe abdominal pain or bleeding.
"experiencing muscle aches, nausea, vomiting, diarrhea, stomach cramps, low-grade fever",Gastroenteritis (Stomach Flu),"An intestinal infection marked by diarrhea, cramps, nausea, vomiting, and fever.","Stay hydrated, eat bland foods, wash hands thoroughly.","Oral rehydration salts (ORS), Loperamide (if advised).","Consult if you cannot keep liquids down for 24 hours, or if there is blood in stool."
"i have runny nose, nasal congestion, sneezing, watery eyes",Allergic Rhinitis,"An allergic response causing itchy, watery eyes, sneezing, and other similar symptoms.","Avoid allergens (dust, pollen), keep indoors during high pollen seasons.","Antihistamines (Cetirizine, Loratadine), Nasal corticosteroids.",Consult an allergist if symptoms are severe and unresponsive to over-the-counter medicine.
"experiencing joint pain, fatigue, muscle pain, rash, pain behind eyes",Dengue Fever,A mosquito-borne viral disease occurring in tropical and subtropical areas.,"Use mosquito nets, wear long sleeves, use repellents.",Paracetamol for fever. STRICTLY AVOID Aspirin or Ibuprofen.,Hospitalization may be required; consult immediately if experiencing severe abdominal pain or bleeding.
"experiencing fever, weakness, diarrhea",Food Poisoning,Illness caused by eating contaminated food.,"Rest, stay hydrated with sips of water or clear broths.","Oral rehydration salts, Bismuth subsalicylate.","Consult a doctor if symptoms last more than a few days, or if you have a very high fever."
"dry cough, fatigue",COVID-19,A highly contagious respiratory illness caused by the SARS-CoV-2 virus.,"Isolate, wear a mask, monitor oxygen levels.","Paracetamol, Vitamin C, Zinc, prescribed antivirals if severe.",Seek immediate medical attention if oxygen drops below 94% or you have difficulty breathing.
"i have muscle aches, dry cough, high fever, chills, fatigue, sweats",Influenza (Flu),A viral infection that attacks your respiratory system.,"Strict bed rest, isolate yourself, stay hydrated.","Oseltamivir (if prescribed early), Paracetamol for fever.",Consult a doctor immediately if you experience shortness of breath or persistent chest pain.
"feeling severe headache, vomiting, sensitivity to light, throbbing pain",Migraine,"A neurological condition that can cause multiple symptoms, frequently characterized by intense, debilitating headaches.","Rest in a quiet and dark room, avoid known triggers like caffeine or stress.","Ibuprofen, Triptans (prescription), Aspirin.",Consult a neurologist if migraines are frequent and severely disrupt daily life.
"i have pain behind eyes, severe headache, rash, fatigue, muscle pain, high fever",Dengue Fever,A mosquito-borne viral disease occurring in tropical and subtropical areas.,"Use mosquito nets, wear long sleeves, use repellents.",Paracetamol for fever. STRICTLY AVOID Aspirin or Ibuprofen.,Hospitalization may be required; consult immediately if experiencing severe abdominal pain or bleeding.
"suffering from shortness of breath, coughing episodes, wheezing",Asthma,A condition in which your airways narrow and swell and may produce extra mucus.,"Avoid triggers (smoke, strong odors), carry an inhaler always.","Bronchodilators (Albuterol inhaler), Inhaled corticosteroids.",Immediate emergency care required for severe shortness of breath or if an inhaler doesn't help.
"i have vomiting, weakness",Food Poisoning,Illness caused by eating contaminated food.,"Rest, stay hydrated with sips of water or clear broths.","Oral rehydration salts, Bismuth subsalicylate.","Consult a doctor if symptoms last more than a few days, or if you have a very high fever."
"feeling vomiting, muscle aches, stomach cramps, low-grade fever",Gastroenteritis (Stomach Flu),"An intestinal infection marked by diarrhea, cramps, nausea, vomiting, and fever.","Stay hydrated, eat bland foods, wash hands thoroughly.","Oral rehydration salts (ORS), Loperamide (if advised).","Consult if you cannot keep liquids down for 24 hours, or if there is blood in stool."
"i have mild fever, cough, congestion, sneezing, runny nose, sore throat",Common Cold,A common viral infection of the nose and throat.,"Rest, drink plenty of fluids, wash hands often.","Paracetamol, Ibuprofen, Decongestants, Cough syrup.",Consult if symptoms last more than a week or if you develop a high fever.
"suffering from nausea, stomach cramps",Gastroenteritis (Stomach Flu),"An intestinal infection marked by diarrhea, cramps, nausea, vomiting, and fever.","Stay hydrated, eat bland foods, wash hands thoroughly.","Oral rehydration salts (ORS), Loperamide (if advised).","Consult if you cannot keep liquids down for 24 hours, or if there is blood in stool."
"i have abdominal cramps, fever, nausea, vomiting",Food Poisoning,Illness caused by eating contaminated food.,"Rest, stay hydrated with sips of water or clear broths.","Oral rehydration salts, Bismuth subsalicylate.","Consult a doctor if symptoms last more than a few days, or if you have a very high fever."
"feeling loss of appetite, prolonged high fever, stomach pain",Typhoid,"A bacterial infection that can lead to a high fever, diarrhea, and vomiting.","Drink boiled or bottled water, avoid raw foods.","Antibiotics (prescription only), Paracetamol for fever.",Requires immediate medical consultation for a proper antibiotic course.
"experiencing weakness, fever, nausea",Food Poisoning,Illness caused by eating contaminated food.,"Rest, stay hydrated with sips of water or clear broths.","Oral rehydration salts, Bismuth subsalicylate.","Consult a doctor if symptoms last more than a few days, or if you have a very high fever."
"dry cough, loss of smell, fever",COVID-19,A highly contagious respiratory illness caused by the SARS-CoV-2 virus.,"Isolate, wear a mask, monitor oxygen levels.","Paracetamol, Vitamin C, Zinc, prescribed antivirals if severe.",Seek immediate medical attention if oxygen drops below 94% or you have difficulty breathing.
"i have nausea, stomach cramps, vomiting, diarrhea, muscle aches",Gastroenteritis (Stomach Flu),"An intestinal infection marked by diarrhea, cramps, nausea, vomiting, and fever.","Stay hydrated, eat bland foods, wash hands thoroughly.","Oral rehydration salts (ORS), Loperamide (if advised).","Consult if you cannot keep liquids down for 24 hours, or if there is blood in stool."
"feeling congestion, sneezing, sore throat, cough, mild fever, runny nose",Common Cold,A common viral infection of the nose and throat.,"Rest, drink plenty of fluids, wash hands often.","Paracetamol, Ibuprofen, Decongestants, Cough syrup.",Consult if symptoms last more than a week or if you develop a high fever.
"suffering from sore throat, congestion, mild fever, runny nose",Common Cold,A common viral infection of the nose and throat.,"Rest, drink plenty of fluids, wash hands often.","Paracetamol, Ibuprofen, Decongestants, Cough syrup.",Consult if symptoms last more than a week or if you develop a high fever.
"suffering from nausea, low-grade fever, diarrhea, vomiting, stomach cramps, muscle aches",Gastroenteritis (Stomach Flu),"An intestinal infection marked by diarrhea, cramps, nausea, vomiting, and fever.","Stay hydrated, eat bland foods, wash hands thoroughly.","Oral rehydration salts (ORS), Loperamide (if advised).","Consult if you cannot keep liquids down for 24 hours, or if there is blood in stool."
"suffering from loss of taste, dry cough, shortness of breath, sore throat, loss of smell, body aches, fever, fatigue",COVID-19,A highly contagious respiratory illness caused by the SARS-CoV-2 virus.,"Isolate, wear a mask, monitor oxygen levels.","Paracetamol, Vitamin C, Zinc, prescribed antivirals if severe.",Seek immediate medical attention if oxygen drops below 94% or you have difficulty breathing.
"dry cough, high fever, fatigue, chills, muscle aches, headache",Influenza (Flu),A viral infection that attacks your respiratory system.,"Strict bed rest, isolate yourself, stay hydrated.","Oseltamivir (if prescribed early), Paracetamol for fever.",Consult a doctor immediately if you experience shortness of breath or persistent chest pain.
"feeling sneezing, cough, mild fever, congestion",Common Cold,A common viral infection of the nose and throat.,"Rest, drink plenty of fluids, wash hands often.","Paracetamol, Ibuprofen, Decongestants, Cough syrup.",Consult if symptoms last more than a week or if you develop a high fever.
"experiencing body aches, shortness of breath, fever, loss of taste, loss of smell, dry cough, sore throat",COVID-19,A highly contagious respiratory illness caused by the SARS-CoV-2 virus.,"Isolate, wear a mask, monitor oxygen levels.","Paracetamol, Vitamin C, Zinc, prescribed antivirals if severe.",Seek immediate medical attention if oxygen drops below 94% or you have difficulty breathing.
"i have dry cough, sore throat, shortness of breath, loss of taste",COVID-19,A highly contagious respiratory illness caused by the SARS-CoV-2 virus.,"Isolate, wear a mask, monitor oxygen levels.","Paracetamol, Vitamin C, Zinc, prescribed antivirals if severe.",Seek immediate medical attention if oxygen drops below 94% or you have difficulty breathing.
"feeling low-grade fever, diarrhea, muscle aches",Gastroenteritis (Stomach Flu),"An intestinal infection marked by diarrhea, cramps, nausea, vomiting, and fever.","Stay hydrated, eat bland foods, wash hands thoroughly.","Oral rehydration salts (ORS), Loperamide (if advised).","Consult if you cannot keep liquids down for 24 hours, or if there is blood in stool."
"feeling severe headache, high fever, fatigue",Dengue Fever,A mosquito-borne viral disease occurring in tropical and subtropical areas.,"Use mosquito nets, wear long sleeves, use repellents.",Paracetamol for fever. STRICTLY AVOID Aspirin or Ibuprofen.,Hospitalization may be required; consult immediately if experiencing severe abdominal pain or bleeding.
"suffering from nausea, severe headache, sensitivity to light, sensitivity to sound, throbbing pain",Migraine,"A neurological condition that can cause multiple symptoms, frequently characterized by intense, debilitating headaches.","Rest in a quiet and dark room, avoid known triggers like caffeine or stress.","Ibuprofen, Triptans (prescription), Aspirin.",Consult a neurologist if migraines are frequent and severely disrupt daily life.
"experiencing wheezing, shortness of breath, rapid breathing, chest tightness",Asthma,A condition in which your airways narrow and swell and may produce extra mucus.,"Avoid triggers (smoke, strong odors), carry an inhaler always.","Bronchodilators (Albuterol inhaler), Inhaled corticosteroids.",Immediate emergency care required for severe shortness of breath or if an inhaler doesn't help.
"suffering from muscle aches, diarrhea, vomiting",Gastroenteritis (Stomach Flu),"An intestinal infection marked by diarrhea, cramps, nausea, vomiting, and fever.","Stay hydrated, eat bland foods, wash hands thoroughly.","Oral rehydration salts (ORS), Loperamide (if advised).","Consult if you cannot keep liquids down for 24 hours, or if there is blood in stool."
"suffering from headache, rash",Typhoid,"A bacterial infection that can lead to a high fever, diarrhea, and vomiting.","Drink boiled or bottled water, avoid raw foods.","Antibiotics (prescription only), Paracetamol for fever.",Requires immediate medical consultation for a proper antibiotic course.
"experiencing fatigue, body aches, dry cough, shortness of breath, loss of smell, loss of taste, fever, sore throat",COVID-19,A highly contagious respiratory illness caused by the SARS-CoV-2 virus.,"Isolate, wear a mask, monitor oxygen levels.","Paracetamol, Vitamin C, Zinc, prescribed antivirals if severe.",Seek immediate medical attention if oxygen drops below 94% or you have difficulty breathing.
"experiencing high fever, dry cough",Influenza (Flu),A viral infection that attacks your respiratory system.,"Strict bed rest, isolate yourself, stay hydrated.","Oseltamivir (if prescribed early), Paracetamol for fever.",Consult a doctor immediately if you experience shortness of breath or persistent chest pain.
"i have nausea, vomiting, low-grade fever, stomach cramps, muscle aches",Gastroenteritis (Stomach Flu),"An intestinal infection marked by diarrhea, cramps, nausea, vomiting, and fever.","Stay hydrated, eat bland foods, wash hands thoroughly.","Oral rehydration salts (ORS), Loperamide (if advised).","Consult if you cannot keep liquids down for 24 hours, or if there is blood in stool."
"suffering from shortness of breath, rapid breathing",Asthma,A condition in which your airways narrow and swell and may produce extra mucus.,"Avoid triggers (smoke, strong odors), carry an inhaler always.","Bronchodilators (Albuterol inhaler), Inhaled corticosteroids.",Immediate emergency care required for severe shortness of breath or if an inhaler doesn't help.
"suffering from high fever, headache, fatigue, muscle aches, chills, sweats, dry cough",Influenza (Flu),A viral infection that attacks your respiratory system.,"Strict bed rest, isolate yourself, stay hydrated.","Oseltamivir (if prescribed early), Paracetamol for fever.",Consult a doctor immediately if you experience shortness of breath or persistent chest pain.
"muscle aches, low-grade fever, diarrhea, vomiting, nausea, stomach cramps",Gastroenteritis (Stomach Flu),"An intestinal infection marked by diarrhea, cramps, nausea, vomiting, and fever.","Stay hydrated, eat bland foods, wash hands thoroughly.","Oral rehydration salts (ORS), Loperamide (if advised).","Consult if you cannot keep liquids down for 24 hours, or if there is blood in stool."
"i have cough, mild fever, congestion, runny nose, sneezing",Common Cold,A common viral infection of the nose and throat.,"Rest, drink plenty of fluids, wash hands often.","Paracetamol, Ibuprofen, Decongestants, Cough syrup.",Consult if symptoms last more than a week or if you develop a high fever.
"feeling chills, sweats",Influenza (Flu),A viral infection that attacks your respiratory system.,"Strict bed rest, isolate yourself, stay hydrated.","Oseltamivir (if prescribed early), Paracetamol for fever.",Consult a doctor immediately if you experience shortness of breath or persistent chest pain.
"fever, diarrhea, abdominal cramps, vomiting",Food Poisoning,Illness caused by eating contaminated food.,"Rest, stay hydrated with sips of water or clear broths.","Oral rehydration salts, Bismuth subsalicylate.","Consult a doctor if symptoms last more than a few days, or if you have a very high fever."
"feeling severe headache, muscle pain, pain behind eyes, fatigue, high fever",Dengue Fever,A mosquito-borne viral disease occurring in tropical and subtropical areas.,"Use mosquito nets, wear long sleeves, use repellents.",Paracetamol for fever. STRICTLY AVOID Aspirin or Ibuprofen.,Hospitalization may be required; consult immediately if experiencing severe abdominal pain or bleeding.
"stomach cramps, diarrhea, vomiting, low-grade fever, nausea, muscle aches",Gastroenteritis (Stomach Flu),"An intestinal infection marked by diarrhea, cramps, nausea, vomiting, and fever.","Stay hydrated, eat bland foods, wash hands thoroughly.","Oral rehydration salts (ORS), Loperamide (if advised).","Consult if you cannot keep liquids down for 24 hours, or if there is blood in stool."
"experiencing prolonged high fever, weakness, stomach pain, rash, loss of appetite",Typhoid,"A bacterial infection that can lead to a high fever, diarrhea, and vomiting.","Drink boiled or bottled water, avoid raw foods.","Antibiotics (prescription only), Paracetamol for fever.",Requires immediate medical consultation for a proper antibiotic course.
"experiencing muscle aches, stomach cramps, low-grade fever, nausea",Gastroenteritis (Stomach Flu),"An intestinal infection marked by diarrhea, cramps, nausea, vomiting, and fever.","Stay hydrated, eat bland foods, wash hands thoroughly.","Oral rehydration salts (ORS), Loperamide (if advised).","Consult if you cannot keep liquids down for 24 hours, or if there is blood in stool."
"throbbing pain, nausea, sensitivity to light, severe headache, vomiting, sensitivity to sound",Migraine,"A neurological condition that can cause multiple symptoms, frequently characterized by intense, debilitating headaches.","Rest in a quiet and dark room, avoid known triggers like caffeine or stress.","Ibuprofen, Triptans (prescription), Aspirin.",Consult a neurologist if migraines are frequent and severely disrupt daily life.
"feeling stomach cramps, low-grade fever, nausea",Gastroenteritis (Stomach Flu),"An intestinal infection marked by diarrhea, cramps, nausea, vomiting, and fever.","Stay hydrated, eat bland foods, wash hands thoroughly.","Oral rehydration salts (ORS), Loperamide (if advised).","Consult if you cannot keep liquids down for 24 hours, or if there is blood in stool."
"i have low-grade fever, muscle aches, diarrhea, vomiting, nausea",Gastroenteritis (Stomach Flu),"An intestinal infection marked by diarrhea, cramps, nausea, vomiting, and fever.","Stay hydrated, eat bland foods, wash hands thoroughly.","Oral rehydration salts (ORS), Loperamide (if advised).","Consult if you cannot keep liquids down for 24 hours, or if there is blood in stool."
"i have runny nose, mild fever, sore throat, sneezing, congestion",Common Cold,A common viral infection of the nose and throat.,"Rest, drink plenty of fluids, wash hands often.","Paracetamol, Ibuprofen, Decongestants, Cough syrup.",Consult if symptoms last more than a week or if you develop a high fever.
"dry cough, sore throat, fever, loss of smell, body aches",COVID-19,A highly contagious respiratory illness caused by the SARS-CoV-2 virus.,"Isolate, wear a mask, monitor oxygen levels.","Paracetamol, Vitamin C, Zinc, prescribed antivirals if severe.",Seek immediate medical attention if oxygen drops below 94% or you have difficulty breathing.
"experiencing shortness of breath, rapid breathing",Asthma,A condition in which your airways narrow and swell and may produce extra mucus.,"Avoid triggers (smoke, strong odors), carry an inhaler always.","Bronchodilators (Albuterol inhaler), Inhaled corticosteroids.",Immediate emergency care required for severe shortness of breath or if an inhaler doesn't help.
"feeling wheezing, chest tightness, rapid breathing, coughing episodes",Asthma,A condition in which your airways narrow and swell and may produce extra mucus.,"Avoid triggers (smoke, strong odors), carry an inhaler always.","Bronchodilators (Albuterol inhaler), Inhaled corticosteroids.",Immediate emergency care required for severe shortness of breath or if an inhaler doesn't help.
"experiencing nausea, stomach cramps, diarrhea",Gastroenteritis (Stomach Flu),"An intestinal infection marked by diarrhea, cramps, nausea, vomiting, and fever.","Stay hydrated, eat bland foods, wash hands thoroughly.","Oral rehydration salts (ORS), Loperamide (if advised).","Consult if you cannot keep liquids down for 24 hours, or if there is blood in stool."
"i have high fever, muscle pain",Dengue Fever,A mosquito-borne viral disease occurring in tropical and subtropical areas.,"Use mosquito nets, wear long sleeves, use repellents.",Paracetamol for fever. STRICTLY AVOID Aspirin or Ibuprofen.,Hospitalization may be required; consult immediately if experiencing severe abdominal pain or bleeding.
"suffering from sensitivity to light, nausea, severe headache, sensitivity to sound, throbbing pain",Migraine,"A neurological condition that can cause multiple symptoms, frequently characterized by intense, debilitating headaches.","Rest in a quiet and dark room, avoid known triggers like caffeine or stress.","Ibuprofen, Triptans (prescription), Aspirin.",Consult a neurologist if migraines are frequent and severely disrupt daily life.
"i have itchy eyes, nasal congestion, itchy throat, sneezing, runny nose",Allergic Rhinitis,"An allergic response causing itchy, watery eyes, sneezing, and other similar symptoms.","Avoid allergens (dust, pollen), keep indoors during high pollen seasons.","Antihistamines (Cetirizine, Loratadine), Nasal corticosteroids.",Consult an allergist if symptoms are severe and unresponsive to over-the-counter medicine.
"suffering from coughing episodes, rapid breathing, shortness of breath",Asthma,A condition in which your airways narrow and swell and may produce extra mucus.,"Avoid triggers (smoke, strong odors), carry an inhaler always.","Bronchodilators (Albuterol inhaler), Inhaled corticosteroids.",Immediate emergency care required for severe shortness of breath or if an inhaler doesn't help.
"experiencing severe headache, nausea, sensitivity to sound, sensitivity to light",Migraine,"A neurological condition that can cause multiple symptoms, frequently characterized by intense, debilitating headaches.","Rest in a quiet and dark room, avoid known triggers like caffeine or stress.","Ibuprofen, Triptans (prescription), Aspirin.",Consult a neurologist if migraines are frequent and severely disrupt daily life.
"feeling itchy eyes, sneezing",Allergic Rhinitis,"An allergic response causing itchy, watery eyes, sneezing, and other similar symptoms.","Avoid allergens (dust, pollen), keep indoors during high pollen seasons.","Antihistamines (Cetirizine, Loratadine), Nasal corticosteroids.",Consult an allergist if symptoms are severe and unresponsive to over-the-counter medicine.
"suffering from headache, rash, weakness, stomach pain, prolonged high fever, loss of appetite",Typhoid,"A bacterial infection that can lead to a high fever, diarrhea, and vomiting.","Drink boiled or bottled water, avoid raw foods.","Antibiotics (prescription only), Paracetamol for fever.",Requires immediate medical consultation for a proper antibiotic course.
"muscle aches, vomiting",Gastroenteritis (Stomach Flu),"An intestinal infection marked by diarrhea, cramps, nausea, vomiting, and fever.","Stay hydrated, eat bland foods, wash hands thoroughly.","Oral rehydration salts (ORS), Loperamide (if advised).","Consult if you cannot keep liquids down for 24 hours, or if there is blood in stool."
"suffering from sneezing, runny nose, itchy eyes",Allergic Rhinitis,"An allergic response causing itchy, watery eyes, sneezing, and other similar symptoms.","Avoid allergens (dust, pollen), keep indoors during high pollen seasons.","Antihistamines (Cetirizine, Loratadine), Nasal corticosteroids.",Consult an allergist if symptoms are severe and unresponsive to over-the-counter medicine.
"i have sore throat, congestion, sneezing",Common Cold,A common viral infection of the nose and throat.,"Rest, drink plenty of fluids, wash hands often.","Paracetamol, Ibuprofen, Decongestants, Cough syrup.",Consult if symptoms last more than a week or if you develop a high fever.
"i have nasal congestion, itchy throat, runny nose, itchy eyes, sneezing, watery eyes",Allergic Rhinitis,"An allergic response causing itchy, watery eyes, sneezing, and other similar symptoms.","Avoid allergens (dust, pollen), keep indoors during high pollen seasons.","Antihistamines (Cetirizine, Loratadine), Nasal corticosteroids.",Consult an allergist if symptoms are severe and unresponsive to over-the-counter medicine.
"suffering from mild fever, sore throat, cough",Common Cold,A common viral infection of the nose and throat.,"Rest, drink plenty of fluids, wash hands often.","Paracetamol, Ibuprofen, Decongestants, Cough syrup.",Consult if symptoms last more than a week or if you develop a high fever.
"feeling nausea, abdominal cramps, vomiting, diarrhea, weakness, fever",Food Poisoning,Illness caused by eating contaminated food.,"Rest, stay hydrated with sips of water or clear broths.","Oral rehydration salts, Bismuth subsalicylate.","Consult a doctor if symptoms last more than a few days, or if you have a very high fever."
"suffering from nausea, abdominal cramps, weakness",Food Poisoning,Illness caused by eating contaminated food.,"Rest, stay hydrated with sips of water or clear broths.","Oral rehydration salts, Bismuth subsalicylate.","Consult a doctor if symptoms last more than a few days, or if you have a very high fever."
"feeling loss of smell, shortness of breath, body aches, fatigue",COVID-19,A highly contagious respiratory illness caused by the SARS-CoV-2 virus.,"Isolate, wear a mask, monitor oxygen levels.","Paracetamol, Vitamin C, Zinc, prescribed antivirals if severe.",Seek immediate medical attention if oxygen drops below 94% or you have difficulty breathing.
"suffering from weakness, abdominal cramps, fever",Food Poisoning,Illness caused by eating contaminated food.,"Rest, stay hydrated with sips of water or clear broths.","Oral rehydration salts, Bismuth subsalicylate.","Consult a doctor if symptoms last more than a few days, or if you have a very high fever."
"experiencing shortness of breath, body aches",COVID-19,A highly contagious respiratory illness caused by the SARS-CoV-2 virus.,"Isolate, wear a mask, monitor oxygen levels.","Paracetamol, Vitamin C, Zinc, prescribed antivirals if severe.",Seek immediate medical attention if oxygen drops below 94% or you have difficulty breathing.
"i have headache, chills",Influenza (Flu),A viral infection that attacks your respiratory system.,"Strict bed rest, isolate yourself, stay hydrated.","Oseltamivir (if prescribed early), Paracetamol for fever.",Consult a doctor immediately if you experience shortness of breath or persistent chest pain.
"i have vomiting, nausea, diarrhea, abdominal cramps",Food Poisoning,Illness caused by eating contaminated food.,"Rest, stay hydrated with sips of water or clear broths.","Oral rehydration salts, Bismuth subsalicylate.","Consult a doctor if symptoms last more than a few days, or if you have a very high fever."
"weakness, rash, stomach pain, headache, loss of appetite",Typhoid,"A bacterial infection that can lead to a high fever, diarrhea, and vomiting.","Drink boiled or bottled water, avoid raw foods.","Antibiotics (prescription only), Paracetamol for fever.",Requires immediate medical consultation for a proper antibiotic course.
"i have shortness of breath, rapid breathing, wheezing, coughing episodes, chest tightness",Asthma,A condition in which your airways narrow and swell and may produce extra mucus.,"Avoid triggers (smoke, strong odors), carry an inhaler always.","Bronchodilators (Albuterol inhaler), Inhaled corticosteroids.",Immediate emergency care required for severe shortness of breath or if an inhaler doesn't help.
"i have fatigue, body aches, fever, loss of taste, dry cough",COVID-19,A highly contagious respiratory illness caused by the SARS-CoV-2 virus.,"Isolate, wear a mask, monitor oxygen levels.","Paracetamol, Vitamin C, Zinc, prescribed antivirals if severe.",Seek immediate medical attention if oxygen drops below 94% or you have difficulty breathing.
"experiencing nausea, fever, abdominal cramps, vomiting, weakness",Food Poisoning,Illness caused by eating contaminated food.,"Rest, stay hydrated with sips of water or clear broths.","Oral rehydration salts, Bismuth subsalicylate.","Consult a doctor if symptoms last more than a few days, or if you have a very high fever."
"feeling nasal congestion, runny nose, itchy throat, sneezing, watery eyes, itchy eyes",Allergic Rhinitis,"An allergic response causing itchy, watery eyes, sneezing, and other similar symptoms.","Avoid allergens (dust, pollen), keep indoors during high pollen seasons.","Antihistamines (Cetirizine, Loratadine), Nasal corticosteroids.",Consult an allergist if symptoms are severe and unresponsive to over-the-counter medicine.
"feeling loss of appetite, prolonged high fever, stomach pain, rash, weakness, headache",Typhoid,"A bacterial infection that can lead to a high fever, diarrhea, and vomiting.","Drink boiled or bottled water, avoid raw foods.","Antibiotics (prescription only), Paracetamol for fever.",Requires immediate medical consultation for a proper antibiotic course.
"fever, loss of taste, dry cough, shortness of breath",COVID-19,A highly contagious respiratory illness caused by the SARS-CoV-2 virus.,"Isolate, wear a mask, monitor oxygen levels.","Paracetamol, Vitamin C, Zinc, prescribed antivirals if severe.",Seek immediate medical attention if oxygen drops below 94% or you have difficulty breathing.
"i have mild fever, congestion, runny nose, sore throat, sneezing, cough",Common Cold,A common viral infection of the nose and throat.,"Rest, drink plenty of fluids, wash hands often.","Paracetamol, Ibuprofen, Decongestants, Cough syrup.",Consult if symptoms last more than a week or if you develop a high fever.
"feeling stomach cramps, nausea, diarrhea",Gastroenteritis (Stomach Flu),"An intestinal infection marked by diarrhea, cramps, nausea, vomiting, and fever.","Stay hydrated, eat bland foods, wash hands thoroughly.","Oral rehydration salts (ORS), Loperamide (if advised).","Consult if you cannot keep liquids down for 24 hours, or if there is blood in stool."
"suffering from loss of smell, body aches, fatigue, shortness of breath, fever",COVID-19,A highly contagious respiratory illness caused by the SARS-CoV-2 virus.,"Isolate, wear a mask, monitor oxygen levels.","Paracetamol, Vitamin C, Zinc, prescribed antivirals if severe.",Seek immediate medical attention if oxygen drops below 94% or you have difficulty breathing.
"feeling vomiting, sensitivity to light, nausea, severe headache, throbbing pain",Migraine,"A neurological condition that can cause multiple symptoms, frequently characterized by intense, debilitating headaches.","Rest in a quiet and dark room, avoid known triggers like caffeine or stress.","Ibuprofen, Triptans (prescription), Aspirin.",Consult a neurologist if migraines are frequent and severely disrupt daily life.
"suffering from low-grade fever, stomach cramps",Gastroenteritis (Stomach Flu),"An intestinal infection marked by diarrhea, cramps, nausea, vomiting, and fever.","Stay hydrated, eat bland foods, wash hands thoroughly.","Oral rehydration salts (ORS), Loperamide (if advised).","Consult if you cannot keep liquids down for 24 hours, or if there is blood in stool."
"suffering from severe headache, muscle pain, fatigue, high fever, pain behind eyes, joint pain",Dengue Fever,A mosquito-borne viral disease occurring in tropical and subtropical areas.,"Use mosquito nets, wear long sleeves, use repellents.",Paracetamol for fever. STRICTLY AVOID Aspirin or Ibuprofen.,Hospitalization may be required; consult immediately if experiencing severe abdominal pain or bleeding.
"diarrhea, vomiting, low-grade fever, muscle aches",Gastroenteritis (Stomach Flu),"An intestinal infection marked by diarrhea, cramps, nausea, vomiting, and fever.","Stay hydrated, eat bland foods, wash hands thoroughly.","Oral rehydration salts (ORS), Loperamide (if advised).","Consult if you cannot keep liquids down for 24 hours, or if there is blood in stool."
"i have chest tightness, coughing episodes, wheezing, rapid breathing, shortness of breath",Asthma,A condition in which your airways narrow and swell and may produce extra mucus.,"Avoid triggers (smoke, strong odors), carry an inhaler always.","Bronchodilators (Albuterol inhaler), Inhaled corticosteroids.",Immediate emergency care required for severe shortness of breath or if an inhaler doesn't help.
"weakness, nausea, abdominal cramps",Food Poisoning,Illness caused by eating contaminated food.,"Rest, stay hydrated with sips of water or clear broths.","Oral rehydration salts, Bismuth subsalicylate.","Consult a doctor if symptoms last more than a few days, or if you have a very high fever."
"feeling sweats, high fever, headache",Influenza (Flu),A viral infection that attacks your respiratory system.,"Strict bed rest, isolate yourself, stay hydrated.","Oseltamivir (if prescribed early), Paracetamol for fever.",Consult a doctor immediately if you experience shortness of breath or persistent chest pain.
"experiencing nausea, throbbing pain",Migraine,"A neurological condition that can cause multiple symptoms, frequently characterized by intense, debilitating headaches.","Rest in a quiet and dark room, avoid known triggers like caffeine or stress.","Ibuprofen, Triptans (prescription), Aspirin.",Consult a neurologist if migraines are frequent and severely disrupt daily life.
"experiencing shortness of breath, rapid breathing, chest tightness",Asthma,A condition in which your airways narrow and swell and may produce extra mucus.,"Avoid triggers (smoke, strong odors), carry an inhaler always.","Bronchodilators (Albuterol inhaler), Inhaled corticosteroids.",Immediate emergency care required for severe shortness of breath or if an inhaler doesn't help.
"i have sweats, chills, fatigue",Influenza (Flu),A viral infection that attacks your respiratory system.,"Strict bed rest, isolate yourself, stay hydrated.","Oseltamivir (if prescribed early), Paracetamol for fever.",Consult a doctor immediately if you experience shortness of breath or persistent chest pain.
"feeling coughing episodes, rapid breathing, shortness of breath, wheezing",Asthma,A condition in which your airways narrow and swell and may produce extra mucus.,"Avoid triggers (smoke, strong odors), carry an inhaler always.","Bronchodilators (Albuterol inhaler), Inhaled corticosteroids.",Immediate emergency care required for severe shortness of breath or if an inhaler doesn't help.
"dry cough, sore throat",COVID-19,A highly contagious respiratory illness caused by the SARS-CoV-2 virus.,"Isolate, wear a mask, monitor oxygen levels.","Paracetamol, Vitamin C, Zinc, prescribed antivirals if severe.",Seek immediate medical attention if oxygen drops below 94% or you have difficulty breathing.
"feeling rash, joint pain, high fever, muscle pain, severe headache",Dengue Fever,A mosquito-borne viral disease occurring in tropical and subtropical areas.,"Use mosquito nets, wear long sleeves, use repellents.",Paracetamol for fever. STRICTLY AVOID Aspirin or Ibuprofen.,Hospitalization may be required; consult immediately if experiencing severe abdominal pain or bleeding.
"feeling itchy eyes, nasal congestion, itchy throat, sneezing, runny nose",Allergic Rhinitis,"An allergic response causing itchy, watery eyes, sneezing, and other similar symptoms.","Avoid allergens (dust, pollen), keep indoors during high pollen seasons.","Antihistamines (Cetirizine, Loratadine), Nasal corticosteroids.",Consult an allergist if symptoms are severe and unresponsive to over-the-counter medicine.
"suffering from rash, weakness, prolonged high fever, stomach pain, headache",Typhoid,"A bacterial infection that can lead to a high fever, diarrhea, and vomiting.","Drink boiled or bottled water, avoid raw foods.","Antibiotics (prescription only), Paracetamol for fever.",Requires immediate medical consultation for a proper antibiotic course.
"i have sore throat, cough",Common Cold,A common viral infection of the nose and throat.,"Rest, drink plenty of fluids, wash hands often.","Paracetamol, Ibuprofen, Decongestants, Cough syrup.",Consult if symptoms last more than a week or if you develop a high fever.
"feeling diarrhea, low-grade fever, stomach cramps, nausea",Gastroenteritis (Stomach Flu),"An intestinal infection marked by diarrhea, cramps, nausea, vomiting, and fever.","Stay hydrated, eat bland foods, wash hands thoroughly.","Oral rehydration salts (ORS), Loperamide (if advised).","Consult if you cannot keep liquids down for 24 hours, or if there is blood in stool."
"suffering from rapid breathing, coughing episodes, shortness of breath",Asthma,A condition in which your airways narrow and swell and may produce extra mucus.,"Avoid triggers (smoke, strong odors), carry an inhaler always.","Bronchodilators (Albuterol inhaler), Inhaled corticosteroids.",Immediate emergency care required for severe shortness of breath or if an inhaler doesn't help.
"suffering from weakness, diarrhea, abdominal cramps, vomiting, nausea, fever",Food Poisoning,Illness caused by eating contaminated food.,"Rest, stay hydrated with sips of water or clear broths.","Oral rehydration salts, Bismuth subsalicylate.","Consult a doctor if symptoms last more than a few days, or if you have a very high fever."
"suffering from fever, abdominal cramps",Food Poisoning,Illness caused by eating contaminated food.,"Rest, stay hydrated with sips of water or clear broths.","Oral rehydration salts, Bismuth subsalicylate.","Consult a doctor if symptoms last more than a few days, or if you have a very high fever."
"experiencing wheezing, chest tightness, shortness of breath",Asthma,A condition in which your airways narrow and swell and may produce extra mucus.,"Avoid triggers (smoke, strong odors), carry an inhaler always.","Bronchodilators (Albuterol inhaler), Inhaled corticosteroids.",Immediate emergency care required for severe shortness of breath or if an inhaler doesn't help.
"congestion, sneezing, sore throat, runny nose, mild fever",Common Cold,A common viral infection of the nose and throat.,"Rest, drink plenty of fluids, wash hands often.","Paracetamol, Ibuprofen, Decongestants, Cough syrup.",Consult if symptoms last more than a week or if you develop a high fever.
"feeling stomach pain, loss of appetite, headache, weakness",Typhoid,"A bacterial infection that can lead to a high fever, diarrhea, and vomiting.","Drink boiled or bottled water, avoid raw foods.","Antibiotics (prescription only), Paracetamol for fever.",Requires immediate medical consultation for a proper antibiotic course.
"experiencing prolonged high fever, rash",Typhoid,"A bacterial infection that can lead to a high fever, diarrhea, and vomiting.","Drink boiled or bottled water, avoid raw foods.","Antibiotics (prescription only), Paracetamol for fever.",Requires immediate medical consultation for a proper antibiotic course.
"i have fever, weakness, abdominal cramps",Food Poisoning,Illness caused by eating contaminated food.,"Rest, stay hydrated with sips of water or clear broths.","Oral rehydration salts, Bismuth subsalicylate.","Consult a doctor if symptoms last more than a few days, or if you have a very high fever."
"muscle aches, fatigue, chills, sweats, headache, dry cough, high fever",Influenza (Flu),A viral infection that attacks your respiratory system.,"Strict bed rest, isolate yourself, stay hydrated.","Oseltamivir (if prescribed early), Paracetamol for fever.",Consult a doctor immediately if you experience shortness of breath or persistent chest pain.
"experiencing weakness, vomiting, fever, abdominal cramps, nausea",Food Poisoning,Illness caused by eating contaminated food.,"Rest, stay hydrated with sips of water or clear broths.","Oral rehydration salts, Bismuth subsalicylate.","Consult a doctor if symptoms last more than a few days, or if you have a very high fever."
"suffering from low-grade fever, nausea",Gastroenteritis (Stomach Flu),"An intestinal infection marked by diarrhea, cramps, nausea, vomiting, and fever.","Stay hydrated, eat bland foods, wash hands thoroughly.","Oral rehydration salts (ORS), Loperamide (if advised).","Consult if you cannot keep liquids down for 24 hours, or if there is blood in stool."
"loss of appetite, headache, prolonged high fever, rash, weakness, stomach pain",Typhoid,"A bacterial infection that can lead to a high fever, diarrhea, and vomiting.","Drink boiled or bottled water, avoid raw foods.","Antibiotics (prescription only), Paracetamol for fever.",Requires immediate medical consultation for a proper antibiotic course.
"suffering from rapid breathing, wheezing, chest tightness",Asthma,A condition in which your airways narrow and swell and may produce extra mucus.,"Avoid triggers (smoke, strong odors), carry an inhaler always.","Bronchodilators (Albuterol inhaler), Inhaled corticosteroids.",Immediate emergency care required for severe shortness of breath or if an inhaler doesn't help.
"loss of appetite, headache, weakness, prolonged high fever, rash",Typhoid,"A bacterial infection that can lead to a high fever, diarrhea, and vomiting.","Drink boiled or bottled water, avoid raw foods.","Antibiotics (prescription only), Paracetamol for fever.",Requires immediate medical consultation for a proper antibiotic course.
"i have weakness, headache, prolonged high fever, loss of appetite, rash, stomach pain",Typhoid,"A bacterial infection that can lead to a high fever, diarrhea, and vomiting.","Drink boiled or bottled water, avoid raw foods.","Antibiotics (prescription only), Paracetamol for fever.",Requires immediate medical consultation for a proper antibiotic course.
"feeling chest tightness, coughing episodes, rapid breathing",Asthma,A condition in which your airways narrow and swell and may produce extra mucus.,"Avoid triggers (smoke, strong odors), carry an inhaler always.","Bronchodilators (Albuterol inhaler), Inhaled corticosteroids.",Immediate emergency care required for severe shortness of breath or if an inhaler doesn't help.
"severe headache, vomiting, throbbing pain",Migraine,"A neurological condition that can cause multiple symptoms, frequently characterized by intense, debilitating headaches.","Rest in a quiet and dark room, avoid known triggers like caffeine or stress.","Ibuprofen, Triptans (prescription), Aspirin.",Consult a neurologist if migraines are frequent and severely disrupt daily life.
"experiencing weakness, headache, prolonged high fever",Typhoid,"A bacterial infection that can lead to a high fever, diarrhea, and vomiting.","Drink boiled or bottled water, avoid raw foods.","Antibiotics (prescription only), Paracetamol for fever.",Requires immediate medical consultation for a proper antibiotic course.
"suffering from sweats, dry cough, headache, muscle aches, chills, fatigue",Influenza (Flu),A viral infection that attacks your respiratory system.,"Strict bed rest, isolate yourself, stay hydrated.","Oseltamivir (if prescribed early), Paracetamol for fever.",Consult a doctor immediately if you experience shortness of breath or persistent chest pain.
"experiencing cough, sore throat, mild fever, runny nose, sneezing",Common Cold,A common viral infection of the nose and throat.,"Rest, drink plenty of fluids, wash hands often.","Paracetamol, Ibuprofen, Decongestants, Cough syrup.",Consult if symptoms last more than a week or if you develop a high fever.
"cough, runny nose, mild fever, sore throat, congestion",Common Cold,A common viral infection of the nose and throat.,"Rest, drink plenty of fluids, wash hands often.","Paracetamol, Ibuprofen, Decongestants, Cough syrup.",Consult if symptoms last more than a week or if you develop a high fever.
"feeling sneezing, cough, sore throat, mild fever",Common Cold,A common viral infection of the nose and throat.,"Rest, drink plenty of fluids, wash hands often.","Paracetamol, Ibuprofen, Decongestants, Cough syrup.",Consult if symptoms last more than a week or if you develop a high fever.
"experiencing itchy throat, watery eyes, itchy eyes, runny nose, nasal congestion",Allergic Rhinitis,"An allergic response causing itchy, watery eyes, sneezing, and other similar symptoms.","Avoid allergens (dust, pollen), keep indoors during high pollen seasons.","Antihistamines (Cetirizine, Loratadine), Nasal corticosteroids.",Consult an allergist if symptoms are severe and unresponsive to over-the-counter medicine.
"experiencing fever, sore throat, body aches, shortness of breath, fatigue, loss of taste, dry cough, loss of smell",COVID-19,A highly contagious respiratory illness caused by the SARS-CoV-2 virus.,"Isolate, wear a mask, monitor oxygen levels.","Paracetamol, Vitamin C, Zinc, prescribed antivirals if severe.",Seek immediate medical attention if oxygen drops below 94% or you have difficulty breathing.
"feeling nausea, muscle aches, vomiting",Gastroenteritis (Stomach Flu),"An intestinal infection marked by diarrhea, cramps, nausea, vomiting, and fever.","Stay hydrated, eat bland foods, wash hands thoroughly.","Oral rehydration salts (ORS), Loperamide (if advised).","Consult if you cannot keep liquids down for 24 hours, or if there is blood in stool."
"experiencing weakness, rash, prolonged high fever, stomach pain, loss of appetite, headache",Typhoid,"A bacterial infection that can lead to a high fever, diarrhea, and vomiting.","Drink boiled or bottled water, avoid raw foods.","Antibiotics (prescription only), Paracetamol for fever.",Requires immediate medical consultation for a proper antibiotic course.
"experiencing sensitivity to light, nausea, severe headache, vomiting, sensitivity to sound",Migraine,"A neurological condition that can cause multiple symptoms, frequently characterized by intense, debilitating headaches.","Rest in a quiet and dark room, avoid known triggers like caffeine or stress.","Ibuprofen, Triptans (prescription), Aspirin.",Consult a neurologist if migraines are frequent and severely disrupt daily life.
"i have fever, nausea, abdominal cramps",Food Poisoning,Illness caused by eating contaminated food.,"Rest, stay hydrated with sips of water or clear broths.","Oral rehydration salts, Bismuth subsalicylate.","Consult a doctor if symptoms last more than a few days, or if you have a very high fever."
"suffering from mild fever, sneezing, congestion, runny nose",Common Cold,A common viral infection of the nose and throat.,"Rest, drink plenty of fluids, wash hands often.","Paracetamol, Ibuprofen, Decongestants, Cough syrup.",Consult if symptoms last more than a week or if you develop a high fever.
"experiencing joint pain, pain behind eyes, severe headache, muscle pain, high fever, rash",Dengue Fever,A mosquito-borne viral disease occurring in tropical and subtropical areas.,"Use mosquito nets, wear long sleeves, use repellents.",Paracetamol for fever. STRICTLY AVOID Aspirin or Ibuprofen.,Hospitalization may be required; consult immediately if experiencing severe abdominal pain or bleeding.
"suffering from high fever, fatigue, muscle aches, sweats, chills, dry cough, headache",Influenza (Flu),A viral infection that attacks your respiratory system.,"Strict bed rest, isolate yourself, stay hydrated.","Oseltamivir (if prescribed early), Paracetamol for fever.",Consult a doctor immediately if you experience shortness of breath or persistent chest pain.
"i have abdominal cramps, diarrhea, vomiting, fever",Food Poisoning,Illness caused by eating contaminated food.,"Rest, stay hydrated with sips of water or clear broths.","Oral rehydration salts, Bismuth subsalicylate.","Consult a doctor if symptoms last more than a few days, or if you have a very high fever."
"i have fatigue, sore throat, loss of smell",COVID-19,A highly contagious respiratory illness caused by the SARS-CoV-2 virus.,"Isolate, wear a mask, monitor oxygen levels.","Paracetamol, Vitamin C, Zinc, prescribed antivirals if severe.",Seek immediate medical attention if oxygen drops below 94% or you have difficulty breathing.
"vomiting, weakness, abdominal cramps, fever, diarrhea",Food Poisoning,Illness caused by eating contaminated food.,"Rest, stay hydrated with sips of water or clear broths.","Oral rehydration salts, Bismuth subsalicylate.","Consult a doctor if symptoms last more than a few days, or if you have a very high fever."
"experiencing sweats, headache, dry cough, muscle aches, chills",Influenza (Flu),A viral infection that attacks your respiratory system.,"Strict bed rest, isolate yourself, stay hydrated.","Oseltamivir (if prescribed early), Paracetamol for fever.",Consult a doctor immediately if you experience shortness of breath or persistent chest pain.
"feeling dry cough, sore throat",COVID-19,A highly contagious respiratory illness caused by the SARS-CoV-2 virus.,"Isolate, wear a mask, monitor oxygen levels.","Paracetamol, Vitamin C, Zinc, prescribed antivirals if severe.",Seek immediate medical attention if oxygen drops below 94% or you have difficulty breathing.
"i have muscle aches, stomach cramps, diarrhea, low-grade fever, vomiting",Gastroenteritis (Stomach Flu),"An intestinal infection marked by diarrhea, cramps, nausea, vomiting, and fever.","Stay hydrated, eat bland foods, wash hands thoroughly.","Oral rehydration salts (ORS), Loperamide (if advised).","Consult if you cannot keep liquids down for 24 hours, or if there is blood in stool."
"suffering from itchy throat, sneezing",Allergic Rhinitis,"An allergic response causing itchy, watery eyes, sneezing, and other similar symptoms.","Avoid allergens (dust, pollen), keep indoors during high pollen seasons.","Antihistamines (Cetirizine, Loratadine), Nasal corticosteroids.",Consult an allergist if symptoms are severe and unresponsive to over-the-counter medicine.
"i have dry cough, body aches",COVID-19,A highly contagious respiratory illness caused by the SARS-CoV-2 virus.,"Isolate, wear a mask, monitor oxygen levels.","Paracetamol, Vitamin C, Zinc, prescribed antivirals if severe.",Seek immediate medical attention if oxygen drops below 94% or you have difficulty breathing.
"vomiting, nausea, diarrhea, stomach cramps, muscle aches",Gastroenteritis (Stomach Flu),"An intestinal infection marked by diarrhea, cramps, nausea, vomiting, and fever.","Stay hydrated, eat bland foods, wash hands thoroughly.","Oral rehydration salts (ORS), Loperamide (if advised).","Consult if you cannot keep liquids down for 24 hours, or if there is blood in stool."
"vomiting, low-grade fever, muscle aches, diarrhea, nausea",Gastroenteritis (Stomach Flu),"An intestinal infection marked by diarrhea, cramps, nausea, vomiting, and fever.","Stay hydrated, eat bland foods, wash hands thoroughly.","Oral rehydration salts (ORS), Loperamide (if advised).","Consult if you cannot keep liquids down for 24 hours, or if there is blood in stool."
"suffering from sensitivity to light, nausea",Migraine,"A neurological condition that can cause multiple symptoms, frequently characterized by intense, debilitating headaches.","Rest in a quiet and dark room, avoid known triggers like caffeine or stress.","Ibuprofen, Triptans (prescription), Aspirin.",Consult a neurologist if migraines are frequent and severely disrupt daily life.
"suffering from loss of smell, fatigue, loss of taste, dry cough, fever",COVID-19,A highly contagious respiratory illness caused by the SARS-CoV-2 virus.,"Isolate, wear a mask, monitor oxygen levels.","Paracetamol, Vitamin C, Zinc, prescribed antivirals if severe.",Seek immediate medical attention if oxygen drops below 94% or you have difficulty breathing.
"feeling sore throat, cough",Common Cold,A common viral infection of the nose and throat.,"Rest, drink plenty of fluids, wash hands often.","Paracetamol, Ibuprofen, Decongestants, Cough syrup.",Consult if symptoms last more than a week or if you develop a high fever.
"experiencing rash, headache, weakness, prolonged high fever",Typhoid,"A bacterial infection that can lead to a high fever, diarrhea, and vomiting.","Drink boiled or bottled water, avoid raw foods.","Antibiotics (prescription only), Paracetamol for fever.",Requires immediate medical consultation for a proper antibiotic course.
"experiencing chest tightness, wheezing, coughing episodes, rapid breathing, shortness of breath",Asthma,A condition in which your airways narrow and swell and may produce extra mucus.,"Avoid triggers (smoke, strong odors), carry an inhaler always.","Bronchodilators (Albuterol inhaler), Inhaled corticosteroids.",Immediate emergency care required for severe shortness of breath or if an inhaler doesn't help.
"i have weakness, prolonged high fever, headache, stomach pain, rash, loss of appetite",Typhoid,"A bacterial infection that can lead to a high fever, diarrhea, and vomiting.","Drink boiled or bottled water, avoid raw foods.","Antibiotics (prescription only), Paracetamol for fever.",Requires immediate medical consultation for a proper antibiotic course.
"suffering from abdominal cramps, weakness, fever, nausea, diarrhea",Food Poisoning,Illness caused by eating contaminated food.,"Rest, stay hydrated with sips of water or clear broths.","Oral rehydration salts, Bismuth subsalicylate.","Consult a doctor if symptoms last more than a few days, or if you have a very high fever."
"stomach pain, headache, prolonged high fever, rash",Typhoid,"A bacterial infection that can lead to a high fever, diarrhea, and vomiting.","Drink boiled or bottled water, avoid raw foods.","Antibiotics (prescription only), Paracetamol for fever.",Requires immediate medical consultation for a proper antibiotic course.
"i have sensitivity to light, sensitivity to sound, throbbing pain, severe headache, nausea, vomiting",Migraine,"A neurological condition that can cause multiple symptoms, frequently characterized by intense, debilitating headaches.","Rest in a quiet and dark room, avoid known triggers like caffeine or stress.","Ibuprofen, Triptans (prescription), Aspirin.",Consult a neurologist if migraines are frequent and severely disrupt daily life.
"suffering from rapid breathing, coughing episodes",Asthma,A condition in which your airways narrow and swell and may produce extra mucus.,"Avoid triggers (smoke, strong odors), carry an inhaler always.","Bronchodilators (Albuterol inhaler), Inhaled corticosteroids.",Immediate emergency care required for severe shortness of breath or if an inhaler doesn't help.
"experiencing dry cough, loss of taste",COVID-19,A highly contagious respiratory illness caused by the SARS-CoV-2 virus.,"Isolate, wear a mask, monitor oxygen levels.","Paracetamol, Vitamin C, Zinc, prescribed antivirals if severe.",Seek immediate medical attention if oxygen drops below 94% or you have difficulty breathing.
"i have muscle aches, low-grade fever, vomiting, stomach cramps",Gastroenteritis (Stomach Flu),"An intestinal infection marked by diarrhea, cramps, nausea, vomiting, and fever.","Stay hydrated, eat bland foods, wash hands thoroughly.","Oral rehydration salts (ORS), Loperamide (if advised).","Consult if you cannot keep liquids down for 24 hours, or if there is blood in stool."
"i have muscle pain, fatigue, rash, severe headache",Dengue Fever,A mosquito-borne viral disease occurring in tropical and subtropical areas.,"Use mosquito nets, wear long sleeves, use repellents.",Paracetamol for fever. STRICTLY AVOID Aspirin or Ibuprofen.,Hospitalization may be required; consult immediately if experiencing severe abdominal pain or bleeding.
"suffering from watery eyes, nasal congestion, itchy eyes",Allergic Rhinitis,"An allergic response causing itchy, watery eyes, sneezing, and other similar symptoms.","Avoid allergens (dust, pollen), keep indoors during high pollen seasons.","Antihistamines (Cetirizine, Loratadine), Nasal corticosteroids.",Consult an allergist if symptoms are severe and unresponsive to over-the-counter medicine.
"suffering from muscle aches, high fever",Influenza (Flu),A viral infection that attacks your respiratory system.,"Strict bed rest, isolate yourself, stay hydrated.","Oseltamivir (if prescribed early), Paracetamol for fever.",Consult a doctor immediately if you experience shortness of breath or persistent chest pain.
"i have joint pain, pain behind eyes, muscle pain, rash, severe headache, fatigue, high fever",Dengue Fever,A mosquito-borne viral disease occurring in tropical and subtropical areas.,"Use mosquito nets, wear long sleeves, use repellents.",Paracetamol for fever. STRICTLY AVOID Aspirin or Ibuprofen.,Hospitalization may be required; consult immediately if experiencing severe abdominal pain or bleeding.
"suffering from fatigue, loss of smell, loss of taste, body aches, dry cough, sore throat",COVID-19,A highly contagious respiratory illness caused by the SARS-CoV-2 virus.,"Isolate, wear a mask, monitor oxygen levels.","Paracetamol, Vitamin C, Zinc, prescribed antivirals if severe.",Seek immediate medical attention if oxygen drops below 94% or you have difficulty breathing.
"suffering from fever, loss of taste, loss of smell, body aches, sore throat",COVID-19,A highly contagious respiratory illness caused by the SARS-CoV-2 virus.,"Isolate, wear a mask, monitor oxygen levels.","Paracetamol, Vitamin C, Zinc, prescribed antivirals if severe.",Seek immediate medical attention if oxygen drops below 94% or you have difficulty breathing.
"i have muscle aches, high fever, headache, fatigue, chills, sweats",Influenza (Flu),A viral infection that attacks your respiratory system.,"Strict bed rest, isolate yourself, stay hydrated.","Oseltamivir (if prescribed early), Paracetamol for fever.",Consult a doctor immediately if you experience shortness of breath or persistent chest pain.
"suffering from loss of taste, loss of smell, dry cough, fever, sore throat",COVID-19,A highly contagious respiratory illness caused by the SARS-CoV-2 virus.,"Isolate, wear a mask, monitor oxygen levels.","Paracetamol, Vitamin C, Zinc, prescribed antivirals if severe.",Seek immediate medical attention if oxygen drops below 94% or you have difficulty breathing.
"suffering from runny nose, itchy throat",Allergic Rhinitis,"An allergic response causing itchy, watery eyes, sneezing, and other similar symptoms.","Avoid allergens (dust, pollen), keep indoors during high pollen seasons.","Antihistamines (Cetirizine, Loratadine), Nasal corticosteroids.",Consult an allergist if symptoms are severe and unresponsive to over-the-counter medicine.
"feeling runny nose, itchy throat, nasal congestion, sneezing, itchy eyes",Allergic Rhinitis,"An allergic response causing itchy, watery eyes, sneezing, and other similar symptoms.","Avoid allergens (dust, pollen), keep indoors during high pollen seasons.","Antihistamines (Cetirizine, Loratadine), Nasal corticosteroids.",Consult an allergist if symptoms are severe and unresponsive to over-the-counter medicine.
"itchy eyes, nasal congestion, watery eyes, sneezing, itchy throat",Allergic Rhinitis,"An allergic response causing itchy, watery eyes, sneezing, and other similar symptoms.","Avoid allergens (dust, pollen), keep indoors during high pollen seasons.","Antihistamines (Cetirizine, Loratadine), Nasal corticosteroids.",Consult an allergist if symptoms are severe and unresponsive to over-the-counter medicine.
"experiencing itchy eyes, itchy throat, runny nose, sneezing, watery eyes, nasal congestion",Allergic Rhinitis,"An allergic response causing itchy, watery eyes, sneezing, and other similar symptoms.","Avoid allergens (dust, pollen), keep indoors during high pollen seasons.","Antihistamines (Cetirizine, Loratadine), Nasal corticosteroids.",Consult an allergist if symptoms are severe and unresponsive to over-the-counter medicine.
"experiencing dry cough, headache, chills",Influenza (Flu),A viral infection that attacks your respiratory system.,"Strict bed rest, isolate yourself, stay hydrated.","Oseltamivir (if prescribed early), Paracetamol for fever.",Consult a doctor immediately if you experience shortness of breath or persistent chest pain.
"i have nausea, diarrhea, stomach cramps, low-grade fever, muscle aches",Gastroenteritis (Stomach Flu),"An intestinal infection marked by diarrhea, cramps, nausea, vomiting, and fever.","Stay hydrated, eat bland foods, wash hands thoroughly.","Oral rehydration salts (ORS), Loperamide (if advised).","Consult if you cannot keep liquids down for 24 hours, or if there is blood in stool."
"experiencing stomach cramps, low-grade fever",Gastroenteritis (Stomach Flu),"An intestinal infection marked by diarrhea, cramps, nausea, vomiting, and fever.","Stay hydrated, eat bland foods, wash hands thoroughly.","Oral rehydration salts (ORS), Loperamide (if advised).","Consult if you cannot keep liquids down for 24 hours, or if there is blood in stool."
"sensitivity to light, nausea, sensitivity to sound",Migraine,"A neurological condition that can cause multiple symptoms, frequently characterized by intense, debilitating headaches.","Rest in a quiet and dark room, avoid known triggers like caffeine or stress.","Ibuprofen, Triptans (prescription), Aspirin.",Consult a neurologist if migraines are frequent and severely disrupt daily life.
"headache, stomach pain",Typhoid,"A bacterial infection that can lead to a high fever, diarrhea, and vomiting.","Drink boiled or bottled water, avoid raw foods.","Antibiotics (prescription only), Paracetamol for fever.",Requires immediate medical consultation for a proper antibiotic course.
"watery eyes, nasal congestion, itchy throat",Allergic Rhinitis,"An allergic response causing itchy, watery eyes, sneezing, and other similar symptoms.","Avoid allergens (dust, pollen), keep indoors during high pollen seasons.","Antihistamines (Cetirizine, Loratadine), Nasal corticosteroids.",Consult an allergist if symptoms are severe and unresponsive to over-the-counter medicine.
"i have nasal congestion, watery eyes",Allergic Rhinitis,"An allergic response causing itchy, watery eyes, sneezing, and other similar symptoms.","Avoid allergens (dust, pollen), keep indoors during high pollen seasons.","Antihistamines (Cetirizine, Loratadine), Nasal corticosteroids.",Consult an allergist if symptoms are severe and unresponsive to over-the-counter medicine.
"experiencing diarrhea, weakness, abdominal cramps",Food Poisoning,Illness caused by eating contaminated food.,"Rest, stay hydrated with sips of water or clear broths.","Oral rehydration salts, Bismuth subsalicylate.","Consult a doctor if symptoms last more than a few days, or if you have a very high fever."
"suffering from nausea, vomiting, stomach cramps, diarrhea",Gastroenteritis (Stomach Flu),"An intestinal infection marked by diarrhea, cramps, nausea, vomiting, and fever.","Stay hydrated, eat bland foods, wash hands thoroughly.","Oral rehydration salts (ORS), Loperamide (if advised).","Consult if you cannot keep liquids down for 24 hours, or if there is blood in stool."
"feeling fever, fatigue, shortness of breath, loss of taste",COVID-19,A highly contagious respiratory illness caused by the SARS-CoV-2 virus.,"Isolate, wear a mask, monitor oxygen levels.","Paracetamol, Vitamin C, Zinc, prescribed antivirals if severe.",Seek immediate medical attention if oxygen drops below 94% or you have difficulty breathing.
"i have wheezing, shortness of breath, chest tightness",Asthma,A condition in which your airways narrow and swell and may produce extra mucus.,"Avoid triggers (smoke, strong odors), carry an inhaler always.","Bronchodilators (Albuterol inhaler), Inhaled corticosteroids.",Immediate emergency care required for severe shortness of breath or if an inhaler doesn't help.
"suffering from watery eyes, sneezing, runny nose, nasal congestion, itchy throat",Allergic Rhinitis,"An allergic response causing itchy, watery eyes, sneezing, and other similar symptoms.","Avoid allergens (dust, pollen), keep indoors during high pollen seasons.","Antihistamines (Cetirizine, Loratadine), Nasal corticosteroids.",Consult an allergist if symptoms are severe and unresponsive to over-the-counter medicine.
"experiencing congestion, mild fever, runny nose, sneezing, cough",Common Cold,A common viral infection of the nose and throat.,"Rest, drink plenty of fluids, wash hands often.","Paracetamol, Ibuprofen, Decongestants, Cough syrup.",Consult if symptoms last more than a week or if you develop a high fever.
"experiencing pain behind eyes, high fever, muscle pain, fatigue, rash, joint pain",Dengue Fever,A mosquito-borne viral disease occurring in tropical and subtropical areas.,"Use mosquito nets, wear long sleeves, use repellents.",Paracetamol for fever. STRICTLY AVOID Aspirin or Ibuprofen.,Hospitalization may be required; consult immediately if experiencing severe abdominal pain or bleeding.
"suffering from congestion, cough, mild fever",Common Cold,A common viral infection of the nose and throat.,"Rest, drink plenty of fluids, wash hands often.","Paracetamol, Ibuprofen, Decongestants, Cough syrup.",Consult if symptoms last more than a week or if you develop a high fever.
"experiencing wheezing, chest tightness, rapid breathing",Asthma,A condition in which your airways narrow and swell and may produce extra mucus.,"Avoid triggers (smoke, strong odors), carry an inhaler always.","Bronchodilators (Albuterol inhaler), Inhaled corticosteroids.",Immediate emergency care required for severe shortness of breath or if an inhaler doesn't help.
"suffering from fever, abdominal cramps, diarrhea, vomiting",Food Poisoning,Illness caused by eating contaminated food.,"Rest, stay hydrated with sips of water or clear broths.","Oral rehydration salts, Bismuth subsalicylate.","Consult a doctor if symptoms last more than a few days, or if you have a very high fever."
"experiencing nausea, diarrhea, low-grade fever, vomiting",Gastroenteritis (Stomach Flu),"An intestinal infection marked by diarrhea, cramps, nausea, vomiting, and fever.","Stay hydrated, eat bland foods, wash hands thoroughly.","Oral rehydration salts (ORS), Loperamide (if advised).","Consult if you cannot keep liquids down for 24 hours, or if there is blood in stool."
"feeling sneezing, runny nose, congestion, mild fever, sore throat",Common Cold,A common viral infection of the nose and throat.,"Rest, drink plenty of fluids, wash hands often.","Paracetamol, Ibuprofen, Decongestants, Cough syrup.",Consult if symptoms last more than a week or if you develop a high fever.
"feeling sore throat, dry cough",COVID-19,A highly contagious respiratory illness caused by the SARS-CoV-2 virus.,"Isolate, wear a mask, monitor oxygen levels.","Paracetamol, Vitamin C, Zinc, prescribed antivirals if severe.",Seek immediate medical attention if oxygen drops below 94% or you have difficulty breathing.
"experiencing wheezing, coughing episodes, shortness of breath, chest tightness, rapid breathing",Asthma,A condition in which your airways narrow and swell and may produce extra mucus.,"Avoid triggers (smoke, strong odors), carry an inhaler always.","Bronchodilators (Albuterol inhaler), Inhaled corticosteroids.",Immediate emergency care required for severe shortness of breath or if an inhaler doesn't help.
"loss of appetite, headache, stomach pain",Typhoid,"A bacterial infection that can lead to a high fever, diarrhea, and vomiting.","Drink boiled or bottled water, avoid raw foods.","Antibiotics (prescription only), Paracetamol for fever.",Requires immediate medical consultation for a proper antibiotic course.
"feeling sweats, dry cough, headache, fatigue",Influenza (Flu),A viral infection that attacks your respiratory system.,"Strict bed rest, isolate yourself, stay hydrated.","Oseltamivir (if prescribed early), Paracetamol for fever.",Consult a doctor immediately if you experience shortness of breath or persistent chest pain.
"sensitivity to light, vomiting",Migraine,"A neurological condition that can cause multiple symptoms, frequently characterized by intense, debilitating headaches.","Rest in a quiet and dark room, avoid known triggers like caffeine or stress.","Ibuprofen, Triptans (prescription), Aspirin.",Consult a neurologist if migraines are frequent and severely disrupt daily life.
"feeling abdominal cramps, fever, vomiting, weakness, diarrhea, nausea",Food Poisoning,Illness caused by eating contaminated food.,"Rest, stay hydrated with sips of water or clear broths.","Oral rehydration salts, Bismuth subsalicylate.","Consult a doctor if symptoms last more than a few days, or if you have a very high fever."
"i have congestion, runny nose, sneezing, sore throat, mild fever",Common Cold,A common viral infection of the nose and throat.,"Rest, drink plenty of fluids, wash hands often.","Paracetamol, Ibuprofen, Decongestants, Cough syrup.",Consult if symptoms last more than a week or if you develop a high fever.
"experiencing dry cough, sore throat, loss of taste, shortness of breath, fever, loss of smell",COVID-19,A highly contagious respiratory illness caused by the SARS-CoV-2 virus.,"Isolate, wear a mask, monitor oxygen levels.","Paracetamol, Vitamin C, Zinc, prescribed antivirals if severe.",Seek immediate medical attention if oxygen drops below 94% or you have difficulty breathing.
"suffering from vomiting, nausea, sensitivity to sound, sensitivity to light",Migraine,"A neurological condition that can cause multiple symptoms, frequently characterized by intense, debilitating headaches.","Rest in a quiet and dark room, avoid known triggers like caffeine or stress.","Ibuprofen, Triptans (prescription), Aspirin.",Consult a neurologist if migraines are frequent and severely disrupt daily life.
"feeling weakness, fever, vomiting, diarrhea, nausea",Food Poisoning,Illness caused by eating contaminated food.,"Rest, stay hydrated with sips of water or clear broths.","Oral rehydration salts, Bismuth subsalicylate.","Consult a doctor if symptoms last more than a few days, or if you have a very high fever."
"suffering from mild fever, cough",Common Cold,A common viral infection of the nose and throat.,"Rest, drink plenty of fluids, wash hands often.","Paracetamol, Ibuprofen, Decongestants, Cough syrup.",Consult if symptoms last more than a week or if you develop a high fever.
"feeling wheezing, shortness of breath, rapid breathing",Asthma,A condition in which your airways narrow and swell and may produce extra mucus.,"Avoid triggers (smoke, strong odors), carry an inhaler always.","Bronchodilators (Albuterol inhaler), Inhaled corticosteroids.",Immediate emergency care required for severe shortness of breath or if an inhaler doesn't help.
"feeling headache, dry cough, fatigue, sweats, muscle aches, chills",Influenza (Flu),A viral infection that attacks your respiratory system.,"Strict bed rest, isolate yourself, stay hydrated.","Oseltamivir (if prescribed early), Paracetamol for fever.",Consult a doctor immediately if you experience shortness of breath or persistent chest pain.
"experiencing rapid breathing, shortness of breath, chest tightness, wheezing",Asthma,A condition in which your airways narrow and swell and may produce extra mucus.,"Avoid triggers (smoke, strong odors), carry an inhaler always.","Bronchodilators (Albuterol inhaler), Inhaled corticosteroids.",Immediate emergency care required for severe shortness of breath or if an inhaler doesn't help.
"i have vomiting, nausea, low-grade fever, muscle aches, diarrhea",Gastroenteritis (Stomach Flu),"An intestinal infection marked by diarrhea, cramps, nausea, vomiting, and fever.","Stay hydrated, eat bland foods, wash hands thoroughly.","Oral rehydration salts (ORS), Loperamide (if advised).","Consult if you cannot keep liquids down for 24 hours, or if there is blood in stool."
"diarrhea, weakness, abdominal cramps, nausea",Food Poisoning,Illness caused by eating contaminated food.,"Rest, stay hydrated with sips of water or clear broths.","Oral rehydration salts, Bismuth subsalicylate.","Consult a doctor if symptoms last more than a few days, or if you have a very high fever."
"vomiting, diarrhea, nausea",Food Poisoning,Illness caused by eating contaminated food.,"Rest, stay hydrated with sips of water or clear broths.","Oral rehydration salts, Bismuth subsalicylate.","Consult a doctor if symptoms last more than a few days, or if you have a very high fever."
"headache, rash, stomach pain, weakness, loss of appetite, prolonged high fever",Typhoid,"A bacterial infection that can lead to a high fever, diarrhea, and vomiting.","Drink boiled or bottled water, avoid raw foods.","Antibiotics (prescription only), Paracetamol for fever.",Requires immediate medical consultation for a proper antibiotic course.
"experiencing weakness, diarrhea, vomiting, fever, nausea",Food Poisoning,Illness caused by eating contaminated food.,"Rest, stay hydrated with sips of water or clear broths.","Oral rehydration salts, Bismuth subsalicylate.","Consult a doctor if symptoms last more than a few days, or if you have a very high fever."
"i have nasal congestion, itchy eyes, runny nose",Allergic Rhinitis,"An allergic response causing itchy, watery eyes, sneezing, and other similar symptoms.","Avoid allergens (dust, pollen), keep indoors during high pollen seasons.","Antihistamines (Cetirizine, Loratadine), Nasal corticosteroids.",Consult an allergist if symptoms are severe and unresponsive to over-the-counter medicine.
"experiencing nausea, sensitivity to sound, vomiting",Migraine,"A neurological condition that can cause multiple symptoms, frequently characterized by intense, debilitating headaches.","Rest in a quiet and dark room, avoid known triggers like caffeine or stress.","Ibuprofen, Triptans (prescription), Aspirin.",Consult a neurologist if migraines are frequent and severely disrupt daily life.
"experiencing vomiting, abdominal cramps, nausea, diarrhea",Food Poisoning,Illness caused by eating contaminated food.,"Rest, stay hydrated with sips of water or clear broths.","Oral rehydration salts, Bismuth subsalicylate.","Consult a doctor if symptoms last more than a few days, or if you have a very high fever."
"suffering from throbbing pain, nausea, sensitivity to light, vomiting, sensitivity to sound",Migraine,"A neurological condition that can cause multiple symptoms, frequently characterized by intense, debilitating headaches.","Rest in a quiet and dark room, avoid known triggers like caffeine or stress.","Ibuprofen, Triptans (prescription), Aspirin.",Consult a neurologist if migraines are frequent and severely disrupt daily life.
"experiencing pain behind eyes, joint pain, severe headache",Dengue Fever,A mosquito-borne viral disease occurring in tropical and subtropical areas.,"Use mosquito nets, wear long sleeves, use repellents.",Paracetamol for fever. STRICTLY AVOID Aspirin or Ibuprofen.,Hospitalization may be required; consult immediately if experiencing severe abdominal pain or bleeding.
"suffering from nausea, muscle aches, vomiting",Gastroenteritis (Stomach Flu),"An intestinal infection marked by diarrhea, cramps, nausea, vomiting, and fever.","Stay hydrated, eat bland foods, wash hands thoroughly.","Oral rehydration salts (ORS), Loperamide (if advised).","Consult if you cannot keep liquids down for 24 hours, or if there is blood in stool."
"suffering from abdominal cramps, nausea, fever",Food Poisoning,Illness caused by eating contaminated food.,"Rest, stay hydrated with sips of water or clear broths.","Oral rehydration salts, Bismuth subsalicylate.","Consult a doctor if symptoms last more than a few days, or if you have a very high fever."
"runny nose, cough, congestion, sore throat, mild fever",Common Cold,A common viral infection of the nose and throat.,"Rest, drink plenty of fluids, wash hands often.","Paracetamol, Ibuprofen, Decongestants, Cough syrup.",Consult if symptoms last more than a week or if you develop a high fever.
"experiencing headache, sweats, fatigue, dry cough, chills",Influenza (Flu),A viral infection that attacks your respiratory system.,"Strict bed rest, isolate yourself, stay hydrated.","Oseltamivir (if prescribed early), Paracetamol for fever.",Consult a doctor immediately if you experience shortness of breath or persistent chest pain.
"i have sneezing, cough",Common Cold,A common viral infection of the nose and throat.,"Rest, drink plenty of fluids, wash hands often.","Paracetamol, Ibuprofen, Decongestants, Cough syrup.",Consult if symptoms last more than a week or if you develop a high fever.
"runny nose, sneezing, mild fever, sore throat, congestion, cough",Common Cold,A common viral infection of the nose and throat.,"Rest, drink plenty of fluids, wash hands often.","Paracetamol, Ibuprofen, Decongestants, Cough syrup.",Consult if symptoms last more than a week or if you develop a high fever.
"chest tightness, coughing episodes",Asthma,A condition in which your airways narrow and swell and may produce extra mucus.,"Avoid triggers (smoke, strong odors), carry an inhaler always.","Bronchodilators (Albuterol inhaler), Inhaled corticosteroids.",Immediate emergency care required for severe shortness of breath or if an inhaler doesn't help.
"feeling headache, fatigue, dry cough, chills",Influenza (Flu),A viral infection that attacks your respiratory system.,"Strict bed rest, isolate yourself, stay hydrated.","Oseltamivir (if prescribed early), Paracetamol for fever.",Consult a doctor immediately if you experience shortness of breath or persistent chest pain.
"chest tightness, shortness of breath, wheezing",Asthma,A condition in which your airways narrow and swell and may produce extra mucus.,"Avoid triggers (smoke, strong odors), carry an inhaler always.","Bronchodilators (Albuterol inhaler), Inhaled corticosteroids.",Immediate emergency care required for severe shortness of breath or if an inhaler doesn't help.
"feeling low-grade fever, stomach cramps",Gastroenteritis (Stomach Flu),"An intestinal infection marked by diarrhea, cramps, nausea, vomiting, and fever.","Stay hydrated, eat bland foods, wash hands thoroughly.","Oral rehydration salts (ORS), Loperamide (if advised).","Consult if you cannot keep liquids down for 24 hours, or if there is blood in stool."
"suffering from shortness of breath, loss of taste, fatigue, fever, dry cough",COVID-19,A highly contagious respiratory illness caused by the SARS-CoV-2 virus.,"Isolate, wear a mask, monitor oxygen levels.","Paracetamol, Vitamin C, Zinc, prescribed antivirals if severe.",Seek immediate medical attention if oxygen drops below 94% or you have difficulty breathing.
"experiencing fever, diarrhea, vomiting",Food Poisoning,Illness caused by eating contaminated food.,"Rest, stay hydrated with sips of water or clear broths.","Oral rehydration salts, Bismuth subsalicylate.","Consult a doctor if symptoms last more than a few days, or if you have a very high fever."
"suffering from dry cough, fever, loss of smell",COVID-19,A highly contagious respiratory illness caused by the SARS-CoV-2 virus.,"Isolate, wear a mask, monitor oxygen levels.","Paracetamol, Vitamin C, Zinc, prescribed antivirals if severe.",Seek immediate medical attention if oxygen drops below 94% or you have difficulty breathing.
"sensitivity to light, vomiting, severe headache, nausea, throbbing pain",Migraine,"A neurological condition that can cause multiple symptoms, frequently characterized by intense, debilitating headaches.","Rest in a quiet and dark room, avoid known triggers like caffeine or stress.","Ibuprofen, Triptans (prescription), Aspirin.",Consult a neurologist if migraines are frequent and severely disrupt daily life.
"watery eyes, sneezing, runny nose, itchy throat, itchy eyes",Allergic Rhinitis,"An allergic response causing itchy, watery eyes, sneezing, and other similar symptoms.","Avoid allergens (dust, pollen), keep indoors during high pollen seasons.","Antihistamines (Cetirizine, Loratadine), Nasal corticosteroids.",Consult an allergist if symptoms are severe and unresponsive to over-the-counter medicine.
"experiencing low-grade fever, muscle aches, diarrhea",Gastroenteritis (Stomach Flu),"An intestinal infection marked by diarrhea, cramps, nausea, vomiting, and fever.","Stay hydrated, eat bland foods, wash hands thoroughly.","Oral rehydration salts (ORS), Loperamide (if advised).","Consult if you cannot keep liquids down for 24 hours, or if there is blood in stool."
"experiencing sweats, muscle aches, chills, headache, fatigue, high fever, dry cough",Influenza (Flu),A viral infection that attacks your respiratory system.,"Strict bed rest, isolate yourself, stay hydrated.","Oseltamivir (if prescribed early), Paracetamol for fever.",Consult a doctor immediately if you experience shortness of breath or persistent chest pain.
"i have joint pain, rash, muscle pain, high fever, fatigue",Dengue Fever,A mosquito-borne viral disease occurring in tropical and subtropical areas.,"Use mosquito nets, wear long sleeves, use repellents.",Paracetamol for fever. STRICTLY AVOID Aspirin or Ibuprofen.,Hospitalization may be required; consult immediately if experiencing severe abdominal pain or bleeding.
"suffering from loss of appetite, headache, weakness, stomach pain, prolonged high fever",Typhoid,"A bacterial infection that can lead to a high fever, diarrhea, and vomiting.","Drink boiled or bottled water, avoid raw foods.","Antibiotics (prescription only), Paracetamol for fever.",Requires immediate medical consultation for a proper antibiotic course.
"experiencing weakness, stomach pain, rash, loss of appetite",Typhoid,"A bacterial infection that can lead to a high fever, diarrhea, and vomiting.","Drink boiled or bottled water, avoid raw foods.","Antibiotics (prescription only), Paracetamol for fever.",Requires immediate medical consultation for a proper antibiotic course.
"suffering from throbbing pain, nausea, sensitivity to light",Migraine,"A neurological condition that can cause multiple symptoms, frequently characterized by intense, debilitating headaches.","Rest in a quiet and dark room, avoid known triggers like caffeine or stress.","Ibuprofen, Triptans (prescription), Aspirin.",Consult a neurologist if migraines are frequent and severely disrupt daily life.
"feeling stomach cramps, diarrhea, muscle aches, vomiting, nausea",Gastroenteritis (Stomach Flu),"An intestinal infection marked by diarrhea, cramps, nausea, vomiting, and fever.","Stay hydrated, eat bland foods, wash hands thoroughly.","Oral rehydration salts (ORS), Loperamide (if advised).","Consult if you cannot keep liquids down for 24 hours, or if there is blood in stool."
"fatigue, dry cough, chills, high fever, sweats, muscle aches, headache",Influenza (Flu),A viral infection that attacks your respiratory system.,"Strict bed rest, isolate yourself, stay hydrated.","Oseltamivir (if prescribed early), Paracetamol for fever.",Consult a doctor immediately if you experience shortness of breath or persistent chest pain.
"sore throat, mild fever, congestion, sneezing, cough",Common Cold,A common viral infection of the nose and throat.,"Rest, drink plenty of fluids, wash hands often.","Paracetamol, Ibuprofen, Decongestants, Cough syrup.",Consult if symptoms last more than a week or if you develop a high fever.
"feeling dry cough, fatigue, loss of taste, fever, body aches, shortness of breath, sore throat",COVID-19,A highly contagious respiratory illness caused by the SARS-CoV-2 virus.,"Isolate, wear a mask, monitor oxygen levels.","Paracetamol, Vitamin C, Zinc, prescribed antivirals if severe.",Seek immediate medical attention if oxygen drops below 94% or you have difficulty breathing.
"i have prolonged high fever, stomach pain, weakness, rash, headache, loss of appetite",Typhoid,"A bacterial infection that can lead to a high fever, diarrhea, and vomiting.","Drink boiled or bottled water, avoid raw foods.","Antibiotics (prescription only), Paracetamol for fever.",Requires immediate medical consultation for a proper antibiotic course.
"prolonged high fever, stomach pain, loss of appetite, weakness",Typhoid,"A bacterial infection that can lead to a high fever, diarrhea, and vomiting.","Drink boiled or bottled water, avoid raw foods.","Antibiotics (prescription only), Paracetamol for fever.",Requires immediate medical consultation for a proper antibiotic course.
"i have dry cough, fatigue, muscle aches, high fever, sweats, headache",Influenza (Flu),A viral infection that attacks your respiratory system.,"Strict bed rest, isolate yourself, stay hydrated.","Oseltamivir (if prescribed early), Paracetamol for fever.",Consult a doctor immediately if you experience shortness of breath or persistent chest pain.
"i have nausea, fever, abdominal cramps",Food Poisoning,Illness caused by eating contaminated food.,"Rest, stay hydrated with sips of water or clear broths.","Oral rehydration salts, Bismuth subsalicylate.","Consult a doctor if symptoms last more than a few days, or if you have a very high fever."
"experiencing diarrhea, muscle aches, nausea, low-grade fever, vomiting, stomach cramps",Gastroenteritis (Stomach Flu),"An intestinal infection marked by diarrhea, cramps, nausea, vomiting, and fever.","Stay hydrated, eat bland foods, wash hands thoroughly.","Oral rehydration salts (ORS), Loperamide (if advised).","Consult if you cannot keep liquids down for 24 hours, or if there is blood in stool."
"headache, fatigue",Influenza (Flu),A viral infection that attacks your respiratory system.,"Strict bed rest, isolate yourself, stay hydrated.","Oseltamivir (if prescribed early), Paracetamol for fever.",Consult a doctor immediately if you experience shortness of breath or persistent chest pain.
"i have dry cough, sweats, headache, high fever",Influenza (Flu),A viral infection that attacks your respiratory system.,"Strict bed rest, isolate yourself, stay hydrated.","Oseltamivir (if prescribed early), Paracetamol for fever.",Consult a doctor immediately if you experience shortness of breath or persistent chest pain.
"suffering from nausea, muscle aches, low-grade fever, vomiting, stomach cramps, diarrhea",Gastroenteritis (Stomach Flu),"An intestinal infection marked by diarrhea, cramps, nausea, vomiting, and fever.","Stay hydrated, eat bland foods, wash hands thoroughly.","Oral rehydration salts (ORS), Loperamide (if advised).","Consult if you cannot keep liquids down for 24 hours, or if there is blood in stool."
"feeling shortness of breath, wheezing",Asthma,A condition in which your airways narrow and swell and may produce extra mucus.,"Avoid triggers (smoke, strong odors), carry an inhaler always.","Bronchodilators (Albuterol inhaler), Inhaled corticosteroids.",Immediate emergency care required for severe shortness of breath or if an inhaler doesn't help.
"feeling nasal congestion, itchy eyes",Allergic Rhinitis,"An allergic response causing itchy, watery eyes, sneezing, and other similar symptoms.","Avoid allergens (dust, pollen), keep indoors during high pollen seasons.","Antihistamines (Cetirizine, Loratadine), Nasal corticosteroids.",Consult an allergist if symptoms are severe and unresponsive to over-the-counter medicine.
"feeling runny nose, itchy eyes",Allergic Rhinitis,"An allergic response causing itchy, watery eyes, sneezing, and other similar symptoms.","Avoid allergens (dust, pollen), keep indoors during high pollen seasons.","Antihistamines (Cetirizine, Loratadine), Nasal corticosteroids.",Consult an allergist if symptoms are severe and unresponsive to over-the-counter medicine.
"suffering from high fever, pain behind eyes, severe headache, rash",Dengue Fever,A mosquito-borne viral disease occurring in tropical and subtropical areas.,"Use mosquito nets, wear long sleeves, use repellents.",Paracetamol for fever. STRICTLY AVOID Aspirin or Ibuprofen.,Hospitalization may be required; consult immediately if experiencing severe abdominal pain or bleeding.
"sensitivity to light, nausea",Migraine,"A neurological condition that can cause multiple symptoms, frequently characterized by intense, debilitating headaches.","Rest in a quiet and dark room, avoid known triggers like caffeine or stress.","Ibuprofen, Triptans (prescription), Aspirin.",Consult a neurologist if migraines are frequent and severely disrupt daily life.
"suffering from runny nose, cough, sore throat",Common Cold,A common viral infection of the nose and throat.,"Rest, drink plenty of fluids, wash hands often.","Paracetamol, Ibuprofen, Decongestants, Cough syrup.",Consult if symptoms last more than a week or if you develop a high fever.
"experiencing shortness of breath, body aches, fever, loss of taste",COVID-19,A highly contagious respiratory illness caused by the SARS-CoV-2 virus.,"Isolate, wear a mask, monitor oxygen levels.","Paracetamol, Vitamin C, Zinc, prescribed antivirals if severe.",Seek immediate medical attention if oxygen drops below 94% or you have difficulty breathing.
"i have muscle aches, nausea, vomiting",Gastroenteritis (Stomach Flu),"An intestinal infection marked by diarrhea, cramps, nausea, vomiting, and fever.","Stay hydrated, eat bland foods, wash hands thoroughly.","Oral rehydration salts (ORS), Loperamide (if advised).","Consult if you cannot keep liquids down for 24 hours, or if there is blood in stool."
"experiencing wheezing, rapid breathing, shortness of breath, chest tightness",Asthma,A condition in which your airways narrow and swell and may produce extra mucus.,"Avoid triggers (smoke, strong odors), carry an inhaler always.","Bronchodilators (Albuterol inhaler), Inhaled corticosteroids.",Immediate emergency care required for severe shortness of breath or if an inhaler doesn't help.
"chest tightness, rapid breathing, wheezing, coughing episodes",Asthma,A condition in which your airways narrow and swell and may produce extra mucus.,"Avoid triggers (smoke, strong odors), carry an inhaler always.","Bronchodilators (Albuterol inhaler), Inhaled corticosteroids.",Immediate emergency care required for severe shortness of breath or if an inhaler doesn't help.
"i have itchy throat, watery eyes, itchy eyes, runny nose",Allergic Rhinitis,"An allergic response causing itchy, watery eyes, sneezing, and other similar symptoms.","Avoid allergens (dust, pollen), keep indoors during high pollen seasons.","Antihistamines (Cetirizine, Loratadine), Nasal corticosteroids.",Consult an allergist if symptoms are severe and unresponsive to over-the-counter medicine.
"i have rash, prolonged high fever",Typhoid,"A bacterial infection that can lead to a high fever, diarrhea, and vomiting.","Drink boiled or bottled water, avoid raw foods.","Antibiotics (prescription only), Paracetamol for fever.",Requires immediate medical consultation for a proper antibiotic course.
"fatigue, sweats, muscle aches, headache, high fever, dry cough",Influenza (Flu),A viral infection that attacks your respiratory system.,"Strict bed rest, isolate yourself, stay hydrated.","Oseltamivir (if prescribed early), Paracetamol for fever.",Consult a doctor immediately if you experience shortness of breath or persistent chest pain.
"i have joint pain, pain behind eyes, muscle pain, high fever, rash",Dengue Fever,A mosquito-borne viral disease occurring in tropical and subtropical areas.,"Use mosquito nets, wear long sleeves, use repellents.",Paracetamol for fever. STRICTLY AVOID Aspirin or Ibuprofen.,Hospitalization may be required; consult immediately if experiencing severe abdominal pain or bleeding.
"i have watery eyes, sneezing, itchy eyes",Allergic Rhinitis,"An allergic response causing itchy, watery eyes, sneezing, and other similar symptoms.","Avoid allergens (dust, pollen), keep indoors during high pollen seasons.","Antihistamines (Cetirizine, Loratadine), Nasal corticosteroids.",Consult an allergist if symptoms are severe and unresponsive to over-the-counter medicine.
"feeling dry cough, high fever, fatigue",Influenza (Flu),A viral infection that attacks your respiratory system.,"Strict bed rest, isolate yourself, stay hydrated.","Oseltamivir (if prescribed early), Paracetamol for fever.",Consult a doctor immediately if you experience shortness of breath or persistent chest pain.
"feeling rash, high fever, fatigue, muscle pain, pain behind eyes, joint pain",Dengue Fever,A mosquito-borne viral disease occurring in tropical and subtropical areas.,"Use mosquito nets, wear long sleeves, use repellents.",Paracetamol for fever. STRICTLY AVOID Aspirin or Ibuprofen.,Hospitalization may be required; consult immediately if experiencing severe abdominal pain or bleeding.
"suffering from chills, dry cough, headache",Influenza (Flu),A viral infection that attacks your respiratory system.,"Strict bed rest, isolate yourself, stay hydrated.","Oseltamivir (if prescribed early), Paracetamol for fever.",Consult a doctor immediately if you experience shortness of breath or persistent chest pain.
"feeling shortness of breath, rapid breathing, wheezing, chest tightness",Asthma,A condition in which your airways narrow and swell and may produce extra mucus.,"Avoid triggers (smoke, strong odors), carry an inhaler always.","Bronchodilators (Albuterol inhaler), Inhaled corticosteroids.",Immediate emergency care required for severe shortness of breath or if an inhaler doesn't help.
"feeling wheezing, rapid breathing, chest tightness, coughing episodes, shortness of breath",Asthma,A condition in which your airways narrow and swell and may produce extra mucus.,"Avoid triggers (smoke, strong odors), carry an inhaler always.","Bronchodilators (Albuterol inhaler), Inhaled corticosteroids.",Immediate emergency care required for severe shortness of breath or if an inhaler doesn't help.
"experiencing loss of taste, dry cough, fatigue, fever, sore throat",COVID-19,A highly contagious respiratory illness caused by the SARS-CoV-2 virus.,"Isolate, wear a mask, monitor oxygen levels.","Paracetamol, Vitamin C, Zinc, prescribed antivirals if severe.",Seek immediate medical attention if oxygen drops below 94% or you have difficulty breathing.
"i have fatigue, fever, body aches",COVID-19,A highly contagious respiratory illness caused by the SARS-CoV-2 virus.,"Isolate, wear a mask, monitor oxygen levels.","Paracetamol, Vitamin C, Zinc, prescribed antivirals if severe.",Seek immediate medical attention if oxygen drops below 94% or you have difficulty breathing.
"i have chills, dry cough, high fever, sweats, headache, muscle aches",Influenza (Flu),A viral infection that attacks your respiratory system.,"Strict bed rest, isolate yourself, stay hydrated.","Oseltamivir (if prescribed early), Paracetamol for fever.",Consult a doctor immediately if you experience shortness of breath or persistent chest pain.
"i have vomiting, low-grade fever",Gastroenteritis (Stomach Flu),"An intestinal infection marked by diarrhea, cramps, nausea, vomiting, and fever.","Stay hydrated, eat bland foods, wash hands thoroughly.","Oral rehydration salts (ORS), Loperamide (if advised).","Consult if you cannot keep liquids down for 24 hours, or if there is blood in stool."
"nausea, vomiting",Food Poisoning,Illness caused by eating contaminated food.,"Rest, stay hydrated with sips of water or clear broths.","Oral rehydration salts, Bismuth subsalicylate.","Consult a doctor if symptoms last more than a few days, or if you have a very high fever."
"suffering from throbbing pain, vomiting, sensitivity to sound",Migraine,"A neurological condition that can cause multiple symptoms, frequently characterized by intense, debilitating headaches.","Rest in a quiet and dark room, avoid known triggers like caffeine or stress.","Ibuprofen, Triptans (prescription), Aspirin.",Consult a neurologist if migraines are frequent and severely disrupt daily life.
"experiencing sore throat, sneezing, congestion, mild fever",Common Cold,A common viral infection of the nose and throat.,"Rest, drink plenty of fluids, wash hands often.","Paracetamol, Ibuprofen, Decongestants, Cough syrup.",Consult if symptoms last more than a week or if you develop a high fever.
"experiencing muscle pain, fatigue",Dengue Fever,A mosquito-borne viral disease occurring in tropical and subtropical areas.,"Use mosquito nets, wear long sleeves, use repellents.",Paracetamol for fever. STRICTLY AVOID Aspirin or Ibuprofen.,Hospitalization may be required; consult immediately if experiencing severe abdominal pain or bleeding.
"feeling vomiting, throbbing pain, severe headache, nausea",Migraine,"A neurological condition that can cause multiple symptoms, frequently characterized by intense, debilitating headaches.","Rest in a quiet and dark room, avoid known triggers like caffeine or stress.","Ibuprofen, Triptans (prescription), Aspirin.",Consult a neurologist if migraines are frequent and severely disrupt daily life.
"experiencing fever, weakness, diarrhea, nausea, abdominal cramps, vomiting",Food Poisoning,Illness caused by eating contaminated food.,"Rest, stay hydrated with sips of water or clear broths.","Oral rehydration salts, Bismuth subsalicylate.","Consult a doctor if symptoms last more than a few days, or if you have a very high fever."
"i have rash, pain behind eyes, muscle pain, high fever, joint pain, severe headache, fatigue",Dengue Fever,A mosquito-borne viral disease occurring in tropical and subtropical areas.,"Use mosquito nets, wear long sleeves, use repellents.",Paracetamol for fever. STRICTLY AVOID Aspirin or Ibuprofen.,Hospitalization may be required; consult immediately if experiencing severe abdominal pain or bleeding.
"runny nose, itchy eyes, itchy throat, watery eyes",Allergic Rhinitis,"An allergic response causing itchy, watery eyes, sneezing, and other similar symptoms.","Avoid allergens (dust, pollen), keep indoors during high pollen seasons.","Antihistamines (Cetirizine, Loratadine), Nasal corticosteroids.",Consult an allergist if symptoms are severe and unresponsive to over-the-counter medicine.
"suffering from abdominal cramps, fever, weakness, diarrhea",Food Poisoning,Illness caused by eating contaminated food.,"Rest, stay hydrated with sips of water or clear broths.","Oral rehydration salts, Bismuth subsalicylate.","Consult a doctor if symptoms last more than a few days, or if you have a very high fever."
"i have throbbing pain, severe headache",Migraine,"A neurological condition that can cause multiple symptoms, frequently characterized by intense, debilitating headaches.","Rest in a quiet and dark room, avoid known triggers like caffeine or stress.","Ibuprofen, Triptans (prescription), Aspirin.",Consult a neurologist if migraines are frequent and severely disrupt daily life.
"experiencing nausea, vomiting, weakness, abdominal cramps",Food Poisoning,Illness caused by eating contaminated food.,"Rest, stay hydrated with sips of water or clear broths.","Oral rehydration salts, Bismuth subsalicylate.","Consult a doctor if symptoms last more than a few days, or if you have a very high fever."
"i have diarrhea, weakness, nausea, vomiting, abdominal cramps",Food Poisoning,Illness caused by eating contaminated food.,"Rest, stay hydrated with sips of water or clear broths.","Oral rehydration salts, Bismuth subsalicylate.","Consult a doctor if symptoms last more than a few days, or if you have a very high fever."
"stomach cramps, muscle aches, vomiting, low-grade fever",Gastroenteritis (Stomach Flu),"An intestinal infection marked by diarrhea, cramps, nausea, vomiting, and fever.","Stay hydrated, eat bland foods, wash hands thoroughly.","Oral rehydration salts (ORS), Loperamide (if advised).","Consult if you cannot keep liquids down for 24 hours, or if there is blood in stool."
"feeling vomiting, sensitivity to sound, throbbing pain, severe headache",Migraine,"A neurological condition that can cause multiple symptoms, frequently characterized by intense, debilitating headaches.","Rest in a quiet and dark room, avoid known triggers like caffeine or stress.","Ibuprofen, Triptans (prescription), Aspirin.",Consult a neurologist if migraines are frequent and severely disrupt daily life.
"i have rapid breathing, wheezing, coughing episodes, shortness of breath, chest tightness",Asthma,A condition in which your airways narrow and swell and may produce extra mucus.,"Avoid triggers (smoke, strong odors), carry an inhaler always.","Bronchodilators (Albuterol inhaler), Inhaled corticosteroids.",Immediate emergency care required for severe shortness of breath or if an inhaler doesn't help.
"feeling nausea, sensitivity to sound",Migraine,"A neurological condition that can cause multiple symptoms, frequently characterized by intense, debilitating headaches.","Rest in a quiet and dark room, avoid known triggers like caffeine or stress.","Ibuprofen, Triptans (prescription), Aspirin.",Consult a neurologist if migraines are frequent and severely disrupt daily life.
"congestion, runny nose, cough, sore throat, sneezing, mild fever",Common Cold,A common viral infection of the nose and throat.,"Rest, drink plenty of fluids, wash hands often.","Paracetamol, Ibuprofen, Decongestants, Cough syrup.",Consult if symptoms last more than a week or if you develop a high fever.
"i have loss of appetite, headache, rash, prolonged high fever, weakness",Typhoid,"A bacterial infection that can lead to a high fever, diarrhea, and vomiting.","Drink boiled or bottled water, avoid raw foods.","Antibiotics (prescription only), Paracetamol for fever.",Requires immediate medical consultation for a proper antibiotic course.
"i have weakness, diarrhea",Food Poisoning,Illness caused by eating contaminated food.,"Rest, stay hydrated with sips of water or clear broths.","Oral rehydration salts, Bismuth subsalicylate.","Consult a doctor if symptoms last more than a few days, or if you have a very high fever."
"i have throbbing pain, sensitivity to light",Migraine,"A neurological condition that can cause multiple symptoms, frequently characterized by intense, debilitating headaches.","Rest in a quiet and dark room, avoid known triggers like caffeine or stress.","Ibuprofen, Triptans (prescription), Aspirin.",Consult a neurologist if migraines are frequent and severely disrupt daily life.
"i have sensitivity to sound, sensitivity to light",Migraine,"A neurological condition that can cause multiple symptoms, frequently characterized by intense, debilitating headaches.","Rest in a quiet and dark room, avoid known triggers like caffeine or stress.","Ibuprofen, Triptans (prescription), Aspirin.",Consult a neurologist if migraines are frequent and severely disrupt daily life.
"i have vomiting, fever, nausea",Food Poisoning,Illness caused by eating contaminated food.,"Rest, stay hydrated with sips of water or clear broths.","Oral rehydration salts, Bismuth subsalicylate.","Consult a doctor if symptoms last more than a few days, or if you have a very high fever."
"feeling fever, loss of smell, fatigue, sore throat, loss of taste",COVID-19,A highly contagious respiratory illness caused by the SARS-CoV-2 virus.,"Isolate, wear a mask, monitor oxygen levels.","Paracetamol, Vitamin C, Zinc, prescribed antivirals if severe.",Seek immediate medical attention if oxygen drops below 94% or you have difficulty breathing.
"loss of appetite, prolonged high fever, stomach pain, headache, weakness, rash",Typhoid,"A bacterial infection that can lead to a high fever, diarrhea, and vomiting.","Drink boiled or bottled water, avoid raw foods.","Antibiotics (prescription only), Paracetamol for fever.",Requires immediate medical consultation for a proper antibiotic course.
"i have runny nose, sore throat, cough, sneezing, mild fever",Common Cold,A common viral infection of the nose and throat.,"Rest, drink plenty of fluids, wash hands often.","Paracetamol, Ibuprofen, Decongestants, Cough syrup.",Consult if symptoms last more than a week or if you develop a high fever.
"i have loss of taste, body aches",COVID-19,A highly contagious respiratory illness caused by the SARS-CoV-2 virus.,"Isolate, wear a mask, monitor oxygen levels.","Paracetamol, Vitamin C, Zinc, prescribed antivirals if severe.",Seek immediate medical attention if oxygen drops below 94% or you have difficulty breathing.
"sensitivity to light, nausea, sensitivity to sound",Migraine,"A neurological condition that can cause multiple symptoms, frequently characterized by intense, debilitating headaches.","Rest in a quiet and dark room, avoid known triggers like caffeine or stress.","Ibuprofen, Triptans (prescription), Aspirin.",Consult a neurologist if migraines are frequent and severely disrupt daily life.
"feeling fever, nausea, diarrhea, weakness, vomiting",Food Poisoning,Illness caused by eating contaminated food.,"Rest, stay hydrated with sips of water or clear broths.","Oral rehydration salts, Bismuth subsalicylate.","Consult a doctor if symptoms last more than a few days, or if you have a very high fever."
"coughing episodes, wheezing, shortness of breath, rapid breathing",Asthma,A condition in which your airways narrow and swell and may produce extra mucus.,"Avoid triggers (smoke, strong odors), carry an inhaler always.","Bronchodilators (Albuterol inhaler), Inhaled corticosteroids.",Immediate emergency care required for severe shortness of breath or if an inhaler doesn't help.
"sneezing, sore throat",Common Cold,A common viral infection of the nose and throat.,"Rest, drink plenty of fluids, wash hands often.","Paracetamol, Ibuprofen, Decongestants, Cough syrup.",Consult if symptoms last more than a week or if you develop a high fever.
"i have joint pain, fatigue, rash, severe headache, high fever",Dengue Fever,A mosquito-borne viral disease occurring in tropical and subtropical areas.,"Use mosquito nets, wear long sleeves, use repellents.",Paracetamol for fever. STRICTLY AVOID Aspirin or Ibuprofen.,Hospitalization may be required; consult immediately if experiencing severe abdominal pain or bleeding.
"experiencing wheezing, coughing episodes, shortness of breath, rapid breathing",Asthma,A condition in which your airways narrow and swell and may produce extra mucus.,"Avoid triggers (smoke, strong odors), carry an inhaler always.","Bronchodilators (Albuterol inhaler), Inhaled corticosteroids.",Immediate emergency care required for severe shortness of breath or if an inhaler doesn't help.
"shortness of breath, chest tightness, coughing episodes",Asthma,A condition in which your airways narrow and swell and may produce extra mucus.,"Avoid triggers (smoke, strong odors), carry an inhaler always.","Bronchodilators (Albuterol inhaler), Inhaled corticosteroids.",Immediate emergency care required for severe shortness of breath or if an inhaler doesn't help.
"feeling rapid breathing, coughing episodes, chest tightness",Asthma,A condition in which your airways narrow and swell and may produce extra mucus.,"Avoid triggers (smoke, strong odors), carry an inhaler always.","Bronchodilators (Albuterol inhaler), Inhaled corticosteroids.",Immediate emergency care required for severe shortness of breath or if an inhaler doesn't help.
"vomiting, nausea, sensitivity to light, throbbing pain, severe headache",Migraine,"A neurological condition that can cause multiple symptoms, frequently characterized by intense, debilitating headaches.","Rest in a quiet and dark room, avoid known triggers like caffeine or stress.","Ibuprofen, Triptans (prescription), Aspirin.",Consult a neurologist if migraines are frequent and severely disrupt daily life.
"suffering from wheezing, rapid breathing",Asthma,A condition in which your airways narrow and swell and may produce extra mucus.,"Avoid triggers (smoke, strong odors), carry an inhaler always.","Bronchodilators (Albuterol inhaler), Inhaled corticosteroids.",Immediate emergency care required for severe shortness of breath or if an inhaler doesn't help.
"i have congestion, cough, sneezing, sore throat, mild fever",Common Cold,A common viral infection of the nose and throat.,"Rest, drink plenty of fluids, wash hands often.","Paracetamol, Ibuprofen, Decongestants, Cough syrup.",Consult if symptoms last more than a week or if you develop a high fever.
"suffering from itchy eyes, itchy throat, watery eyes, nasal congestion, sneezing, runny nose",Allergic Rhinitis,"An allergic response causing itchy, watery eyes, sneezing, and other similar symptoms.","Avoid allergens (dust, pollen), keep indoors during high pollen seasons.","Antihistamines (Cetirizine, Loratadine), Nasal corticosteroids.",Consult an allergist if symptoms are severe and unresponsive to over-the-counter medicine.
"experiencing watery eyes, itchy throat, nasal congestion, itchy eyes, sneezing, runny nose",Allergic Rhinitis,"An allergic response causing itchy, watery eyes, sneezing, and other similar symptoms.","Avoid allergens (dust, pollen), keep indoors during high pollen seasons.","Antihistamines (Cetirizine, Loratadine), Nasal corticosteroids.",Consult an allergist if symptoms are severe and unresponsive to over-the-counter medicine.
"experiencing diarrhea, nausea, abdominal cramps, vomiting",Food Poisoning,Illness caused by eating contaminated food.,"Rest, stay hydrated with sips of water or clear broths.","Oral rehydration salts, Bismuth subsalicylate.","Consult a doctor if symptoms last more than a few days, or if you have a very high fever."
"suffering from muscle aches, fatigue, chills",Influenza (Flu),A viral infection that attacks your respiratory system.,"Strict bed rest, isolate yourself, stay hydrated.","Oseltamivir (if prescribed early), Paracetamol for fever.",Consult a doctor immediately if you experience shortness of breath or persistent chest pain.
"experiencing itchy eyes, nasal congestion, itchy throat, sneezing, watery eyes, runny nose",Allergic Rhinitis,"An allergic response causing itchy, watery eyes, sneezing, and other similar symptoms.","Avoid allergens (dust, pollen), keep indoors during high pollen seasons.","Antihistamines (Cetirizine, Loratadine), Nasal corticosteroids.",Consult an allergist if symptoms are severe and unresponsive to over-the-counter medicine.
"experiencing severe headache, joint pain, rash, muscle pain, high fever, fatigue",Dengue Fever,A mosquito-borne viral disease occurring in tropical and subtropical areas.,"Use mosquito nets, wear long sleeves, use repellents.",Paracetamol for fever. STRICTLY AVOID Aspirin or Ibuprofen.,Hospitalization may be required; consult immediately if experiencing severe abdominal pain or bleeding.
"feeling vomiting, fever, abdominal cramps, nausea, diarrhea",Food Poisoning,Illness caused by eating contaminated food.,"Rest, stay hydrated with sips of water or clear broths.","Oral rehydration salts, Bismuth subsalicylate.","Consult a doctor if symptoms last more than a few days, or if you have a very high fever."
"feeling chest tightness, rapid breathing",Asthma,A condition in which your airways narrow and swell and may produce extra mucus.,"Avoid triggers (smoke, strong odors), carry an inhaler always.","Bronchodilators (Albuterol inhaler), Inhaled corticosteroids.",Immediate emergency care required for severe shortness of breath or if an inhaler doesn't help.
"suffering from low-grade fever, nausea, muscle aches, diarrhea, stomach cramps",Gastroenteritis (Stomach Flu),"An intestinal infection marked by diarrhea, cramps, nausea, vomiting, and fever.","Stay hydrated, eat bland foods, wash hands thoroughly.","Oral rehydration salts (ORS), Loperamide (if advised).","Consult if you cannot keep liquids down for 24 hours, or if there is blood in stool."
"feeling rapid breathing, shortness of breath, coughing episodes, wheezing",Asthma,A condition in which your airways narrow and swell and may produce extra mucus.,"Avoid triggers (smoke, strong odors), carry an inhaler always.","Bronchodilators (Albuterol inhaler), Inhaled corticosteroids.",Immediate emergency care required for severe shortness of breath or if an inhaler doesn't help.
"i have high fever, dry cough, fatigue, chills, sweats",Influenza (Flu),A viral infection that attacks your respiratory system.,"Strict bed rest, isolate yourself, stay hydrated.","Oseltamivir (if prescribed early), Paracetamol for fever.",Consult a doctor immediately if you experience shortness of breath or persistent chest pain.
"feeling nausea, vomiting, weakness, diarrhea, fever",Food Poisoning,Illness caused by eating contaminated food.,"Rest, stay hydrated with sips of water or clear broths.","Oral rehydration salts, Bismuth subsalicylate.","Consult a doctor if symptoms last more than a few days, or if you have a very high fever."
"feeling pain behind eyes, joint pain",Dengue Fever,A mosquito-borne viral disease occurring in tropical and subtropical areas.,"Use mosquito nets, wear long sleeves, use repellents.",Paracetamol for fever. STRICTLY AVOID Aspirin or Ibuprofen.,Hospitalization may be required; consult immediately if experiencing severe abdominal pain or bleeding.
"stomach pain, weakness, prolonged high fever, headache",Typhoid,"A bacterial infection that can lead to a high fever, diarrhea, and vomiting.","Drink boiled or bottled water, avoid raw foods.","Antibiotics (prescription only), Paracetamol for fever.",Requires immediate medical consultation for a proper antibiotic course.
"i have vomiting, low-grade fever, nausea",Gastroenteritis (Stomach Flu),"An intestinal infection marked by diarrhea, cramps, nausea, vomiting, and fever.","Stay hydrated, eat bland foods, wash hands thoroughly.","Oral rehydration salts (ORS), Loperamide (if advised).","Consult if you cannot keep liquids down for 24 hours, or if there is blood in stool."
"cough, congestion, sneezing, runny nose, sore throat",Common Cold,A common viral infection of the nose and throat.,"Rest, drink plenty of fluids, wash hands often.","Paracetamol, Ibuprofen, Decongestants, Cough syrup.",Consult if symptoms last more than a week or if you develop a high fever.
"i have fatigue, muscle pain, high fever, rash, joint pain, severe headache",Dengue Fever,A mosquito-borne viral disease occurring in tropical and subtropical areas.,"Use mosquito nets, wear long sleeves, use repellents.",Paracetamol for fever. STRICTLY AVOID Aspirin or Ibuprofen.,Hospitalization may be required; consult immediately if experiencing severe abdominal pain or bleeding.
"nausea, muscle aches, low-grade fever, diarrhea, vomiting",Gastroenteritis (Stomach Flu),"An intestinal infection marked by diarrhea, cramps, nausea, vomiting, and fever.","Stay hydrated, eat bland foods, wash hands thoroughly.","Oral rehydration salts (ORS), Loperamide (if advised).","Consult if you cannot keep liquids down for 24 hours, or if there is blood in stool."
"dry cough, fever, fatigue, loss of taste, loss of smell, shortness of breath",COVID-19,A highly contagious respiratory illness caused by the SARS-CoV-2 virus.,"Isolate, wear a mask, monitor oxygen levels.","Paracetamol, Vitamin C, Zinc, prescribed antivirals if severe.",Seek immediate medical attention if oxygen drops below 94% or you have difficulty breathing.
"feeling dry cough, muscle aches",Influenza (Flu),A viral infection that attacks your respiratory system.,"Strict bed rest, isolate yourself, stay hydrated.","Oseltamivir (if prescribed early), Paracetamol for fever.",Consult a doctor immediately if you experience shortness of breath or persistent chest pain.
"feeling shortness of breath, rapid breathing, wheezing, chest tightness, coughing episodes",Asthma,A condition in which your airways narrow and swell and may produce extra mucus.,"Avoid triggers (smoke, strong odors), carry an inhaler always.","Bronchodilators (Albuterol inhaler), Inhaled corticosteroids.",Immediate emergency care required for severe shortness of breath or if an inhaler doesn't help.
"suffering from sensitivity to sound, nausea",Migraine,"A neurological condition that can cause multiple symptoms, frequently characterized by intense, debilitating headaches.","Rest in a quiet and dark room, avoid known triggers like caffeine or stress.","Ibuprofen, Triptans (prescription), Aspirin.",Consult a neurologist if migraines are frequent and severely disrupt daily life.
"suffering from fatigue, chills, headache, dry cough, sweats, muscle aches",Influenza (Flu),A viral infection that attacks your respiratory system.,"Strict bed rest, isolate yourself, stay hydrated.","Oseltamivir (if prescribed early), Paracetamol for fever.",Consult a doctor immediately if you experience shortness of breath or persistent chest pain.
"suffering from itchy eyes, sneezing",Allergic Rhinitis,"An allergic response causing itchy, watery eyes, sneezing, and other similar symptoms.","Avoid allergens (dust, pollen), keep indoors during high pollen seasons.","Antihistamines (Cetirizine, Loratadine), Nasal corticosteroids.",Consult an allergist if symptoms are severe and unresponsive to over-the-counter medicine.
"experiencing vomiting, abdominal cramps",Food Poisoning,Illness caused by eating contaminated food.,"Rest, stay hydrated with sips of water or clear broths.","Oral rehydration salts, Bismuth subsalicylate.","Consult a doctor if symptoms last more than a few days, or if you have a very high fever."
"suffering from weakness, stomach pain",Typhoid,"A bacterial infection that can lead to a high fever, diarrhea, and vomiting.","Drink boiled or bottled water, avoid raw foods.","Antibiotics (prescription only), Paracetamol for fever.",Requires immediate medical consultation for a proper antibiotic course.
"i have wheezing, shortness of breath",Asthma,A condition in which your airways narrow and swell and may produce extra mucus.,"Avoid triggers (smoke, strong odors), carry an inhaler always.","Bronchodilators (Albuterol inhaler), Inhaled corticosteroids.",Immediate emergency care required for severe shortness of breath or if an inhaler doesn't help.
"feeling vomiting, severe headache, nausea, sensitivity to light, sensitivity to sound",Migraine,"A neurological condition that can cause multiple symptoms, frequently characterized by intense, debilitating headaches.","Rest in a quiet and dark room, avoid known triggers like caffeine or stress.","Ibuprofen, Triptans (prescription), Aspirin.",Consult a neurologist if migraines are frequent and severely disrupt daily life.
"rash, pain behind eyes, fatigue, high fever, joint pain, severe headache",Dengue Fever,A mosquito-borne viral disease occurring in tropical and subtropical areas.,"Use mosquito nets, wear long sleeves, use repellents.",Paracetamol for fever. STRICTLY AVOID Aspirin or Ibuprofen.,Hospitalization may be required; consult immediately if experiencing severe abdominal pain or bleeding.
"i have sneezing, watery eyes, itchy throat, runny nose",Allergic Rhinitis,"An allergic response causing itchy, watery eyes, sneezing, and other similar symptoms.","Avoid allergens (dust, pollen), keep indoors during high pollen seasons.","Antihistamines (Cetirizine, Loratadine), Nasal corticosteroids.",Consult an allergist if symptoms are severe and unresponsive to over-the-counter medicine.
"suffering from fever, abdominal cramps",Food Poisoning,Illness caused by eating contaminated food.,"Rest, stay hydrated with sips of water or clear broths.","Oral rehydration salts, Bismuth subsalicylate.","Consult a doctor if symptoms last more than a few days, or if you have a very high fever."
"feeling runny nose, nasal congestion, itchy eyes, itchy throat, sneezing, watery eyes",Allergic Rhinitis,"An allergic response causing itchy, watery eyes, sneezing, and other similar symptoms.","Avoid allergens (dust, pollen), keep indoors during high pollen seasons.","Antihistamines (Cetirizine, Loratadine), Nasal corticosteroids.",Consult an allergist if symptoms are severe and unresponsive to over-the-counter medicine.
"suffering from joint pain, muscle pain, rash, high fever, severe headache, pain behind eyes",Dengue Fever,A mosquito-borne viral disease occurring in tropical and subtropical areas.,"Use mosquito nets, wear long sleeves, use repellents.",Paracetamol for fever. STRICTLY AVOID Aspirin or Ibuprofen.,Hospitalization may be required; consult immediately if experiencing severe abdominal pain or bleeding.
"i have abdominal cramps, nausea, weakness",Food Poisoning,Illness caused by eating contaminated food.,"Rest, stay hydrated with sips of water or clear broths.","Oral rehydration salts, Bismuth subsalicylate.","Consult a doctor if symptoms last more than a few days, or if you have a very high fever."
"sore throat, loss of smell, shortness of breath, fever",COVID-19,A highly contagious respiratory illness caused by the SARS-CoV-2 virus.,"Isolate, wear a mask, monitor oxygen levels.","Paracetamol, Vitamin C, Zinc, prescribed antivirals if severe.",Seek immediate medical attention if oxygen drops below 94% or you have difficulty breathing.
"suffering from sneezing, runny nose, congestion, sore throat, mild fever, cough",Common Cold,A common viral infection of the nose and throat.,"Rest, drink plenty of fluids, wash hands often.","Paracetamol, Ibuprofen, Decongestants, Cough syrup.",Consult if symptoms last more than a week or if you develop a high fever.
"experiencing congestion, sore throat, sneezing, cough",Common Cold,A common viral infection of the nose and throat.,"Rest, drink plenty of fluids, wash hands often.","Paracetamol, Ibuprofen, Decongestants, Cough syrup.",Consult if symptoms last more than a week or if you develop a high fever.
"i have prolonged high fever, weakness, stomach pain, rash, loss of appetite, headache",Typhoid,"A bacterial infection that can lead to a high fever, diarrhea, and vomiting.","Drink boiled or bottled water, avoid raw foods.","Antibiotics (prescription only), Paracetamol for fever.",Requires immediate medical consultation for a proper antibiotic course.
"i have muscle pain, pain behind eyes, high fever, joint pain, fatigue, rash",Dengue Fever,A mosquito-borne viral disease occurring in tropical and subtropical areas.,"Use mosquito nets, wear long sleeves, use repellents.",Paracetamol for fever. STRICTLY AVOID Aspirin or Ibuprofen.,Hospitalization may be required; consult immediately if experiencing severe abdominal pain or bleeding.
"pain behind eyes, high fever, severe headache, rash",Dengue Fever,A mosquito-borne viral disease occurring in tropical and subtropical areas.,"Use mosquito nets, wear long sleeves, use repellents.",Paracetamol for fever. STRICTLY AVOID Aspirin or Ibuprofen.,Hospitalization may be required; consult immediately if experiencing severe abdominal pain or bleeding.
"experiencing rapid breathing, chest tightness",Asthma,A condition in which your airways narrow and swell and may produce extra mucus.,"Avoid triggers (smoke, strong odors), carry an inhaler always.","Bronchodilators (Albuterol inhaler), Inhaled corticosteroids.",Immediate emergency care required for severe shortness of breath or if an inhaler doesn't help.
"experiencing vomiting, diarrhea, nausea",Gastroenteritis (Stomach Flu),"An intestinal infection marked by diarrhea, cramps, nausea, vomiting, and fever.","Stay hydrated, eat bland foods, wash hands thoroughly.","Oral rehydration salts (ORS), Loperamide (if advised).","Consult if you cannot keep liquids down for 24 hours, or if there is blood in stool."
"feeling dry cough, fatigue, headache, high fever, muscle aches, chills, sweats",Influenza (Flu),A viral infection that attacks your respiratory system.,"Strict bed rest, isolate yourself, stay hydrated.","Oseltamivir (if prescribed early), Paracetamol for fever.",Consult a doctor immediately if you experience shortness of breath or persistent chest pain.
"suffering from sneezing, mild fever, runny nose, sore throat, cough, congestion",Common Cold,A common viral infection of the nose and throat.,"Rest, drink plenty of fluids, wash hands often.","Paracetamol, Ibuprofen, Decongestants, Cough syrup.",Consult if symptoms last more than a week or if you develop a high fever.
"i have severe headache, pain behind eyes, muscle pain, joint pain, rash",Dengue Fever,A mosquito-borne viral disease occurring in tropical and subtropical areas.,"Use mosquito nets, wear long sleeves, use repellents.",Paracetamol for fever. STRICTLY AVOID Aspirin or Ibuprofen.,Hospitalization may be required; consult immediately if experiencing severe abdominal pain or bleeding.
"experiencing rash, fatigue, pain behind eyes, muscle pain",Dengue Fever,A mosquito-borne viral disease occurring in tropical and subtropical areas.,"Use mosquito nets, wear long sleeves, use repellents.",Paracetamol for fever. STRICTLY AVOID Aspirin or Ibuprofen.,Hospitalization may be required; consult immediately if experiencing severe abdominal pain or bleeding.
"watery eyes, nasal congestion, sneezing, itchy eyes, runny nose, itchy throat",Allergic Rhinitis,"An allergic response causing itchy, watery eyes, sneezing, and other similar symptoms.","Avoid allergens (dust, pollen), keep indoors during high pollen seasons.","Antihistamines (Cetirizine, Loratadine), Nasal corticosteroids.",Consult an allergist if symptoms are severe and unresponsive to over-the-counter medicine.
"vomiting, sensitivity to light, throbbing pain",Migraine,"A neurological condition that can cause multiple symptoms, frequently characterized by intense, debilitating headaches.","Rest in a quiet and dark room, avoid known triggers like caffeine or stress.","Ibuprofen, Triptans (prescription), Aspirin.",Consult a neurologist if migraines are frequent and severely disrupt daily life.
"experiencing mild fever, sore throat, runny nose",Common Cold,A common viral infection of the nose and throat.,"Rest, drink plenty of fluids, wash hands often.","Paracetamol, Ibuprofen, Decongestants, Cough syrup.",Consult if symptoms last more than a week or if you develop a high fever.
"suffering from runny nose, itchy throat, watery eyes, nasal congestion",Allergic Rhinitis,"An allergic response causing itchy, watery eyes, sneezing, and other similar symptoms.","Avoid allergens (dust, pollen), keep indoors during high pollen seasons.","Antihistamines (Cetirizine, Loratadine), Nasal corticosteroids.",Consult an allergist if symptoms are severe and unresponsive to over-the-counter medicine.
"feeling runny nose, sneezing, mild fever, sore throat, cough",Common Cold,A common viral infection of the nose and throat.,"Rest, drink plenty of fluids, wash hands often.","Paracetamol, Ibuprofen, Decongestants, Cough syrup.",Consult if symptoms last more than a week or if you develop a high fever.
"feeling nausea, vomiting",Migraine,"A neurological condition that can cause multiple symptoms, frequently characterized by intense, debilitating headaches.","Rest in a quiet and dark room, avoid known triggers like caffeine or stress.","Ibuprofen, Triptans (prescription), Aspirin.",Consult a neurologist if migraines are frequent and severely disrupt daily life.
"suffering from prolonged high fever, loss of appetite, weakness, stomach pain, headache",Typhoid,"A bacterial infection that can lead to a high fever, diarrhea, and vomiting.","Drink boiled or bottled water, avoid raw foods.","Antibiotics (prescription only), Paracetamol for fever.",Requires immediate medical consultation for a proper antibiotic course.
"suffering from headache, sweats, high fever, fatigue, chills, muscle aches, dry cough",Influenza (Flu),A viral infection that attacks your respiratory system.,"Strict bed rest, isolate yourself, stay hydrated.","Oseltamivir (if prescribed early), Paracetamol for fever.",Consult a doctor immediately if you experience shortness of breath or persistent chest pain.
"muscle aches, diarrhea",Gastroenteritis (Stomach Flu),"An intestinal infection marked by diarrhea, cramps, nausea, vomiting, and fever.","Stay hydrated, eat bland foods, wash hands thoroughly.","Oral rehydration salts (ORS), Loperamide (if advised).","Consult if you cannot keep liquids down for 24 hours, or if there is blood in stool."
"suffering from sore throat, runny nose, congestion, sneezing, cough",Common Cold,A common viral infection of the nose and throat.,"Rest, drink plenty of fluids, wash hands often.","Paracetamol, Ibuprofen, Decongestants, Cough syrup.",Consult if symptoms last more than a week or if you develop a high fever.
"i have diarrhea, vomiting, nausea, fever",Food Poisoning,Illness caused by eating contaminated food.,"Rest, stay hydrated with sips of water or clear broths.","Oral rehydration salts, Bismuth subsalicylate.","Consult a doctor if symptoms last more than a few days, or if you have a very high fever."
"experiencing muscle aches, low-grade fever, stomach cramps, nausea",Gastroenteritis (Stomach Flu),"An intestinal infection marked by diarrhea, cramps, nausea, vomiting, and fever.","Stay hydrated, eat bland foods, wash hands thoroughly.","Oral rehydration salts (ORS), Loperamide (if advised).","Consult if you cannot keep liquids down for 24 hours, or if there is blood in stool."
"i have vomiting, diarrhea, nausea, stomach cramps, muscle aches",Gastroenteritis (Stomach Flu),"An intestinal infection marked by diarrhea, cramps, nausea, vomiting, and fever.","Stay hydrated, eat bland foods, wash hands thoroughly.","Oral rehydration salts (ORS), Loperamide (if advised).","Consult if you cannot keep liquids down for 24 hours, or if there is blood in stool."
"abdominal cramps, weakness",Food Poisoning,Illness caused by eating contaminated food.,"Rest, stay hydrated with sips of water or clear broths.","Oral rehydration salts, Bismuth subsalicylate.","Consult a doctor if symptoms last more than a few days, or if you have a very high fever."
"feeling shortness of breath, body aches",COVID-19,A highly contagious respiratory illness caused by the SARS-CoV-2 virus.,"Isolate, wear a mask, monitor oxygen levels.","Paracetamol, Vitamin C, Zinc, prescribed antivirals if severe.",Seek immediate medical attention if oxygen drops below 94% or you have difficulty breathing.
"feeling nausea, muscle aches, low-grade fever, vomiting, stomach cramps",Gastroenteritis (Stomach Flu),"An intestinal infection marked by diarrhea, cramps, nausea, vomiting, and fever.","Stay hydrated, eat bland foods, wash hands thoroughly.","Oral rehydration salts (ORS), Loperamide (if advised).","Consult if you cannot keep liquids down for 24 hours, or if there is blood in stool."
"feeling fatigue, chills, headache, high fever",Influenza (Flu),A viral infection that attacks your respiratory system.,"Strict bed rest, isolate yourself, stay hydrated.","Oseltamivir (if prescribed early), Paracetamol for fever.",Consult a doctor immediately if you experience shortness of breath or persistent chest pain.
"feeling cough, sneezing, sore throat, congestion, mild fever",Common Cold,A common viral infection of the nose and throat.,"Rest, drink plenty of fluids, wash hands often.","Paracetamol, Ibuprofen, Decongestants, Cough syrup.",Consult if symptoms last more than a week or if you develop a high fever.
"suffering from weakness, prolonged high fever",Typhoid,"A bacterial infection that can lead to a high fever, diarrhea, and vomiting.","Drink boiled or bottled water, avoid raw foods.","Antibiotics (prescription only), Paracetamol for fever.",Requires immediate medical consultation for a proper antibiotic course.
"experiencing sensitivity to sound, nausea, vomiting",Migraine,"A neurological condition that can cause multiple symptoms, frequently characterized by intense, debilitating headaches.","Rest in a quiet and dark room, avoid known triggers like caffeine or stress.","Ibuprofen, Triptans (prescription), Aspirin.",Consult a neurologist if migraines are frequent and severely disrupt daily life.
"feeling vomiting, nausea, low-grade fever, muscle aches",Gastroenteritis (Stomach Flu),"An intestinal infection marked by diarrhea, cramps, nausea, vomiting, and fever.","Stay hydrated, eat bland foods, wash hands thoroughly.","Oral rehydration salts (ORS), Loperamide (if advised).","Consult if you cannot keep liquids down for 24 hours, or if there is blood in stool."
"suffering from runny nose, watery eyes, itchy eyes, itchy throat",Allergic Rhinitis,"An allergic response causing itchy, watery eyes, sneezing, and other similar symptoms.","Avoid allergens (dust, pollen), keep indoors during high pollen seasons.","Antihistamines (Cetirizine, Loratadine), Nasal corticosteroids.",Consult an allergist if symptoms are severe and unresponsive to over-the-counter medicine.
"experiencing diarrhea, nausea, vomiting, low-grade fever, muscle aches, stomach cramps",Gastroenteritis (Stomach Flu),"An intestinal infection marked by diarrhea, cramps, nausea, vomiting, and fever.","Stay hydrated, eat bland foods, wash hands thoroughly.","Oral rehydration salts (ORS), Loperamide (if advised).","Consult if you cannot keep liquids down for 24 hours, or if there is blood in stool."
"suffering from vomiting, diarrhea",Food Poisoning,Illness caused by eating contaminated food.,"Rest, stay hydrated with sips of water or clear broths.","Oral rehydration salts, Bismuth subsalicylate.","Consult a doctor if symptoms last more than a few days, or if you have a very high fever."
"diarrhea, fever, weakness",Food Poisoning,Illness caused by eating contaminated food.,"Rest, stay hydrated with sips of water or clear broths.","Oral rehydration salts, Bismuth subsalicylate.","Consult a doctor if symptoms last more than a few days, or if you have a very high fever."
"feeling diarrhea, muscle aches, low-grade fever, nausea",Gastroenteritis (Stomach Flu),"An intestinal infection marked by diarrhea, cramps, nausea, vomiting, and fever.","Stay hydrated, eat bland foods, wash hands thoroughly.","Oral rehydration salts (ORS), Loperamide (if advised).","Consult if you cannot keep liquids down for 24 hours, or if there is blood in stool."
"experiencing fever, vomiting",Food Poisoning,Illness caused by eating contaminated food.,"Rest, stay hydrated with sips of water or clear broths.","Oral rehydration salts, Bismuth subsalicylate.","Consult a doctor if symptoms last more than a few days, or if you have a very high fever."
"experiencing diarrhea, vomiting, abdominal cramps, weakness, nausea, fever",Food Poisoning,Illness caused by eating contaminated food.,"Rest, stay hydrated with sips of water or clear broths.","Oral rehydration salts, Bismuth subsalicylate.","Consult a doctor if symptoms last more than a few days, or if you have a very high fever."
"suffering from mild fever, congestion, runny nose, sore throat",Common Cold,A common viral infection of the nose and throat.,"Rest, drink plenty of fluids, wash hands often.","Paracetamol, Ibuprofen, Decongestants, Cough syrup.",Consult if symptoms last more than a week or if you develop a high fever.
"feeling nausea, sensitivity to sound, sensitivity to light",Migraine,"A neurological condition that can cause multiple symptoms, frequently characterized by intense, debilitating headaches.","Rest in a quiet and dark room, avoid known triggers like caffeine or stress.","Ibuprofen, Triptans (prescription), Aspirin.",Consult a neurologist if migraines are frequent and severely disrupt daily life.
"dry cough, muscle aches, sweats, fatigue, headache",Influenza (Flu),A viral infection that attacks your respiratory system.,"Strict bed rest, isolate yourself, stay hydrated.","Oseltamivir (if prescribed early), Paracetamol for fever.",Consult a doctor immediately if you experience shortness of breath or persistent chest pain.
"feeling pain behind eyes, severe headache",Dengue Fever,A mosquito-borne viral disease occurring in tropical and subtropical areas.,"Use mosquito nets, wear long sleeves, use repellents.",Paracetamol for fever. STRICTLY AVOID Aspirin or Ibuprofen.,Hospitalization may be required; consult immediately if experiencing severe abdominal pain or bleeding.
"feeling rash, joint pain, pain behind eyes, severe headache, muscle pain, high fever",Dengue Fever,A mosquito-borne viral disease occurring in tropical and subtropical areas.,"Use mosquito nets, wear long sleeves, use repellents.",Paracetamol for fever. STRICTLY AVOID Aspirin or Ibuprofen.,Hospitalization may be required; consult immediately if experiencing severe abdominal pain or bleeding.
"experiencing itchy eyes, sneezing, nasal congestion, itchy throat",Allergic Rhinitis,"An allergic response causing itchy, watery eyes, sneezing, and other similar symptoms.","Avoid allergens (dust, pollen), keep indoors during high pollen seasons.","Antihistamines (Cetirizine, Loratadine), Nasal corticosteroids.",Consult an allergist if symptoms are severe and unresponsive to over-the-counter medicine.
"experiencing dry cough, muscle aches, fatigue, high fever, headache, sweats",Influenza (Flu),A viral infection that attacks your respiratory system.,"Strict bed rest, isolate yourself, stay hydrated.","Oseltamivir (if prescribed early), Paracetamol for fever.",Consult a doctor immediately if you experience shortness of breath or persistent chest pain.
"feeling congestion, sore throat, runny nose, cough",Common Cold,A common viral infection of the nose and throat.,"Rest, drink plenty of fluids, wash hands often.","Paracetamol, Ibuprofen, Decongestants, Cough syrup.",Consult if symptoms last more than a week or if you develop a high fever.
"i have sensitivity to sound, throbbing pain, sensitivity to light, severe headache, vomiting, nausea",Migraine,"A neurological condition that can cause multiple symptoms, frequently characterized by intense, debilitating headaches.","Rest in a quiet and dark room, avoid known triggers like caffeine or stress.","Ibuprofen, Triptans (prescription), Aspirin.",Consult a neurologist if migraines are frequent and severely disrupt daily life.
"sneezing, runny nose, itchy throat, watery eyes",Allergic Rhinitis,"An allergic response causing itchy, watery eyes, sneezing, and other similar symptoms.","Avoid allergens (dust, pollen), keep indoors during high pollen seasons.","Antihistamines (Cetirizine, Loratadine), Nasal corticosteroids.",Consult an allergist if symptoms are severe and unresponsive to over-the-counter medicine.
"experiencing congestion, runny nose, sore throat, sneezing, mild fever, cough",Common Cold,A common viral infection of the nose and throat.,"Rest, drink plenty of fluids, wash hands often.","Paracetamol, Ibuprofen, Decongestants, Cough syrup.",Consult if symptoms last more than a week or if you develop a high fever.
"i have fatigue, loss of smell, loss of taste, dry cough",COVID-19,A highly contagious respiratory illness caused by the SARS-CoV-2 virus.,"Isolate, wear a mask, monitor oxygen levels.","Paracetamol, Vitamin C, Zinc, prescribed antivirals if severe.",Seek immediate medical attention if oxygen drops below 94% or you have difficulty breathing.
"coughing episodes, rapid breathing, wheezing",Asthma,A condition in which your airways narrow and swell and may produce extra mucus.,"Avoid triggers (smoke, strong odors), carry an inhaler always.","Bronchodilators (Albuterol inhaler), Inhaled corticosteroids.",Immediate emergency care required for severe shortness of breath or if an inhaler doesn't help.
"experiencing nasal congestion, watery eyes",Allergic Rhinitis,"An allergic response causing itchy, watery eyes, sneezing, and other similar symptoms.","Avoid allergens (dust, pollen), keep indoors during high pollen seasons.","Antihistamines (Cetirizine, Loratadine), Nasal corticosteroids.",Consult an allergist if symptoms are severe and unresponsive to over-the-counter medicine.
"suffering from vomiting, diarrhea, abdominal cramps, weakness, fever",Food Poisoning,Illness caused by eating contaminated food.,"Rest, stay hydrated with sips of water or clear broths.","Oral rehydration salts, Bismuth subsalicylate.","Consult a doctor if symptoms last more than a few days, or if you have a very high fever."
"suffering from loss of smell, dry cough",COVID-19,A highly contagious respiratory illness caused by the SARS-CoV-2 virus.,"Isolate, wear a mask, monitor oxygen levels.","Paracetamol, Vitamin C, Zinc, prescribed antivirals if severe.",Seek immediate medical attention if oxygen drops below 94% or you have difficulty breathing.
"i have vomiting, diarrhea, fever, abdominal cramps, nausea, weakness",Food Poisoning,Illness caused by eating contaminated food.,"Rest, stay hydrated with sips of water or clear broths.","Oral rehydration salts, Bismuth subsalicylate.","Consult a doctor if symptoms last more than a few days, or if you have a very high fever."
"feeling wheezing, shortness of breath, chest tightness",Asthma,A condition in which your airways narrow and swell and may produce extra mucus.,"Avoid triggers (smoke, strong odors), carry an inhaler always.","Bronchodilators (Albuterol inhaler), Inhaled corticosteroids.",Immediate emergency care required for severe shortness of breath or if an inhaler doesn't help.
"high fever, fatigue, severe headache, pain behind eyes",Dengue Fever,A mosquito-borne viral disease occurring in tropical and subtropical areas.,"Use mosquito nets, wear long sleeves, use repellents.",Paracetamol for fever. STRICTLY AVOID Aspirin or Ibuprofen.,Hospitalization may be required; consult immediately if experiencing severe abdominal pain or bleeding.
"experiencing nausea, diarrhea, muscle aches, low-grade fever, vomiting, stomach cramps",Gastroenteritis (Stomach Flu),"An intestinal infection marked by diarrhea, cramps, nausea, vomiting, and fever.","Stay hydrated, eat bland foods, wash hands thoroughly.","Oral rehydration salts (ORS), Loperamide (if advised).","Consult if you cannot keep liquids down for 24 hours, or if there is blood in stool."
"i have muscle aches, chills, dry cough, headache, high fever",Influenza (Flu),A viral infection that attacks your respiratory system.,"Strict bed rest, isolate yourself, stay hydrated.","Oseltamivir (if prescribed early), Paracetamol for fever.",Consult a doctor immediately if you experience shortness of breath or persistent chest pain.
"experiencing itchy throat, nasal congestion, runny nose, itchy eyes",Allergic Rhinitis,"An allergic response causing itchy, watery eyes, sneezing, and other similar symptoms.","Avoid allergens (dust, pollen), keep indoors during high pollen seasons.","Antihistamines (Cetirizine, Loratadine), Nasal corticosteroids.",Consult an allergist if symptoms are severe and unresponsive to over-the-counter medicine.
"feeling vomiting, throbbing pain, severe headache",Migraine,"A neurological condition that can cause multiple symptoms, frequently characterized by intense, debilitating headaches.","Rest in a quiet and dark room, avoid known triggers like caffeine or stress.","Ibuprofen, Triptans (prescription), Aspirin.",Consult a neurologist if migraines are frequent and severely disrupt daily life.
"muscle aches, high fever, sweats, chills, fatigue, headache, dry cough",Influenza (Flu),A viral infection that attacks your respiratory system.,"Strict bed rest, isolate yourself, stay hydrated.","Oseltamivir (if prescribed early), Paracetamol for fever.",Consult a doctor immediately if you experience shortness of breath or persistent chest pain.
"feeling vomiting, nausea, stomach cramps, muscle aches, diarrhea, low-grade fever",Gastroenteritis (Stomach Flu),"An intestinal infection marked by diarrhea, cramps, nausea, vomiting, and fever.","Stay hydrated, eat bland foods, wash hands thoroughly.","Oral rehydration salts (ORS), Loperamide (if advised).","Consult if you cannot keep liquids down for 24 hours, or if there is blood in stool."
"fever, weakness",Food Poisoning,Illness caused by eating contaminated food.,"Rest, stay hydrated with sips of water or clear broths.","Oral rehydration salts, Bismuth subsalicylate.","Consult a doctor if symptoms last more than a few days, or if you have a very high fever."
"i have cough, mild fever, sore throat, congestion, sneezing",Common Cold,A common viral infection of the nose and throat.,"Rest, drink plenty of fluids, wash hands often.","Paracetamol, Ibuprofen, Decongestants, Cough syrup.",Consult if symptoms last more than a week or if you develop a high fever.
"feeling shortness of breath, wheezing, rapid breathing",Asthma,A condition in which your airways narrow and swell and may produce extra mucus.,"Avoid triggers (smoke, strong odors), carry an inhaler always.","Bronchodilators (Albuterol inhaler), Inhaled corticosteroids.",Immediate emergency care required for severe shortness of breath or if an inhaler doesn't help.
"experiencing mild fever, runny nose, congestion, sore throat",Common Cold,A common viral infection of the nose and throat.,"Rest, drink plenty of fluids, wash hands often.","Paracetamol, Ibuprofen, Decongestants, Cough syrup.",Consult if symptoms last more than a week or if you develop a high fever.
"shortness of breath, wheezing, coughing episodes, chest tightness, rapid breathing",Asthma,A condition in which your airways narrow and swell and may produce extra mucus.,"Avoid triggers (smoke, strong odors), carry an inhaler always.","Bronchodilators (Albuterol inhaler), Inhaled corticosteroids.",Immediate emergency care required for severe shortness of breath or if an inhaler doesn't help.
"diarrhea, muscle aches, low-grade fever, nausea",Gastroenteritis (Stomach Flu),"An intestinal infection marked by diarrhea, cramps, nausea, vomiting, and fever.","Stay hydrated, eat bland foods, wash hands thoroughly.","Oral rehydration salts (ORS), Loperamide (if advised).","Consult if you cannot keep liquids down for 24 hours, or if there is blood in stool."
"suffering from loss of taste, shortness of breath",COVID-19,A highly contagious respiratory illness caused by the SARS-CoV-2 virus.,"Isolate, wear a mask, monitor oxygen levels.","Paracetamol, Vitamin C, Zinc, prescribed antivirals if severe.",Seek immediate medical attention if oxygen drops below 94% or you have difficulty breathing.
"diarrhea, nausea",Gastroenteritis (Stomach Flu),"An intestinal infection marked by diarrhea, cramps, nausea, vomiting, and fever.","Stay hydrated, eat bland foods, wash hands thoroughly.","Oral rehydration salts (ORS), Loperamide (if advised).","Consult if you cannot keep liquids down for 24 hours, or if there is blood in stool."
"feeling pain behind eyes, rash, joint pain, high fever, muscle pain",Dengue Fever,A mosquito-borne viral disease occurring in tropical and subtropical areas.,"Use mosquito nets, wear long sleeves, use repellents.",Paracetamol for fever. STRICTLY AVOID Aspirin or Ibuprofen.,Hospitalization may be required; consult immediately if experiencing severe abdominal pain or bleeding.
"feeling shortness of breath, rapid breathing, coughing episodes, chest tightness",Asthma,A condition in which your airways narrow and swell and may produce extra mucus.,"Avoid triggers (smoke, strong odors), carry an inhaler always.","Bronchodilators (Albuterol inhaler), Inhaled corticosteroids.",Immediate emergency care required for severe shortness of breath or if an inhaler doesn't help.
"high fever, muscle aches, headache",Influenza (Flu),A viral infection that attacks your respiratory system.,"Strict bed rest, isolate yourself, stay hydrated.","Oseltamivir (if prescribed early), Paracetamol for fever.",Consult a doctor immediately if you experience shortness of breath or persistent chest pain.
"feeling nausea, vomiting, stomach cramps",Gastroenteritis (Stomach Flu),"An intestinal infection marked by diarrhea, cramps, nausea, vomiting, and fever.","Stay hydrated, eat bland foods, wash hands thoroughly.","Oral rehydration salts (ORS), Loperamide (if advised).","Consult if you cannot keep liquids down for 24 hours, or if there is blood in stool."
"experiencing rash, joint pain, fatigue",Dengue Fever,A mosquito-borne viral disease occurring in tropical and subtropical areas.,"Use mosquito nets, wear long sleeves, use repellents.",Paracetamol for fever. STRICTLY AVOID Aspirin or Ibuprofen.,Hospitalization may be required; consult immediately if experiencing severe abdominal pain or bleeding.
"i have diarrhea, nausea, fever, vomiting, abdominal cramps",Food Poisoning,Illness caused by eating contaminated food.,"Rest, stay hydrated with sips of water or clear broths.","Oral rehydration salts, Bismuth subsalicylate.","Consult a doctor if symptoms last more than a few days, or if you have a very high fever."
"diarrhea, nausea, vomiting, fever, abdominal cramps",Food Poisoning,Illness caused by eating contaminated food.,"Rest, stay hydrated with sips of water or clear broths.","Oral rehydration salts, Bismuth subsalicylate.","Consult a doctor if symptoms last more than a few days, or if you have a very high fever."
"feeling shortness of breath, rapid breathing",Asthma,A condition in which your airways narrow and swell and may produce extra mucus.,"Avoid triggers (smoke, strong odors), carry an inhaler always.","Bronchodilators (Albuterol inhaler), Inhaled corticosteroids.",Immediate emergency care required for severe shortness of breath or if an inhaler doesn't help.
"headache, loss of appetite, weakness, prolonged high fever, stomach pain",Typhoid,"A bacterial infection that can lead to a high fever, diarrhea, and vomiting.","Drink boiled or bottled water, avoid raw foods.","Antibiotics (prescription only), Paracetamol for fever.",Requires immediate medical consultation for a proper antibiotic course.
"pain behind eyes, severe headache",Dengue Fever,A mosquito-borne viral disease occurring in tropical and subtropical areas.,"Use mosquito nets, wear long sleeves, use repellents.",Paracetamol for fever. STRICTLY AVOID Aspirin or Ibuprofen.,Hospitalization may be required; consult immediately if experiencing severe abdominal pain or bleeding.
"sensitivity to light, throbbing pain",Migraine,"A neurological condition that can cause multiple symptoms, frequently characterized by intense, debilitating headaches.","Rest in a quiet and dark room, avoid known triggers like caffeine or stress.","Ibuprofen, Triptans (prescription), Aspirin.",Consult a neurologist if migraines are frequent and severely disrupt daily life.
"pain behind eyes, muscle pain, severe headache, fatigue, high fever",Dengue Fever,A mosquito-borne viral disease occurring in tropical and subtropical areas.,"Use mosquito nets, wear long sleeves, use repellents.",Paracetamol for fever. STRICTLY AVOID Aspirin or Ibuprofen.,Hospitalization may be required; consult immediately if experiencing severe abdominal pain or bleeding.
"i have fever, body aches, dry cough",COVID-19,A highly contagious respiratory illness caused by the SARS-CoV-2 virus.,"Isolate, wear a mask, monitor oxygen levels.","Paracetamol, Vitamin C, Zinc, prescribed antivirals if severe.",Seek immediate medical attention if oxygen drops below 94% or you have difficulty breathing.
"experiencing rash, fatigue, muscle pain",Dengue Fever,A mosquito-borne viral disease occurring in tropical and subtropical areas.,"Use mosquito nets, wear long sleeves, use repellents.",Paracetamol for fever. STRICTLY AVOID Aspirin or Ibuprofen.,Hospitalization may be required; consult immediately if experiencing severe abdominal pain or bleeding.
"suffering from loss of appetite, rash, weakness, prolonged high fever",Typhoid,"A bacterial infection that can lead to a high fever, diarrhea, and vomiting.","Drink boiled or bottled water, avoid raw foods.","Antibiotics (prescription only), Paracetamol for fever.",Requires immediate medical consultation for a proper antibiotic course.
"diarrhea, vomiting, abdominal cramps, fever, nausea, weakness",Food Poisoning,Illness caused by eating contaminated food.,"Rest, stay hydrated with sips of water or clear broths.","Oral rehydration salts, Bismuth subsalicylate.","Consult a doctor if symptoms last more than a few days, or if you have a very high fever."
"i have nasal congestion, itchy eyes, sneezing",Allergic Rhinitis,"An allergic response causing itchy, watery eyes, sneezing, and other similar symptoms.","Avoid allergens (dust, pollen), keep indoors during high pollen seasons.","Antihistamines (Cetirizine, Loratadine), Nasal corticosteroids.",Consult an allergist if symptoms are severe and unresponsive to over-the-counter medicine.
"suffering from shortness of breath, loss of taste",COVID-19,A highly contagious respiratory illness caused by the SARS-CoV-2 virus.,"Isolate, wear a mask, monitor oxygen levels.","Paracetamol, Vitamin C, Zinc, prescribed antivirals if severe.",Seek immediate medical attention if oxygen drops below 94% or you have difficulty breathing.
"suffering from high fever, rash, fatigue, joint pain, severe headache, muscle pain",Dengue Fever,A mosquito-borne viral disease occurring in tropical and subtropical areas.,"Use mosquito nets, wear long sleeves, use repellents.",Paracetamol for fever. STRICTLY AVOID Aspirin or Ibuprofen.,Hospitalization may be required; consult immediately if experiencing severe abdominal pain or bleeding.
"experiencing chills, headache, fatigue, muscle aches",Influenza (Flu),A viral infection that attacks your respiratory system.,"Strict bed rest, isolate yourself, stay hydrated.","Oseltamivir (if prescribed early), Paracetamol for fever.",Consult a doctor immediately if you experience shortness of breath or persistent chest pain.
"shortness of breath, body aches, sore throat, dry cough",COVID-19,A highly contagious respiratory illness caused by the SARS-CoV-2 virus.,"Isolate, wear a mask, monitor oxygen levels.","Paracetamol, Vitamin C, Zinc, prescribed antivirals if severe.",Seek immediate medical attention if oxygen drops below 94% or you have difficulty breathing.
"feeling high fever, fatigue, pain behind eyes",Dengue Fever,A mosquito-borne viral disease occurring in tropical and subtropical areas.,"Use mosquito nets, wear long sleeves, use repellents.",Paracetamol for fever. STRICTLY AVOID Aspirin or Ibuprofen.,Hospitalization may be required; consult immediately if experiencing severe abdominal pain or bleeding.
"loss of taste, sore throat, loss of smell, fever, shortness of breath, dry cough, fatigue, body aches",COVID-19,A highly contagious respiratory illness caused by the SARS-CoV-2 virus.,"Isolate, wear a mask, monitor oxygen levels.","Paracetamol, Vitamin C, Zinc, prescribed antivirals if severe.",Seek immediate medical attention if oxygen drops below 94% or you have difficulty breathing.
"experiencing pain behind eyes, high fever",Dengue Fever,A mosquito-borne viral disease occurring in tropical and subtropical areas.,"Use mosquito nets, wear long sleeves, use repellents.",Paracetamol for fever. STRICTLY AVOID Aspirin or Ibuprofen.,Hospitalization may be required; consult immediately if experiencing severe abdominal pain or bleeding.
"feeling pain behind eyes, joint pain, muscle pain",Dengue Fever,A mosquito-borne viral disease occurring in tropical and subtropical areas.,"Use mosquito nets, wear long sleeves, use repellents.",Paracetamol for fever. STRICTLY AVOID Aspirin or Ibuprofen.,Hospitalization may be required; consult immediately if experiencing severe abdominal pain or bleeding.
"feeling prolonged high fever, headache",Typhoid,"A bacterial infection that can lead to a high fever, diarrhea, and vomiting.","Drink boiled or bottled water, avoid raw foods.","Antibiotics (prescription only), Paracetamol for fever.",Requires immediate medical consultation for a proper antibiotic course.
"feeling fever, fatigue",COVID-19,A highly contagious respiratory illness caused by the SARS-CoV-2 virus.,"Isolate, wear a mask, monitor oxygen levels.","Paracetamol, Vitamin C, Zinc, prescribed antivirals if severe.",Seek immediate medical attention if oxygen drops below 94% or you have difficulty breathing.
"feeling cough, mild fever, congestion, sneezing, runny nose",Common Cold,A common viral infection of the nose and throat.,"Rest, drink plenty of fluids, wash hands often.","Paracetamol, Ibuprofen, Decongestants, Cough syrup.",Consult if symptoms last more than a week or if you develop a high fever.
"i have severe headache, rash, fatigue, joint pain, muscle pain",Dengue Fever,A mosquito-borne viral disease occurring in tropical and subtropical areas.,"Use mosquito nets, wear long sleeves, use repellents.",Paracetamol for fever. STRICTLY AVOID Aspirin or Ibuprofen.,Hospitalization may be required; consult immediately if experiencing severe abdominal pain or bleeding.
"i have watery eyes, nasal congestion, runny nose",Allergic Rhinitis,"An allergic response causing itchy, watery eyes, sneezing, and other similar symptoms.","Avoid allergens (dust, pollen), keep indoors during high pollen seasons.","Antihistamines (Cetirizine, Loratadine), Nasal corticosteroids.",Consult an allergist if symptoms are severe and unresponsive to over-the-counter medicine.
"suffering from watery eyes, sneezing",Allergic Rhinitis,"An allergic response causing itchy, watery eyes, sneezing, and other similar symptoms.","Avoid allergens (dust, pollen), keep indoors during high pollen seasons.","Antihistamines (Cetirizine, Loratadine), Nasal corticosteroids.",Consult an allergist if symptoms are severe and unresponsive to over-the-counter medicine.
"experiencing vomiting, diarrhea",Gastroenteritis (Stomach Flu),"An intestinal infection marked by diarrhea, cramps, nausea, vomiting, and fever.","Stay hydrated, eat bland foods, wash hands thoroughly.","Oral rehydration salts (ORS), Loperamide (if advised).","Consult if you cannot keep liquids down for 24 hours, or if there is blood in stool."
"feeling dry cough, chills",Influenza (Flu),A viral infection that attacks your respiratory system.,"Strict bed rest, isolate yourself, stay hydrated.","Oseltamivir (if prescribed early), Paracetamol for fever.",Consult a doctor immediately if you experience shortness of breath or persistent chest pain.
"suffering from vomiting, nausea, fever",Food Poisoning,Illness caused by eating contaminated food.,"Rest, stay hydrated with sips of water or clear broths.","Oral rehydration salts, Bismuth subsalicylate.","Consult a doctor if symptoms last more than a few days, or if you have a very high fever."
"experiencing wheezing, coughing episodes, chest tightness, shortness of breath",Asthma,A condition in which your airways narrow and swell and may produce extra mucus.,"Avoid triggers (smoke, strong odors), carry an inhaler always.","Bronchodilators (Albuterol inhaler), Inhaled corticosteroids.",Immediate emergency care required for severe shortness of breath or if an inhaler doesn't help.
"chest tightness, coughing episodes, wheezing, rapid breathing",Asthma,A condition in which your airways narrow and swell and may produce extra mucus.,"Avoid triggers (smoke, strong odors), carry an inhaler always.","Bronchodilators (Albuterol inhaler), Inhaled corticosteroids.",Immediate emergency care required for severe shortness of breath or if an inhaler doesn't help.
"experiencing muscle aches, vomiting, nausea, diarrhea, stomach cramps, low-grade fever",Gastroenteritis (Stomach Flu),"An intestinal infection marked by diarrhea, cramps, nausea, vomiting, and fever.","Stay hydrated, eat bland foods, wash hands thoroughly.","Oral rehydration salts (ORS), Loperamide (if advised).","Consult if you cannot keep liquids down for 24 hours, or if there is blood in stool."
"suffering from itchy throat, sneezing",Allergic Rhinitis,"An allergic response causing itchy, watery eyes, sneezing, and other similar symptoms.","Avoid allergens (dust, pollen), keep indoors during high pollen seasons.","Antihistamines (Cetirizine, Loratadine), Nasal corticosteroids.",Consult an allergist if symptoms are severe and unresponsive to over-the-counter medicine.
"i have vomiting, nausea, throbbing pain, sensitivity to light, sensitivity to sound",Migraine,"A neurological condition that can cause multiple symptoms, frequently characterized by intense, debilitating headaches.","Rest in a quiet and dark room, avoid known triggers like caffeine or stress.","Ibuprofen, Triptans (prescription), Aspirin.",Consult a neurologist if migraines are frequent and severely disrupt daily life.
"abdominal cramps, fever, vomiting",Food Poisoning,Illness caused by eating contaminated food.,"Rest, stay hydrated with sips of water or clear broths.","Oral rehydration salts, Bismuth subsalicylate.","Consult a doctor if symptoms last more than a few days, or if you have a very high fever."
"suffering from diarrhea, nausea, muscle aches, stomach cramps, low-grade fever, vomiting",Gastroenteritis (Stomach Flu),"An intestinal infection marked by diarrhea, cramps, nausea, vomiting, and fever.","Stay hydrated, eat bland foods, wash hands thoroughly.","Oral rehydration salts (ORS), Loperamide (if advised).","Consult if you cannot keep liquids down for 24 hours, or if there is blood in stool."
"suffering from rash, muscle pain, high fever, severe headache, joint pain, pain behind eyes",Dengue Fever,A mosquito-borne viral disease occurring in tropical and subtropical areas.,"Use mosquito nets, wear long sleeves, use repellents.",Paracetamol for fever. STRICTLY AVOID Aspirin or Ibuprofen.,Hospitalization may be required; consult immediately if experiencing severe abdominal pain or bleeding.
"feeling shortness of breath, coughing episodes, rapid breathing",Asthma,A condition in which your airways narrow and swell and may produce extra mucus.,"Avoid triggers (smoke, strong odors), carry an inhaler always.","Bronchodilators (Albuterol inhaler), Inhaled corticosteroids.",Immediate emergency care required for severe shortness of breath or if an inhaler doesn't help.
"feeling muscle aches, fatigue",Influenza (Flu),A viral infection that attacks your respiratory system.,"Strict bed rest, isolate yourself, stay hydrated.","Oseltamivir (if prescribed early), Paracetamol for fever.",Consult a doctor immediately if you experience shortness of breath or persistent chest pain.
"i have fatigue, chills",Influenza (Flu),A viral infection that attacks your respiratory system.,"Strict bed rest, isolate yourself, stay hydrated.","Oseltamivir (if prescribed early), Paracetamol for fever.",Consult a doctor immediately if you experience shortness of breath or persistent chest pain.
"experiencing pain behind eyes, high fever, rash, severe headache, joint pain",Dengue Fever,A mosquito-borne viral disease occurring in tropical and subtropical areas.,"Use mosquito nets, wear long sleeves, use repellents.",Paracetamol for fever. STRICTLY AVOID Aspirin or Ibuprofen.,Hospitalization may be required; consult immediately if experiencing severe abdominal pain or bleeding.
"wheezing, chest tightness, shortness of breath, coughing episodes",Asthma,A condition in which your airways narrow and swell and may produce extra mucus.,"Avoid triggers (smoke, strong odors), carry an inhaler always.","Bronchodilators (Albuterol inhaler), Inhaled corticosteroids.",Immediate emergency care required for severe shortness of breath or if an inhaler doesn't help.
"experiencing muscle aches, vomiting, low-grade fever, diarrhea, stomach cramps, nausea",Gastroenteritis (Stomach Flu),"An intestinal infection marked by diarrhea, cramps, nausea, vomiting, and fever.","Stay hydrated, eat bland foods, wash hands thoroughly.","Oral rehydration salts (ORS), Loperamide (if advised).","Consult if you cannot keep liquids down for 24 hours, or if there is blood in stool."
"i have headache, high fever, dry cough",Influenza (Flu),A viral infection that attacks your respiratory system.,"Strict bed rest, isolate yourself, stay hydrated.","Oseltamivir (if prescribed early), Paracetamol for fever.",Consult a doctor immediately if you experience shortness of breath or persistent chest pain.
"shortness of breath, wheezing, rapid breathing, coughing episodes, chest tightness",Asthma,A condition in which your airways narrow and swell and may produce extra mucus.,"Avoid triggers (smoke, strong odors), carry an inhaler always.","Bronchodilators (Albuterol inhaler), Inhaled corticosteroids.",Immediate emergency care required for severe shortness of breath or if an inhaler doesn't help.
"suffering from diarrhea, vomiting, low-grade fever, stomach cramps",Gastroenteritis (Stomach Flu),"An intestinal infection marked by diarrhea, cramps, nausea, vomiting, and fever.","Stay hydrated, eat bland foods, wash hands thoroughly.","Oral rehydration salts (ORS), Loperamide (if advised).","Consult if you cannot keep liquids down for 24 hours, or if there is blood in stool."
"headache, loss of appetite, rash, weakness, stomach pain, prolonged high fever",Typhoid,"A bacterial infection that can lead to a high fever, diarrhea, and vomiting.","Drink boiled or bottled water, avoid raw foods.","Antibiotics (prescription only), Paracetamol for fever.",Requires immediate medical consultation for a proper antibiotic course.
"low-grade fever, stomach cramps, diarrhea",Gastroenteritis (Stomach Flu),"An intestinal infection marked by diarrhea, cramps, nausea, vomiting, and fever.","Stay hydrated, eat bland foods, wash hands thoroughly.","Oral rehydration salts (ORS), Loperamide (if advised).","Consult if you cannot keep liquids down for 24 hours, or if there is blood in stool."
"vomiting, sensitivity to light, severe headache",Migraine,"A neurological condition that can cause multiple symptoms, frequently characterized by intense, debilitating headaches.","Rest in a quiet and dark room, avoid known triggers like caffeine or stress.","Ibuprofen, Triptans (prescription), Aspirin.",Consult a neurologist if migraines are frequent and severely disrupt daily life.
"feeling stomach pain, loss of appetite, headache, rash, prolonged high fever, weakness",Typhoid,"A bacterial infection that can lead to a high fever, diarrhea, and vomiting.","Drink boiled or bottled water, avoid raw foods.","Antibiotics (prescription only), Paracetamol for fever.",Requires immediate medical consultation for a proper antibiotic course.
"experiencing wheezing, coughing episodes",Asthma,A condition in which your airways narrow and swell and may produce extra mucus.,"Avoid triggers (smoke, strong odors), carry an inhaler always.","Bronchodilators (Albuterol inhaler), Inhaled corticosteroids.",Immediate emergency care required for severe shortness of breath or if an inhaler doesn't help.
"i have joint pain, high fever",Dengue Fever,A mosquito-borne viral disease occurring in tropical and subtropical areas.,"Use mosquito nets, wear long sleeves, use repellents.",Paracetamol for fever. STRICTLY AVOID Aspirin or Ibuprofen.,Hospitalization may be required; consult immediately if experiencing severe abdominal pain or bleeding.
"suffering from congestion, sneezing, mild fever, cough",Common Cold,A common viral infection of the nose and throat.,"Rest, drink plenty of fluids, wash hands often.","Paracetamol, Ibuprofen, Decongestants, Cough syrup.",Consult if symptoms last more than a week or if you develop a high fever.
"i have diarrhea, vomiting, stomach cramps",Gastroenteritis (Stomach Flu),"An intestinal infection marked by diarrhea, cramps, nausea, vomiting, and fever.","Stay hydrated, eat bland foods, wash hands thoroughly.","Oral rehydration salts (ORS), Loperamide (if advised).","Consult if you cannot keep liquids down for 24 hours, or if there is blood in stool."
"suffering from severe headache, fatigue, joint pain, high fever, muscle pain",Dengue Fever,A mosquito-borne viral disease occurring in tropical and subtropical areas.,"Use mosquito nets, wear long sleeves, use repellents.",Paracetamol for fever. STRICTLY AVOID Aspirin or Ibuprofen.,Hospitalization may be required; consult immediately if experiencing severe abdominal pain or bleeding.
"experiencing rapid breathing, shortness of breath, coughing episodes, chest tightness",Asthma,A condition in which your airways narrow and swell and may produce extra mucus.,"Avoid triggers (smoke, strong odors), carry an inhaler always.","Bronchodilators (Albuterol inhaler), Inhaled corticosteroids.",Immediate emergency care required for severe shortness of breath or if an inhaler doesn't help.
"feeling coughing episodes, rapid breathing",Asthma,A condition in which your airways narrow and swell and may produce extra mucus.,"Avoid triggers (smoke, strong odors), carry an inhaler always.","Bronchodilators (Albuterol inhaler), Inhaled corticosteroids.",Immediate emergency care required for severe shortness of breath or if an inhaler doesn't help.
"suffering from chills, sweats, high fever, fatigue, headache, muscle aches",Influenza (Flu),A viral infection that attacks your respiratory system.,"Strict bed rest, isolate yourself, stay hydrated.","Oseltamivir (if prescribed early), Paracetamol for fever.",Consult a doctor immediately if you experience shortness of breath or persistent chest pain.
"suffering from sore throat, runny nose, congestion, sneezing",Common Cold,A common viral infection of the nose and throat.,"Rest, drink plenty of fluids, wash hands often.","Paracetamol, Ibuprofen, Decongestants, Cough syrup.",Consult if symptoms last more than a week or if you develop a high fever.
"joint pain, rash, severe headache, pain behind eyes, high fever",Dengue Fever,A mosquito-borne viral disease occurring in tropical and subtropical areas.,"Use mosquito nets, wear long sleeves, use repellents.",Paracetamol for fever. STRICTLY AVOID Aspirin or Ibuprofen.,Hospitalization may be required; consult immediately if experiencing severe abdominal pain or bleeding.
"i have runny nose, sore throat",Common Cold,A common viral infection of the nose and throat.,"Rest, drink plenty of fluids, wash hands often.","Paracetamol, Ibuprofen, Decongestants, Cough syrup.",Consult if symptoms last more than a week or if you develop a high fever.
"experiencing shortness of breath, rapid breathing, coughing episodes, wheezing",Asthma,A condition in which your airways narrow and swell and may produce extra mucus.,"Avoid triggers (smoke, strong odors), carry an inhaler always.","Bronchodilators (Albuterol inhaler), Inhaled corticosteroids.",Immediate emergency care required for severe shortness of breath or if an inhaler doesn't help.
"experiencing loss of appetite, prolonged high fever, rash, headache, weakness, stomach pain",Typhoid,"A bacterial infection that can lead to a high fever, diarrhea, and vomiting.","Drink boiled or bottled water, avoid raw foods.","Antibiotics (prescription only), Paracetamol for fever.",Requires immediate medical consultation for a proper antibiotic course.
"i have itchy eyes, nasal congestion, itchy throat, sneezing, watery eyes, runny nose",Allergic Rhinitis,"An allergic response causing itchy, watery eyes, sneezing, and other similar symptoms.","Avoid allergens (dust, pollen), keep indoors during high pollen seasons.","Antihistamines (Cetirizine, Loratadine), Nasal corticosteroids.",Consult an allergist if symptoms are severe and unresponsive to over-the-counter medicine.
"suffering from nasal congestion, itchy eyes, sneezing, watery eyes",Allergic Rhinitis,"An allergic response causing itchy, watery eyes, sneezing, and other similar symptoms.","Avoid allergens (dust, pollen), keep indoors during high pollen seasons.","Antihistamines (Cetirizine, Loratadine), Nasal corticosteroids.",Consult an allergist if symptoms are severe and unresponsive to over-the-counter medicine.
"suffering from dry cough, fatigue, loss of taste, body aches, loss of smell, fever, sore throat",COVID-19,A highly contagious respiratory illness caused by the SARS-CoV-2 virus.,"Isolate, wear a mask, monitor oxygen levels.","Paracetamol, Vitamin C, Zinc, prescribed antivirals if severe.",Seek immediate medical attention if oxygen drops below 94% or you have difficulty breathing.
"suffering from severe headache, throbbing pain, vomiting, sensitivity to light",Migraine,"A neurological condition that can cause multiple symptoms, frequently characterized by intense, debilitating headaches.","Rest in a quiet and dark room, avoid known triggers like caffeine or stress.","Ibuprofen, Triptans (prescription), Aspirin.",Consult a neurologist if migraines are frequent and severely disrupt daily life.
"suffering from cough, sneezing, sore throat, mild fever, runny nose",Common Cold,A common viral infection of the nose and throat.,"Rest, drink plenty of fluids, wash hands often.","Paracetamol, Ibuprofen, Decongestants, Cough syrup.",Consult if symptoms last more than a week or if you develop a high fever.
"suffering from sore throat, congestion, runny nose, sneezing, cough",Common Cold,A common viral infection of the nose and throat.,"Rest, drink plenty of fluids, wash hands often.","Paracetamol, Ibuprofen, Decongestants, Cough syrup.",Consult if symptoms last more than a week or if you develop a high fever.
"feeling throbbing pain, sensitivity to light",Migraine,"A neurological condition that can cause multiple symptoms, frequently characterized by intense, debilitating headaches.","Rest in a quiet and dark room, avoid known triggers like caffeine or stress.","Ibuprofen, Triptans (prescription), Aspirin.",Consult a neurologist if migraines are frequent and severely disrupt daily life.
"i have coughing episodes, chest tightness",Asthma,A condition in which your airways narrow and swell and may produce extra mucus.,"Avoid triggers (smoke, strong odors), carry an inhaler always.","Bronchodilators (Albuterol inhaler), Inhaled corticosteroids.",Immediate emergency care required for severe shortness of breath or if an inhaler doesn't help.
"fever, nausea, diarrhea, weakness",Food Poisoning,Illness caused by eating contaminated food.,"Rest, stay hydrated with sips of water or clear broths.","Oral rehydration salts, Bismuth subsalicylate.","Consult a doctor if symptoms last more than a few days, or if you have a very high fever."
"suffering from rash, severe headache, high fever",Dengue Fever,A mosquito-borne viral disease occurring in tropical and subtropical areas.,"Use mosquito nets, wear long sleeves, use repellents.",Paracetamol for fever. STRICTLY AVOID Aspirin or Ibuprofen.,Hospitalization may be required; consult immediately if experiencing severe abdominal pain or bleeding.
"feeling throbbing pain, sensitivity to light, nausea, sensitivity to sound, severe headache",Migraine,"A neurological condition that can cause multiple symptoms, frequently characterized by intense, debilitating headaches.","Rest in a quiet and dark room, avoid known triggers like caffeine or stress.","Ibuprofen, Triptans (prescription), Aspirin.",Consult a neurologist if migraines are frequent and severely disrupt daily life.
"sensitivity to sound, vomiting, severe headache, nausea, throbbing pain, sensitivity to light",Migraine,"A neurological condition that can cause multiple symptoms, frequently characterized by intense, debilitating headaches.","Rest in a quiet and dark room, avoid known triggers like caffeine or stress.","Ibuprofen, Triptans (prescription), Aspirin.",Consult a neurologist if migraines are frequent and severely disrupt daily life.
"shortness of breath, chest tightness",Asthma,A condition in which your airways narrow and swell and may produce extra mucus.,"Avoid triggers (smoke, strong odors), carry an inhaler always.","Bronchodilators (Albuterol inhaler), Inhaled corticosteroids.",Immediate emergency care required for severe shortness of breath or if an inhaler doesn't help.
"experiencing shortness of breath, chest tightness, coughing episodes, rapid breathing, wheezing",Asthma,A condition in which your airways narrow and swell and may produce extra mucus.,"Avoid triggers (smoke, strong odors), carry an inhaler always.","Bronchodilators (Albuterol inhaler), Inhaled corticosteroids.",Immediate emergency care required for severe shortness of breath or if an inhaler doesn't help.
"suffering from itchy throat, runny nose, sneezing, nasal congestion",Allergic Rhinitis,"An allergic response causing itchy, watery eyes, sneezing, and other similar symptoms.","Avoid allergens (dust, pollen), keep indoors during high pollen seasons.","Antihistamines (Cetirizine, Loratadine), Nasal corticosteroids.",Consult an allergist if symptoms are severe and unresponsive to over-the-counter medicine.
"experiencing vomiting, fever, diarrhea, nausea, abdominal cramps, weakness",Food Poisoning,Illness caused by eating contaminated food.,"Rest, stay hydrated with sips of water or clear broths.","Oral rehydration salts, Bismuth subsalicylate.","Consult a doctor if symptoms last more than a few days, or if you have a very high fever."
"experiencing rapid breathing, coughing episodes, chest tightness",Asthma,A condition in which your airways narrow and swell and may produce extra mucus.,"Avoid triggers (smoke, strong odors), carry an inhaler always.","Bronchodilators (Albuterol inhaler), Inhaled corticosteroids.",Immediate emergency care required for severe shortness of breath or if an inhaler doesn't help.
"vomiting, fever, nausea, weakness, abdominal cramps",Food Poisoning,Illness caused by eating contaminated food.,"Rest, stay hydrated with sips of water or clear broths.","Oral rehydration salts, Bismuth subsalicylate.","Consult a doctor if symptoms last more than a few days, or if you have a very high fever."
"suffering from coughing episodes, wheezing",Asthma,A condition in which your airways narrow and swell and may produce extra mucus.,"Avoid triggers (smoke, strong odors), carry an inhaler always.","Bronchodilators (Albuterol inhaler), Inhaled corticosteroids.",Immediate emergency care required for severe shortness of breath or if an inhaler doesn't help.
"suffering from watery eyes, runny nose",Allergic Rhinitis,"An allergic response causing itchy, watery eyes, sneezing, and other similar symptoms.","Avoid allergens (dust, pollen), keep indoors during high pollen seasons.","Antihistamines (Cetirizine, Loratadine), Nasal corticosteroids.",Consult an allergist if symptoms are severe and unresponsive to over-the-counter medicine.
"nausea, sensitivity to light, vomiting",Migraine,"A neurological condition that can cause multiple symptoms, frequently characterized by intense, debilitating headaches.","Rest in a quiet and dark room, avoid known triggers like caffeine or stress.","Ibuprofen, Triptans (prescription), Aspirin.",Consult a neurologist if migraines are frequent and severely disrupt daily life.
"suffering from stomach cramps, vomiting, diarrhea",Gastroenteritis (Stomach Flu),"An intestinal infection marked by diarrhea, cramps, nausea, vomiting, and fever.","Stay hydrated, eat bland foods, wash hands thoroughly.","Oral rehydration salts (ORS), Loperamide (if advised).","Consult if you cannot keep liquids down for 24 hours, or if there is blood in stool."
"headache, sweats, chills, dry cough, high fever, muscle aches, fatigue",Influenza (Flu),A viral infection that attacks your respiratory system.,"Strict bed rest, isolate yourself, stay hydrated.","Oseltamivir (if prescribed early), Paracetamol for fever.",Consult a doctor immediately if you experience shortness of breath or persistent chest pain.
"feeling muscle aches, stomach cramps, vomiting, low-grade fever, diarrhea, nausea",Gastroenteritis (Stomach Flu),"An intestinal infection marked by diarrhea, cramps, nausea, vomiting, and fever.","Stay hydrated, eat bland foods, wash hands thoroughly.","Oral rehydration salts (ORS), Loperamide (if advised).","Consult if you cannot keep liquids down for 24 hours, or if there is blood in stool."
"i have fatigue, high fever, muscle aches, sweats, headache, chills",Influenza (Flu),A viral infection that attacks your respiratory system.,"Strict bed rest, isolate yourself, stay hydrated.","Oseltamivir (if prescribed early), Paracetamol for fever.",Consult a doctor immediately if you experience shortness of breath or persistent chest pain.
"feeling chills, high fever, headache, fatigue, muscle aches, dry cough, sweats",Influenza (Flu),A viral infection that attacks your respiratory system.,"Strict bed rest, isolate yourself, stay hydrated.","Oseltamivir (if prescribed early), Paracetamol for fever.",Consult a doctor immediately if you experience shortness of breath or persistent chest pain.
"feeling mild fever, cough, congestion",Common Cold,A common viral infection of the nose and throat.,"Rest, drink plenty of fluids, wash hands often.","Paracetamol, Ibuprofen, Decongestants, Cough syrup.",Consult if symptoms last more than a week or if you develop a high fever.
"experiencing diarrhea, stomach cramps, low-grade fever, muscle aches",Gastroenteritis (Stomach Flu),"An intestinal infection marked by diarrhea, cramps, nausea, vomiting, and fever.","Stay hydrated, eat bland foods, wash hands thoroughly.","Oral rehydration salts (ORS), Loperamide (if advised).","Consult if you cannot keep liquids down for 24 hours, or if there is blood in stool."
"feeling throbbing pain, sensitivity to light, nausea, sensitivity to sound, severe headache",Migraine,"A neurological condition that can cause multiple symptoms, frequently characterized by intense, debilitating headaches.","Rest in a quiet and dark room, avoid known triggers like caffeine or stress.","Ibuprofen, Triptans (prescription), Aspirin.",Consult a neurologist if migraines are frequent and severely disrupt daily life.
"i have sneezing, congestion, sore throat",Common Cold,A common viral infection of the nose and throat.,"Rest, drink plenty of fluids, wash hands often.","Paracetamol, Ibuprofen, Decongestants, Cough syrup.",Consult if symptoms last more than a week or if you develop a high fever.
"experiencing shortness of breath, fatigue, loss of taste, dry cough, fever",COVID-19,A highly contagious respiratory illness caused by the SARS-CoV-2 virus.,"Isolate, wear a mask, monitor oxygen levels.","Paracetamol, Vitamin C, Zinc, prescribed antivirals if severe.",Seek immediate medical attention if oxygen drops below 94% or you have difficulty breathing.
"joint pain, pain behind eyes, high fever, fatigue, severe headache, muscle pain",Dengue Fever,A mosquito-borne viral disease occurring in tropical and subtropical areas.,"Use mosquito nets, wear long sleeves, use repellents.",Paracetamol for fever. STRICTLY AVOID Aspirin or Ibuprofen.,Hospitalization may be required; consult immediately if experiencing severe abdominal pain or bleeding.
"high fever, headache, fatigue, muscle aches, chills",Influenza (Flu),A viral infection that attacks your respiratory system.,"Strict bed rest, isolate yourself, stay hydrated.","Oseltamivir (if prescribed early), Paracetamol for fever.",Consult a doctor immediately if you experience shortness of breath or persistent chest pain.
"shortness of breath, wheezing",Asthma,A condition in which your airways narrow and swell and may produce extra mucus.,"Avoid triggers (smoke, strong odors), carry an inhaler always.","Bronchodilators (Albuterol inhaler), Inhaled corticosteroids.",Immediate emergency care required for severe shortness of breath or if an inhaler doesn't help.
"i have sneezing, sore throat, cough, runny nose, mild fever, congestion",Common Cold,A common viral infection of the nose and throat.,"Rest, drink plenty of fluids, wash hands often.","Paracetamol, Ibuprofen, Decongestants, Cough syrup.",Consult if symptoms last more than a week or if you develop a high fever.
"suffering from high fever, fatigue",Dengue Fever,A mosquito-borne viral disease occurring in tropical and subtropical areas.,"Use mosquito nets, wear long sleeves, use repellents.",Paracetamol for fever. STRICTLY AVOID Aspirin or Ibuprofen.,Hospitalization may be required; consult immediately if experiencing severe abdominal pain or bleeding.
"experiencing fatigue, high fever, muscle pain, severe headache, joint pain, rash",Dengue Fever,A mosquito-borne viral disease occurring in tropical and subtropical areas.,"Use mosquito nets, wear long sleeves, use repellents.",Paracetamol for fever. STRICTLY AVOID Aspirin or Ibuprofen.,Hospitalization may be required; consult immediately if experiencing severe abdominal pain or bleeding.
"i have sneezing, runny nose, cough",Common Cold,A common viral infection of the nose and throat.,"Rest, drink plenty of fluids, wash hands often.","Paracetamol, Ibuprofen, Decongestants, Cough syrup.",Consult if symptoms last more than a week or if you develop a high fever.
"i have sneezing, congestion, mild fever, sore throat, cough",Common Cold,A common viral infection of the nose and throat.,"Rest, drink plenty of fluids, wash hands often.","Paracetamol, Ibuprofen, Decongestants, Cough syrup.",Consult if symptoms last more than a week or if you develop a high fever.
"feeling itchy eyes, watery eyes, runny nose, nasal congestion, itchy throat, sneezing",Allergic Rhinitis,"An allergic response causing itchy, watery eyes, sneezing, and other similar symptoms.","Avoid allergens (dust, pollen), keep indoors during high pollen seasons.","Antihistamines (Cetirizine, Loratadine), Nasal corticosteroids.",Consult an allergist if symptoms are severe and unresponsive to over-the-counter medicine.
"high fever, fatigue",Dengue Fever,A mosquito-borne viral disease occurring in tropical and subtropical areas.,"Use mosquito nets, wear long sleeves, use repellents.",Paracetamol for fever. STRICTLY AVOID Aspirin or Ibuprofen.,Hospitalization may be required; consult immediately if experiencing severe abdominal pain or bleeding.
"experiencing stomach pain, loss of appetite, rash",Typhoid,"A bacterial infection that can lead to a high fever, diarrhea, and vomiting.","Drink boiled or bottled water, avoid raw foods.","Antibiotics (prescription only), Paracetamol for fever.",Requires immediate medical consultation for a proper antibiotic course.
"dry cough, loss of taste",COVID-19,A highly contagious respiratory illness caused by the SARS-CoV-2 virus.,"Isolate, wear a mask, monitor oxygen levels.","Paracetamol, Vitamin C, Zinc, prescribed antivirals if severe.",Seek immediate medical attention if oxygen drops below 94% or you have difficulty breathing.
"feeling joint pain, severe headache, fatigue, rash, high fever, muscle pain, pain behind eyes",Dengue Fever,A mosquito-borne viral disease occurring in tropical and subtropical areas.,"Use mosquito nets, wear long sleeves, use repellents.",Paracetamol for fever. STRICTLY AVOID Aspirin or Ibuprofen.,Hospitalization may be required; consult immediately if experiencing severe abdominal pain or bleeding.
"experiencing throbbing pain, severe headache, nausea, vomiting",Migraine,"A neurological condition that can cause multiple symptoms, frequently characterized by intense, debilitating headaches.","Rest in a quiet and dark room, avoid known triggers like caffeine or stress.","Ibuprofen, Triptans (prescription), Aspirin.",Consult a neurologist if migraines are frequent and severely disrupt daily life.
"experiencing sore throat, mild fever, runny nose, cough, congestion, sneezing",Common Cold,A common viral infection of the nose and throat.,"Rest, drink plenty of fluids, wash hands often.","Paracetamol, Ibuprofen, Decongestants, Cough syrup.",Consult if symptoms last more than a week or if you develop a high fever.
"suffering from vomiting, sensitivity to sound, nausea, severe headache, sensitivity to light",Migraine,"A neurological condition that can cause multiple symptoms, frequently characterized by intense, debilitating headaches.","Rest in a quiet and dark room, avoid known triggers like caffeine or stress.","Ibuprofen, Triptans (prescription), Aspirin.",Consult a neurologist if migraines are frequent and severely disrupt daily life.
"i have fever, loss of smell",COVID-19,A highly contagious respiratory illness caused by the SARS-CoV-2 virus.,"Isolate, wear a mask, monitor oxygen levels.","Paracetamol, Vitamin C, Zinc, prescribed antivirals if severe.",Seek immediate medical attention if oxygen drops below 94% or you have difficulty breathing.
"abdominal cramps, weakness, nausea",Food Poisoning,Illness caused by eating contaminated food.,"Rest, stay hydrated with sips of water or clear broths.","Oral rehydration salts, Bismuth subsalicylate.","Consult a doctor if symptoms last more than a few days, or if you have a very high fever."
"experiencing fatigue, shortness of breath, dry cough, sore throat, fever, loss of smell, body aches, loss of taste",COVID-19,A highly contagious respiratory illness caused by the SARS-CoV-2 virus.,"Isolate, wear a mask, monitor oxygen levels.","Paracetamol, Vitamin C, Zinc, prescribed antivirals if severe.",Seek immediate medical attention if oxygen drops below 94% or you have difficulty breathing.
"suffering from runny nose, mild fever, congestion, sore throat, sneezing",Common Cold,A common viral infection of the nose and throat.,"Rest, drink plenty of fluids, wash hands often.","Paracetamol, Ibuprofen, Decongestants, Cough syrup.",Consult if symptoms last more than a week or if you develop a high fever.
"i have sensitivity to light, sensitivity to sound",Migraine,"A neurological condition that can cause multiple symptoms, frequently characterized by intense, debilitating headaches.","Rest in a quiet and dark room, avoid known triggers like caffeine or stress.","Ibuprofen, Triptans (prescription), Aspirin.",Consult a neurologist if migraines are frequent and severely disrupt daily life.
"experiencing itchy eyes, runny nose",Allergic Rhinitis,"An allergic response causing itchy, watery eyes, sneezing, and other similar symptoms.","Avoid allergens (dust, pollen), keep indoors during high pollen seasons.","Antihistamines (Cetirizine, Loratadine), Nasal corticosteroids.",Consult an allergist if symptoms are severe and unresponsive to over-the-counter medicine.
"feeling dry cough, shortness of breath",COVID-19,A highly contagious respiratory illness caused by the SARS-CoV-2 virus.,"Isolate, wear a mask, monitor oxygen levels.","Paracetamol, Vitamin C, Zinc, prescribed antivirals if severe.",Seek immediate medical attention if oxygen drops below 94% or you have difficulty breathing.
"throbbing pain, sensitivity to sound, severe headache",Migraine,"A neurological condition that can cause multiple symptoms, frequently characterized by intense, debilitating headaches.","Rest in a quiet and dark room, avoid known triggers like caffeine or stress.","Ibuprofen, Triptans (prescription), Aspirin.",Consult a neurologist if migraines are frequent and severely disrupt daily life.
"feeling diarrhea, vomiting, stomach cramps, nausea, muscle aches",Gastroenteritis (Stomach Flu),"An intestinal infection marked by diarrhea, cramps, nausea, vomiting, and fever.","Stay hydrated, eat bland foods, wash hands thoroughly.","Oral rehydration salts (ORS), Loperamide (if advised).","Consult if you cannot keep liquids down for 24 hours, or if there is blood in stool."
"experiencing mild fever, sore throat, sneezing, cough, runny nose",Common Cold,A common viral infection of the nose and throat.,"Rest, drink plenty of fluids, wash hands often.","Paracetamol, Ibuprofen, Decongestants, Cough syrup.",Consult if symptoms last more than a week or if you develop a high fever.
"feeling shortness of breath, fatigue, fever, sore throat",COVID-19,A highly contagious respiratory illness caused by the SARS-CoV-2 virus.,"Isolate, wear a mask, monitor oxygen levels.","Paracetamol, Vitamin C, Zinc, prescribed antivirals if severe.",Seek immediate medical attention if oxygen drops below 94% or you have difficulty breathing.
"feeling coughing episodes, chest tightness",Asthma,A condition in which your airways narrow and swell and may produce extra mucus.,"Avoid triggers (smoke, strong odors), carry an inhaler always.","Bronchodilators (Albuterol inhaler), Inhaled corticosteroids.",Immediate emergency care required for severe shortness of breath or if an inhaler doesn't help.
"experiencing abdominal cramps, weakness, nausea, vomiting, diarrhea",Food Poisoning,Illness caused by eating contaminated food.,"Rest, stay hydrated with sips of water or clear broths.","Oral rehydration salts, Bismuth subsalicylate.","Consult a doctor if symptoms last more than a few days, or if you have a very high fever."
"severe headache, throbbing pain, vomiting, nausea",Migraine,"A neurological condition that can cause multiple symptoms, frequently characterized by intense, debilitating headaches.","Rest in a quiet and dark room, avoid known triggers like caffeine or stress.","Ibuprofen, Triptans (prescription), Aspirin.",Consult a neurologist if migraines are frequent and severely disrupt daily life.
"stomach cramps, low-grade fever",Gastroenteritis (Stomach Flu),"An intestinal infection marked by diarrhea, cramps, nausea, vomiting, and fever.","Stay hydrated, eat bland foods, wash hands thoroughly.","Oral rehydration salts (ORS), Loperamide (if advised).","Consult if you cannot keep liquids down for 24 hours, or if there is blood in stool."
"i have sweats, fatigue, headache, chills",Influenza (Flu),A viral infection that attacks your respiratory system.,"Strict bed rest, isolate yourself, stay hydrated.","Oseltamivir (if prescribed early), Paracetamol for fever.",Consult a doctor immediately if you experience shortness of breath or persistent chest pain.
"i have vomiting, nausea, abdominal cramps, weakness, diarrhea, fever",Food Poisoning,Illness caused by eating contaminated food.,"Rest, stay hydrated with sips of water or clear broths.","Oral rehydration salts, Bismuth subsalicylate.","Consult a doctor if symptoms last more than a few days, or if you have a very high fever."
"feeling diarrhea, nausea, vomiting",Gastroenteritis (Stomach Flu),"An intestinal infection marked by diarrhea, cramps, nausea, vomiting, and fever.","Stay hydrated, eat bland foods, wash hands thoroughly.","Oral rehydration salts (ORS), Loperamide (if advised).","Consult if you cannot keep liquids down for 24 hours, or if there is blood in stool."
"experiencing loss of appetite, headache, weakness, stomach pain",Typhoid,"A bacterial infection that can lead to a high fever, diarrhea, and vomiting.","Drink boiled or bottled water, avoid raw foods.","Antibiotics (prescription only), Paracetamol for fever.",Requires immediate medical consultation for a proper antibiotic course.
"i have fever, vomiting, abdominal cramps, nausea, weakness",Food Poisoning,Illness caused by eating contaminated food.,"Rest, stay hydrated with sips of water or clear broths.","Oral rehydration salts, Bismuth subsalicylate.","Consult a doctor if symptoms last more than a few days, or if you have a very high fever."
"suffering from fatigue, severe headache, pain behind eyes, high fever, joint pain, muscle pain, rash",Dengue Fever,A mosquito-borne viral disease occurring in tropical and subtropical areas.,"Use mosquito nets, wear long sleeves, use repellents.",Paracetamol for fever. STRICTLY AVOID Aspirin or Ibuprofen.,Hospitalization may be required; consult immediately if experiencing severe abdominal pain or bleeding.
"i have muscle aches, headache, chills, sweats",Influenza (Flu),A viral infection that attacks your respiratory system.,"Strict bed rest, isolate yourself, stay hydrated.","Oseltamivir (if prescribed early), Paracetamol for fever.",Consult a doctor immediately if you experience shortness of breath or persistent chest pain.
"suffering from nausea, diarrhea, abdominal cramps, vomiting, fever",Food Poisoning,Illness caused by eating contaminated food.,"Rest, stay hydrated with sips of water or clear broths.","Oral rehydration salts, Bismuth subsalicylate.","Consult a doctor if symptoms last more than a few days, or if you have a very high fever."
"chills, dry cough, high fever, headache, muscle aches, fatigue",Influenza (Flu),A viral infection that attacks your respiratory system.,"Strict bed rest, isolate yourself, stay hydrated.","Oseltamivir (if prescribed early), Paracetamol for fever.",Consult a doctor immediately if you experience shortness of breath or persistent chest pain.
"feeling diarrhea, vomiting, nausea",Food Poisoning,Illness caused by eating contaminated food.,"Rest, stay hydrated with sips of water or clear broths.","Oral rehydration salts, Bismuth subsalicylate.","Consult a doctor if symptoms last more than a few days, or if you have a very high fever."
"i have muscle aches, dry cough, chills, headache, high fever, fatigue, sweats",Influenza (Flu),A viral infection that attacks your respiratory system.,"Strict bed rest, isolate yourself, stay hydrated.","Oseltamivir (if prescribed early), Paracetamol for fever.",Consult a doctor immediately if you experience shortness of breath or persistent chest pain.
"feeling sensitivity to light, nausea, sensitivity to sound, severe headache, vomiting, throbbing pain",Migraine,"A neurological condition that can cause multiple symptoms, frequently characterized by intense, debilitating headaches.","Rest in a quiet and dark room, avoid known triggers like caffeine or stress.","Ibuprofen, Triptans (prescription), Aspirin.",Consult a neurologist if migraines are frequent and severely disrupt daily life.
"suffering from sore throat, sneezing, runny nose, mild fever",Common Cold,A common viral infection of the nose and throat.,"Rest, drink plenty of fluids, wash hands often.","Paracetamol, Ibuprofen, Decongestants, Cough syrup.",Consult if symptoms last more than a week or if you develop a high fever.
"feeling fatigue, sore throat, fever, body aches, loss of taste, shortness of breath",COVID-19,A highly contagious respiratory illness caused by the SARS-CoV-2 virus.,"Isolate, wear a mask, monitor oxygen levels.","Paracetamol, Vitamin C, Zinc, prescribed antivirals if severe.",Seek immediate medical attention if oxygen drops below 94% or you have difficulty breathing.
"feeling fatigue, pain behind eyes, rash, muscle pain, severe headache, joint pain",Dengue Fever,A mosquito-borne viral disease occurring in tropical and subtropical areas.,"Use mosquito nets, wear long sleeves, use repellents.",Paracetamol for fever. STRICTLY AVOID Aspirin or Ibuprofen.,Hospitalization may be required; consult immediately if experiencing severe abdominal pain or bleeding.
"feeling nasal congestion, itchy throat, watery eyes, itchy eyes",Allergic Rhinitis,"An allergic response causing itchy, watery eyes, sneezing, and other similar symptoms.","Avoid allergens (dust, pollen), keep indoors during high pollen seasons.","Antihistamines (Cetirizine, Loratadine), Nasal corticosteroids.",Consult an allergist if symptoms are severe and unresponsive to over-the-counter medicine.
"i have loss of appetite, rash, headache, stomach pain",Typhoid,"A bacterial infection that can lead to a high fever, diarrhea, and vomiting.","Drink boiled or bottled water, avoid raw foods.","Antibiotics (prescription only), Paracetamol for fever.",Requires immediate medical consultation for a proper antibiotic course.
"suffering from chest tightness, rapid breathing, wheezing, coughing episodes, shortness of breath",Asthma,A condition in which your airways narrow and swell and may produce extra mucus.,"Avoid triggers (smoke, strong odors), carry an inhaler always.","Bronchodilators (Albuterol inhaler), Inhaled corticosteroids.",Immediate emergency care required for severe shortness of breath or if an inhaler doesn't help.
"suffering from wheezing, coughing episodes, chest tightness, shortness of breath, rapid breathing",Asthma,A condition in which your airways narrow and swell and may produce extra mucus.,"Avoid triggers (smoke, strong odors), carry an inhaler always.","Bronchodilators (Albuterol inhaler), Inhaled corticosteroids.",Immediate emergency care required for severe shortness of breath or if an inhaler doesn't help.
"i have stomach cramps, low-grade fever, vomiting, nausea, diarrhea",Gastroenteritis (Stomach Flu),"An intestinal infection marked by diarrhea, cramps, nausea, vomiting, and fever.","Stay hydrated, eat bland foods, wash hands thoroughly.","Oral rehydration salts (ORS), Loperamide (if advised).","Consult if you cannot keep liquids down for 24 hours, or if there is blood in stool."
"suffering from chest tightness, wheezing, shortness of breath, coughing episodes",Asthma,A condition in which your airways narrow and swell and may produce extra mucus.,"Avoid triggers (smoke, strong odors), carry an inhaler always.","Bronchodilators (Albuterol inhaler), Inhaled corticosteroids.",Immediate emergency care required for severe shortness of breath or if an inhaler doesn't help.
"suffering from shortness of breath, rapid breathing, wheezing",Asthma,A condition in which your airways narrow and swell and may produce extra mucus.,"Avoid triggers (smoke, strong odors), carry an inhaler always.","Bronchodilators (Albuterol inhaler), Inhaled corticosteroids.",Immediate emergency care required for severe shortness of breath or if an inhaler doesn't help.
"vomiting, diarrhea, weakness, nausea, fever, abdominal cramps",Food Poisoning,Illness caused by eating contaminated food.,"Rest, stay hydrated with sips of water or clear broths.","Oral rehydration salts, Bismuth subsalicylate.","Consult a doctor if symptoms last more than a few days, or if you have a very high fever."
"feeling sneezing, runny nose, sore throat",Common Cold,A common viral infection of the nose and throat.,"Rest, drink plenty of fluids, wash hands often.","Paracetamol, Ibuprofen, Decongestants, Cough syrup.",Consult if symptoms last more than a week or if you develop a high fever.
"suffering from pain behind eyes, joint pain, rash, fatigue, muscle pain, high fever, severe headache",Dengue Fever,A mosquito-borne viral disease occurring in tropical and subtropical areas.,"Use mosquito nets, wear long sleeves, use repellents.",Paracetamol for fever. STRICTLY AVOID Aspirin or Ibuprofen.,Hospitalization may be required; consult immediately if experiencing severe abdominal pain or bleeding.
"suffering from vomiting, sensitivity to sound, sensitivity to light, severe headache, throbbing pain",Migraine,"A neurological condition that can cause multiple symptoms, frequently characterized by intense, debilitating headaches.","Rest in a quiet and dark room, avoid known triggers like caffeine or stress.","Ibuprofen, Triptans (prescription), Aspirin.",Consult a neurologist if migraines are frequent and severely disrupt daily life.
"i have headache, dry cough, fatigue, sweats, muscle aches",Influenza (Flu),A viral infection that attacks your respiratory system.,"Strict bed rest, isolate yourself, stay hydrated.","Oseltamivir (if prescribed early), Paracetamol for fever.",Consult a doctor immediately if you experience shortness of breath or persistent chest pain.
"suffering from dry cough, sore throat, fever, fatigue",COVID-19,A highly contagious respiratory illness caused by the SARS-CoV-2 virus.,"Isolate, wear a mask, monitor oxygen levels.","Paracetamol, Vitamin C, Zinc, prescribed antivirals if severe.",Seek immediate medical attention if oxygen drops below 94% or you have difficulty breathing.
"i have itchy eyes, watery eyes, runny nose, sneezing",Allergic Rhinitis,"An allergic response causing itchy, watery eyes, sneezing, and other similar symptoms.","Avoid allergens (dust, pollen), keep indoors during high pollen seasons.","Antihistamines (Cetirizine, Loratadine), Nasal corticosteroids.",Consult an allergist if symptoms are severe and unresponsive to over-the-counter medicine.
"suffering from headache, prolonged high fever",Typhoid,"A bacterial infection that can lead to a high fever, diarrhea, and vomiting.","Drink boiled or bottled water, avoid raw foods.","Antibiotics (prescription only), Paracetamol for fever.",Requires immediate medical consultation for a proper antibiotic course.
"i have rash, fatigue, pain behind eyes",Dengue Fever,A mosquito-borne viral disease occurring in tropical and subtropical areas.,"Use mosquito nets, wear long sleeves, use repellents.",Paracetamol for fever. STRICTLY AVOID Aspirin or Ibuprofen.,Hospitalization may be required; consult immediately if experiencing severe abdominal pain or bleeding.
"high fever, severe headache",Dengue Fever,A mosquito-borne viral disease occurring in tropical and subtropical areas.,"Use mosquito nets, wear long sleeves, use repellents.",Paracetamol for fever. STRICTLY AVOID Aspirin or Ibuprofen.,Hospitalization may be required; consult immediately if experiencing severe abdominal pain or bleeding.
"i have stomach cramps, muscle aches, nausea, diarrhea, vomiting, low-grade fever",Gastroenteritis (Stomach Flu),"An intestinal infection marked by diarrhea, cramps, nausea, vomiting, and fever.","Stay hydrated, eat bland foods, wash hands thoroughly.","Oral rehydration salts (ORS), Loperamide (if advised).","Consult if you cannot keep liquids down for 24 hours, or if there is blood in stool."
"i have shortness of breath, sore throat",COVID-19,A highly contagious respiratory illness caused by the SARS-CoV-2 virus.,"Isolate, wear a mask, monitor oxygen levels.","Paracetamol, Vitamin C, Zinc, prescribed antivirals if severe.",Seek immediate medical attention if oxygen drops below 94% or you have difficulty breathing.
"feeling joint pain, rash",Dengue Fever,A mosquito-borne viral disease occurring in tropical and subtropical areas.,"Use mosquito nets, wear long sleeves, use repellents.",Paracetamol for fever. STRICTLY AVOID Aspirin or Ibuprofen.,Hospitalization may be required; consult immediately if experiencing severe abdominal pain or bleeding.
"experiencing weakness, rash",Typhoid,"A bacterial infection that can lead to a high fever, diarrhea, and vomiting.","Drink boiled or bottled water, avoid raw foods.","Antibiotics (prescription only), Paracetamol for fever.",Requires immediate medical consultation for a proper antibiotic course.
"suffering from coughing episodes, rapid breathing",Asthma,A condition in which your airways narrow and swell and may produce extra mucus.,"Avoid triggers (smoke, strong odors), carry an inhaler always.","Bronchodilators (Albuterol inhaler), Inhaled corticosteroids.",Immediate emergency care required for severe shortness of breath or if an inhaler doesn't help.
"feeling headache, loss of appetite, rash, stomach pain, prolonged high fever",Typhoid,"A bacterial infection that can lead to a high fever, diarrhea, and vomiting.","Drink boiled or bottled water, avoid raw foods.","Antibiotics (prescription only), Paracetamol for fever.",Requires immediate medical consultation for a proper antibiotic course.
"sneezing, congestion, mild fever",Common Cold,A common viral infection of the nose and throat.,"Rest, drink plenty of fluids, wash hands often.","Paracetamol, Ibuprofen, Decongestants, Cough syrup.",Consult if symptoms last more than a week or if you develop a high fever.
"suffering from nausea, sensitivity to sound, vomiting, throbbing pain, severe headache, sensitivity to light",Migraine,"A neurological condition that can cause multiple symptoms, frequently characterized by intense, debilitating headaches.","Rest in a quiet and dark room, avoid known triggers like caffeine or stress.","Ibuprofen, Triptans (prescription), Aspirin.",Consult a neurologist if migraines are frequent and severely disrupt daily life.
"suffering from runny nose, itchy eyes, nasal congestion",Allergic Rhinitis,"An allergic response causing itchy, watery eyes, sneezing, and other similar symptoms.","Avoid allergens (dust, pollen), keep indoors during high pollen seasons.","Antihistamines (Cetirizine, Loratadine), Nasal corticosteroids.",Consult an allergist if symptoms are severe and unresponsive to over-the-counter medicine.
"suffering from chills, dry cough, muscle aches",Influenza (Flu),A viral infection that attacks your respiratory system.,"Strict bed rest, isolate yourself, stay hydrated.","Oseltamivir (if prescribed early), Paracetamol for fever.",Consult a doctor immediately if you experience shortness of breath or persistent chest pain.
"muscle aches, headache, high fever",Influenza (Flu),A viral infection that attacks your respiratory system.,"Strict bed rest, isolate yourself, stay hydrated.","Oseltamivir (if prescribed early), Paracetamol for fever.",Consult a doctor immediately if you experience shortness of breath or persistent chest pain.
"stomach pain, weakness, loss of appetite, rash, headache, prolonged high fever",Typhoid,"A bacterial infection that can lead to a high fever, diarrhea, and vomiting.","Drink boiled or bottled water, avoid raw foods.","Antibiotics (prescription only), Paracetamol for fever.",Requires immediate medical consultation for a proper antibiotic course.
"experiencing sneezing, sore throat, runny nose, mild fever, congestion, cough",Common Cold,A common viral infection of the nose and throat.,"Rest, drink plenty of fluids, wash hands often.","Paracetamol, Ibuprofen, Decongestants, Cough syrup.",Consult if symptoms last more than a week or if you develop a high fever.
"feeling joint pain, severe headache, rash, muscle pain, pain behind eyes",Dengue Fever,A mosquito-borne viral disease occurring in tropical and subtropical areas.,"Use mosquito nets, wear long sleeves, use repellents.",Paracetamol for fever. STRICTLY AVOID Aspirin or Ibuprofen.,Hospitalization may be required; consult immediately if experiencing severe abdominal pain or bleeding.
"suffering from wheezing, coughing episodes, shortness of breath, rapid breathing, chest tightness",Asthma,A condition in which your airways narrow and swell and may produce extra mucus.,"Avoid triggers (smoke, strong odors), carry an inhaler always.","Bronchodilators (Albuterol inhaler), Inhaled corticosteroids.",Immediate emergency care required for severe shortness of breath or if an inhaler doesn't help.
"high fever, muscle pain, severe headache, joint pain, rash, fatigue",Dengue Fever,A mosquito-borne viral disease occurring in tropical and subtropical areas.,"Use mosquito nets, wear long sleeves, use repellents.",Paracetamol for fever. STRICTLY AVOID Aspirin or Ibuprofen.,Hospitalization may be required; consult immediately if experiencing severe abdominal pain or bleeding.
"suffering from joint pain, muscle pain, rash, fatigue, severe headache",Dengue Fever,A mosquito-borne viral disease occurring in tropical and subtropical areas.,"Use mosquito nets, wear long sleeves, use repellents.",Paracetamol for fever. STRICTLY AVOID Aspirin or Ibuprofen.,Hospitalization may be required; consult immediately if experiencing severe abdominal pain or bleeding.
"i have wheezing, rapid breathing, shortness of breath, coughing episodes",Asthma,A condition in which your airways narrow and swell and may produce extra mucus.,"Avoid triggers (smoke, strong odors), carry an inhaler always.","Bronchodilators (Albuterol inhaler), Inhaled corticosteroids.",Immediate emergency care required for severe shortness of breath or if an inhaler doesn't help.
"experiencing fatigue, muscle aches, headache",Influenza (Flu),A viral infection that attacks your respiratory system.,"Strict bed rest, isolate yourself, stay hydrated.","Oseltamivir (if prescribed early), Paracetamol for fever.",Consult a doctor immediately if you experience shortness of breath or persistent chest pain.
"i have itchy throat, runny nose, sneezing, nasal congestion, watery eyes, itchy eyes",Allergic Rhinitis,"An allergic response causing itchy, watery eyes, sneezing, and other similar symptoms.","Avoid allergens (dust, pollen), keep indoors during high pollen seasons.","Antihistamines (Cetirizine, Loratadine), Nasal corticosteroids.",Consult an allergist if symptoms are severe and unresponsive to over-the-counter medicine.
"runny nose, watery eyes, nasal congestion, itchy eyes, sneezing, itchy throat",Allergic Rhinitis,"An allergic response causing itchy, watery eyes, sneezing, and other similar symptoms.","Avoid allergens (dust, pollen), keep indoors during high pollen seasons.","Antihistamines (Cetirizine, Loratadine), Nasal corticosteroids.",Consult an allergist if symptoms are severe and unresponsive to over-the-counter medicine.
"coughing episodes, chest tightness",Asthma,A condition in which your airways narrow and swell and may produce extra mucus.,"Avoid triggers (smoke, strong odors), carry an inhaler always.","Bronchodilators (Albuterol inhaler), Inhaled corticosteroids.",Immediate emergency care required for severe shortness of breath or if an inhaler doesn't help.
"muscle pain, rash, joint pain",Dengue Fever,A mosquito-borne viral disease occurring in tropical and subtropical areas.,"Use mosquito nets, wear long sleeves, use repellents.",Paracetamol for fever. STRICTLY AVOID Aspirin or Ibuprofen.,Hospitalization may be required; consult immediately if experiencing severe abdominal pain or bleeding.
"suffering from loss of taste, fatigue",COVID-19,A highly contagious respiratory illness caused by the SARS-CoV-2 virus.,"Isolate, wear a mask, monitor oxygen levels.","Paracetamol, Vitamin C, Zinc, prescribed antivirals if severe.",Seek immediate medical attention if oxygen drops below 94% or you have difficulty breathing.
"suffering from severe headache, sensitivity to sound, nausea, throbbing pain",Migraine,"A neurological condition that can cause multiple symptoms, frequently characterized by intense, debilitating headaches.","Rest in a quiet and dark room, avoid known triggers like caffeine or stress.","Ibuprofen, Triptans (prescription), Aspirin.",Consult a neurologist if migraines are frequent and severely disrupt daily life.
"abdominal cramps, vomiting, nausea, weakness, diarrhea, fever",Food Poisoning,Illness caused by eating contaminated food.,"Rest, stay hydrated with sips of water or clear broths.","Oral rehydration salts, Bismuth subsalicylate.","Consult a doctor if symptoms last more than a few days, or if you have a very high fever."
"suffering from muscle aches, chills",Influenza (Flu),A viral infection that attacks your respiratory system.,"Strict bed rest, isolate yourself, stay hydrated.","Oseltamivir (if prescribed early), Paracetamol for fever.",Consult a doctor immediately if you experience shortness of breath or persistent chest pain.
"experiencing sneezing, runny nose, congestion, sore throat, mild fever",Common Cold,A common viral infection of the nose and throat.,"Rest, drink plenty of fluids, wash hands often.","Paracetamol, Ibuprofen, Decongestants, Cough syrup.",Consult if symptoms last more than a week or if you develop a high fever.
"experiencing itchy throat, itchy eyes, nasal congestion",Allergic Rhinitis,"An allergic response causing itchy, watery eyes, sneezing, and other similar symptoms.","Avoid allergens (dust, pollen), keep indoors during high pollen seasons.","Antihistamines (Cetirizine, Loratadine), Nasal corticosteroids.",Consult an allergist if symptoms are severe and unresponsive to over-the-counter medicine.
"loss of smell, loss of taste",COVID-19,A highly contagious respiratory illness caused by the SARS-CoV-2 virus.,"Isolate, wear a mask, monitor oxygen levels.","Paracetamol, Vitamin C, Zinc, prescribed antivirals if severe.",Seek immediate medical attention if oxygen drops below 94% or you have difficulty breathing.
"feeling runny nose, sneezing, itchy eyes, watery eyes",Allergic Rhinitis,"An allergic response causing itchy, watery eyes, sneezing, and other similar symptoms.","Avoid allergens (dust, pollen), keep indoors during high pollen seasons.","Antihistamines (Cetirizine, Loratadine), Nasal corticosteroids.",Consult an allergist if symptoms are severe and unresponsive to over-the-counter medicine.
"rapid breathing, wheezing",Asthma,A condition in which your airways narrow and swell and may produce extra mucus.,"Avoid triggers (smoke, strong odors), carry an inhaler always.","Bronchodilators (Albuterol inhaler), Inhaled corticosteroids.",Immediate emergency care required for severe shortness of breath or if an inhaler doesn't help.
"feeling fatigue, fever, dry cough, shortness of breath",COVID-19,A highly contagious respiratory illness caused by the SARS-CoV-2 virus.,"Isolate, wear a mask, monitor oxygen levels.","Paracetamol, Vitamin C, Zinc, prescribed antivirals if severe.",Seek immediate medical attention if oxygen drops below 94% or you have difficulty breathing.
"feeling sensitivity to light, vomiting",Migraine,"A neurological condition that can cause multiple symptoms, frequently characterized by intense, debilitating headaches.","Rest in a quiet and dark room, avoid known triggers like caffeine or stress.","Ibuprofen, Triptans (prescription), Aspirin.",Consult a neurologist if migraines are frequent and severely disrupt daily life.
"feeling vomiting, stomach cramps, muscle aches",Gastroenteritis (Stomach Flu),"An intestinal infection marked by diarrhea, cramps, nausea, vomiting, and fever.","Stay hydrated, eat bland foods, wash hands thoroughly.","Oral rehydration salts (ORS), Loperamide (if advised).","Consult if you cannot keep liquids down for 24 hours, or if there is blood in stool."
"suffering from low-grade fever, diarrhea",Gastroenteritis (Stomach Flu),"An intestinal infection marked by diarrhea, cramps, nausea, vomiting, and fever.","Stay hydrated, eat bland foods, wash hands thoroughly.","Oral rehydration salts (ORS), Loperamide (if advised).","Consult if you cannot keep liquids down for 24 hours, or if there is blood in stool."
"experiencing sensitivity to light, severe headache, nausea, sensitivity to sound, throbbing pain, vomiting",Migraine,"A neurological condition that can cause multiple symptoms, frequently characterized by intense, debilitating headaches.","Rest in a quiet and dark room, avoid known triggers like caffeine or stress.","Ibuprofen, Triptans (prescription), Aspirin.",Consult a neurologist if migraines are frequent and severely disrupt daily life.
"experiencing nausea, fever, vomiting, weakness, abdominal cramps, diarrhea",Food Poisoning,Illness caused by eating contaminated food.,"Rest, stay hydrated with sips of water or clear broths.","Oral rehydration salts, Bismuth subsalicylate.","Consult a doctor if symptoms last more than a few days, or if you have a very high fever."
"i have vomiting, severe headache",Migraine,"A neurological condition that can cause multiple symptoms, frequently characterized by intense, debilitating headaches.","Rest in a quiet and dark room, avoid known triggers like caffeine or stress.","Ibuprofen, Triptans (prescription), Aspirin.",Consult a neurologist if migraines are frequent and severely disrupt daily life.
"i have headache, loss of appetite",Typhoid,"A bacterial infection that can lead to a high fever, diarrhea, and vomiting.","Drink boiled or bottled water, avoid raw foods.","Antibiotics (prescription only), Paracetamol for fever.",Requires immediate medical consultation for a proper antibiotic course.
"experiencing low-grade fever, vomiting, diarrhea",Gastroenteritis (Stomach Flu),"An intestinal infection marked by diarrhea, cramps, nausea, vomiting, and fever.","Stay hydrated, eat bland foods, wash hands thoroughly.","Oral rehydration salts (ORS), Loperamide (if advised).","Consult if you cannot keep liquids down for 24 hours, or if there is blood in stool."
"dry cough, sore throat, fatigue, loss of smell, body aches, loss of taste, shortness of breath, fever",COVID-19,A highly contagious respiratory illness caused by the SARS-CoV-2 virus.,"Isolate, wear a mask, monitor oxygen levels.","Paracetamol, Vitamin C, Zinc, prescribed antivirals if severe.",Seek immediate medical attention if oxygen drops below 94% or you have difficulty breathing.
"suffering from headache, stomach pain",Typhoid,"A bacterial infection that can lead to a high fever, diarrhea, and vomiting.","Drink boiled or bottled water, avoid raw foods.","Antibiotics (prescription only), Paracetamol for fever.",Requires immediate medical consultation for a proper antibiotic course.
"feeling coughing episodes, shortness of breath, chest tightness, wheezing, rapid breathing",Asthma,A condition in which your airways narrow and swell and may produce extra mucus.,"Avoid triggers (smoke, strong odors), carry an inhaler always.","Bronchodilators (Albuterol inhaler), Inhaled corticosteroids.",Immediate emergency care required for severe shortness of breath or if an inhaler doesn't help.
"itchy throat, sneezing, runny nose, nasal congestion, watery eyes",Allergic Rhinitis,"An allergic response causing itchy, watery eyes, sneezing, and other similar symptoms.","Avoid allergens (dust, pollen), keep indoors during high pollen seasons.","Antihistamines (Cetirizine, Loratadine), Nasal corticosteroids.",Consult an allergist if symptoms are severe and unresponsive to over-the-counter medicine.
"experiencing sore throat, sneezing, mild fever, runny nose, congestion, cough",Common Cold,A common viral infection of the nose and throat.,"Rest, drink plenty of fluids, wash hands often.","Paracetamol, Ibuprofen, Decongestants, Cough syrup.",Consult if symptoms last more than a week or if you develop a high fever.
"feeling abdominal cramps, nausea",Food Poisoning,Illness caused by eating contaminated food.,"Rest, stay hydrated with sips of water or clear broths.","Oral rehydration salts, Bismuth subsalicylate.","Consult a doctor if symptoms last more than a few days, or if you have a very high fever."
"fever, fatigue, body aches, dry cough, loss of taste, shortness of breath, sore throat, loss of smell",COVID-19,A highly contagious respiratory illness caused by the SARS-CoV-2 virus.,"Isolate, wear a mask, monitor oxygen levels.","Paracetamol, Vitamin C, Zinc, prescribed antivirals if severe.",Seek immediate medical attention if oxygen drops below 94% or you have difficulty breathing.
"experiencing low-grade fever, stomach cramps, diarrhea, vomiting, nausea",Gastroenteritis (Stomach Flu),"An intestinal infection marked by diarrhea, cramps, nausea, vomiting, and fever.","Stay hydrated, eat bland foods, wash hands thoroughly.","Oral rehydration salts (ORS), Loperamide (if advised).","Consult if you cannot keep liquids down for 24 hours, or if there is blood in stool."
"sensitivity to light, severe headache, vomiting, sensitivity to sound, nausea",Migraine,"A neurological condition that can cause multiple symptoms, frequently characterized by intense, debilitating headaches.","Rest in a quiet and dark room, avoid known triggers like caffeine or stress.","Ibuprofen, Triptans (prescription), Aspirin.",Consult a neurologist if migraines are frequent and severely disrupt daily life.
"sneezing, congestion, runny nose, mild fever, sore throat",Common Cold,A common viral infection of the nose and throat.,"Rest, drink plenty of fluids, wash hands often.","Paracetamol, Ibuprofen, Decongestants, Cough syrup.",Consult if symptoms last more than a week or if you develop a high fever.
"i have stomach cramps, low-grade fever, muscle aches, diarrhea, vomiting, nausea",Gastroenteritis (Stomach Flu),"An intestinal infection marked by diarrhea, cramps, nausea, vomiting, and fever.","Stay hydrated, eat bland foods, wash hands thoroughly.","Oral rehydration salts (ORS), Loperamide (if advised).","Consult if you cannot keep liquids down for 24 hours, or if there is blood in stool."
"feeling muscle aches, high fever, dry cough",Influenza (Flu),A viral infection that attacks your respiratory system.,"Strict bed rest, isolate yourself, stay hydrated.","Oseltamivir (if prescribed early), Paracetamol for fever.",Consult a doctor immediately if you experience shortness of breath or persistent chest pain.
"nausea, sensitivity to sound, sensitivity to light",Migraine,"A neurological condition that can cause multiple symptoms, frequently characterized by intense, debilitating headaches.","Rest in a quiet and dark room, avoid known triggers like caffeine or stress.","Ibuprofen, Triptans (prescription), Aspirin.",Consult a neurologist if migraines are frequent and severely disrupt daily life.
"experiencing nausea, vomiting, low-grade fever, diarrhea, muscle aches, stomach cramps",Gastroenteritis (Stomach Flu),"An intestinal infection marked by diarrhea, cramps, nausea, vomiting, and fever.","Stay hydrated, eat bland foods, wash hands thoroughly.","Oral rehydration salts (ORS), Loperamide (if advised).","Consult if you cannot keep liquids down for 24 hours, or if there is blood in stool."
"pain behind eyes, rash, high fever, muscle pain, joint pain",Dengue Fever,A mosquito-borne viral disease occurring in tropical and subtropical areas.,"Use mosquito nets, wear long sleeves, use repellents.",Paracetamol for fever. STRICTLY AVOID Aspirin or Ibuprofen.,Hospitalization may be required; consult immediately if experiencing severe abdominal pain or bleeding.
"feeling pain behind eyes, high fever, muscle pain, severe headache",Dengue Fever,A mosquito-borne viral disease occurring in tropical and subtropical areas.,"Use mosquito nets, wear long sleeves, use repellents.",Paracetamol for fever. STRICTLY AVOID Aspirin or Ibuprofen.,Hospitalization may be required; consult immediately if experiencing severe abdominal pain or bleeding.
"experiencing loss of appetite, prolonged high fever, stomach pain",Typhoid,"A bacterial infection that can lead to a high fever, diarrhea, and vomiting.","Drink boiled or bottled water, avoid raw foods.","Antibiotics (prescription only), Paracetamol for fever.",Requires immediate medical consultation for a proper antibiotic course.
"feeling fatigue, loss of taste, sore throat, fever, body aches, dry cough, shortness of breath, loss of smell",COVID-19,A highly contagious respiratory illness caused by the SARS-CoV-2 virus.,"Isolate, wear a mask, monitor oxygen levels.","Paracetamol, Vitamin C, Zinc, prescribed antivirals if severe.",Seek immediate medical attention if oxygen drops below 94% or you have difficulty breathing.
"i have sore throat, shortness of breath, body aches, loss of taste, loss of smell, dry cough, fatigue",COVID-19,A highly contagious respiratory illness caused by the SARS-CoV-2 virus.,"Isolate, wear a mask, monitor oxygen levels.","Paracetamol, Vitamin C, Zinc, prescribed antivirals if severe.",Seek immediate medical attention if oxygen drops below 94% or you have difficulty breathing.
"i have pain behind eyes, severe headache, rash, fatigue, high fever",Dengue Fever,A mosquito-borne viral disease occurring in tropical and subtropical areas.,"Use mosquito nets, wear long sleeves, use repellents.",Paracetamol for fever. STRICTLY AVOID Aspirin or Ibuprofen.,Hospitalization may be required; consult immediately if experiencing severe abdominal pain or bleeding.
"i have sensitivity to light, severe headache, nausea, sensitivity to sound, vomiting",Migraine,"A neurological condition that can cause multiple symptoms, frequently characterized by intense, debilitating headaches.","Rest in a quiet and dark room, avoid known triggers like caffeine or stress.","Ibuprofen, Triptans (prescription), Aspirin.",Consult a neurologist if migraines are frequent and severely disrupt daily life.
"experiencing loss of taste, body aches, sore throat, shortness of breath, fatigue, loss of smell, dry cough, fever",COVID-19,A highly contagious respiratory illness caused by the SARS-CoV-2 virus.,"Isolate, wear a mask, monitor oxygen levels.","Paracetamol, Vitamin C, Zinc, prescribed antivirals if severe.",Seek immediate medical attention if oxygen drops below 94% or you have difficulty breathing.
"dry cough, loss of taste",COVID-19,A highly contagious respiratory illness caused by the SARS-CoV-2 virus.,"Isolate, wear a mask, monitor oxygen levels.","Paracetamol, Vitamin C, Zinc, prescribed antivirals if severe.",Seek immediate medical attention if oxygen drops below 94% or you have difficulty breathing.
"experiencing loss of appetite, weakness, stomach pain",Typhoid,"A bacterial infection that can lead to a high fever, diarrhea, and vomiting.","Drink boiled or bottled water, avoid raw foods.","Antibiotics (prescription only), Paracetamol for fever.",Requires immediate medical consultation for a proper antibiotic course.
"experiencing nasal congestion, sneezing",Allergic Rhinitis,"An allergic response causing itchy, watery eyes, sneezing, and other similar symptoms.","Avoid allergens (dust, pollen), keep indoors during high pollen seasons.","Antihistamines (Cetirizine, Loratadine), Nasal corticosteroids.",Consult an allergist if symptoms are severe and unresponsive to over-the-counter medicine.
"runny nose, congestion, cough, sneezing",Common Cold,A common viral infection of the nose and throat.,"Rest, drink plenty of fluids, wash hands often.","Paracetamol, Ibuprofen, Decongestants, Cough syrup.",Consult if symptoms last more than a week or if you develop a high fever.
"suffering from nausea, vomiting, weakness",Food Poisoning,Illness caused by eating contaminated food.,"Rest, stay hydrated with sips of water or clear broths.","Oral rehydration salts, Bismuth subsalicylate.","Consult a doctor if symptoms last more than a few days, or if you have a very high fever."
"experiencing runny nose, mild fever, congestion, cough, sneezing",Common Cold,A common viral infection of the nose and throat.,"Rest, drink plenty of fluids, wash hands often.","Paracetamol, Ibuprofen, Decongestants, Cough syrup.",Consult if symptoms last more than a week or if you develop a high fever.
"cough, sneezing, congestion, runny nose, sore throat",Common Cold,A common viral infection of the nose and throat.,"Rest, drink plenty of fluids, wash hands often.","Paracetamol, Ibuprofen, Decongestants, Cough syrup.",Consult if symptoms last more than a week or if you develop a high fever.
"experiencing stomach cramps, nausea, diarrhea, muscle aches",Gastroenteritis (Stomach Flu),"An intestinal infection marked by diarrhea, cramps, nausea, vomiting, and fever.","Stay hydrated, eat bland foods, wash hands thoroughly.","Oral rehydration salts (ORS), Loperamide (if advised).","Consult if you cannot keep liquids down for 24 hours, or if there is blood in stool."
"experiencing weakness, fever, vomiting, nausea, diarrhea",Food Poisoning,Illness caused by eating contaminated food.,"Rest, stay hydrated with sips of water or clear broths.","Oral rehydration salts, Bismuth subsalicylate.","Consult a doctor if symptoms last more than a few days, or if you have a very high fever."
"i have abdominal cramps, diarrhea, weakness, nausea, vomiting",Food Poisoning,Illness caused by eating contaminated food.,"Rest, stay hydrated with sips of water or clear broths.","Oral rehydration salts, Bismuth subsalicylate.","Consult a doctor if symptoms last more than a few days, or if you have a very high fever."
"suffering from throbbing pain, sensitivity to sound, severe headache, nausea",Migraine,"A neurological condition that can cause multiple symptoms, frequently characterized by intense, debilitating headaches.","Rest in a quiet and dark room, avoid known triggers like caffeine or stress.","Ibuprofen, Triptans (prescription), Aspirin.",Consult a neurologist if migraines are frequent and severely disrupt daily life.
"suffering from rapid breathing, chest tightness, shortness of breath, coughing episodes",Asthma,A condition in which your airways narrow and swell and may produce extra mucus.,"Avoid triggers (smoke, strong odors), carry an inhaler always.","Bronchodilators (Albuterol inhaler), Inhaled corticosteroids.",Immediate emergency care required for severe shortness of breath or if an inhaler doesn't help.
"i have low-grade fever, nausea, stomach cramps, vomiting, muscle aches, diarrhea",Gastroenteritis (Stomach Flu),"An intestinal infection marked by diarrhea, cramps, nausea, vomiting, and fever.","Stay hydrated, eat bland foods, wash hands thoroughly.","Oral rehydration salts (ORS), Loperamide (if advised).","Consult if you cannot keep liquids down for 24 hours, or if there is blood in stool."
"i have itchy eyes, sneezing, nasal congestion, runny nose, watery eyes",Allergic Rhinitis,"An allergic response causing itchy, watery eyes, sneezing, and other similar symptoms.","Avoid allergens (dust, pollen), keep indoors during high pollen seasons.","Antihistamines (Cetirizine, Loratadine), Nasal corticosteroids.",Consult an allergist if symptoms are severe and unresponsive to over-the-counter medicine.
"suffering from nasal congestion, runny nose, sneezing, watery eyes, itchy throat",Allergic Rhinitis,"An allergic response causing itchy, watery eyes, sneezing, and other similar symptoms.","Avoid allergens (dust, pollen), keep indoors during high pollen seasons.","Antihistamines (Cetirizine, Loratadine), Nasal corticosteroids.",Consult an allergist if symptoms are severe and unresponsive to over-the-counter medicine.
"experiencing itchy eyes, watery eyes, sneezing, nasal congestion, itchy throat, runny nose",Allergic Rhinitis,"An allergic response causing itchy, watery eyes, sneezing, and other similar symptoms.","Avoid allergens (dust, pollen), keep indoors during high pollen seasons.","Antihistamines (Cetirizine, Loratadine), Nasal corticosteroids.",Consult an allergist if symptoms are severe and unresponsive to over-the-counter medicine.
"i have rash, high fever, fatigue, joint pain, pain behind eyes, muscle pain, severe headache",Dengue Fever,A mosquito-borne viral disease occurring in tropical and subtropical areas.,"Use mosquito nets, wear long sleeves, use repellents.",Paracetamol for fever. STRICTLY AVOID Aspirin or Ibuprofen.,Hospitalization may be required; consult immediately if experiencing severe abdominal pain or bleeding.
"suffering from loss of appetite, rash, headache, stomach pain, prolonged high fever",Typhoid,"A bacterial infection that can lead to a high fever, diarrhea, and vomiting.","Drink boiled or bottled water, avoid raw foods.","Antibiotics (prescription only), Paracetamol for fever.",Requires immediate medical consultation for a proper antibiotic course.
"chest tightness, coughing episodes",Asthma,A condition in which your airways narrow and swell and may produce extra mucus.,"Avoid triggers (smoke, strong odors), carry an inhaler always.","Bronchodilators (Albuterol inhaler), Inhaled corticosteroids.",Immediate emergency care required for severe shortness of breath or if an inhaler doesn't help.
"i have throbbing pain, sensitivity to light, nausea",Migraine,"A neurological condition that can cause multiple symptoms, frequently characterized by intense, debilitating headaches.","Rest in a quiet and dark room, avoid known triggers like caffeine or stress.","Ibuprofen, Triptans (prescription), Aspirin.",Consult a neurologist if migraines are frequent and severely disrupt daily life.
"itchy eyes, runny nose, nasal congestion",Allergic Rhinitis,"An allergic response causing itchy, watery eyes, sneezing, and other similar symptoms.","Avoid allergens (dust, pollen), keep indoors during high pollen seasons.","Antihistamines (Cetirizine, Loratadine), Nasal corticosteroids.",Consult an allergist if symptoms are severe and unresponsive to over-the-counter medicine.
"i have wheezing, shortness of breath",Asthma,A condition in which your airways narrow and swell and may produce extra mucus.,"Avoid triggers (smoke, strong odors), carry an inhaler always.","Bronchodilators (Albuterol inhaler), Inhaled corticosteroids.",Immediate emergency care required for severe shortness of breath or if an inhaler doesn't help.
"experiencing chest tightness, wheezing, shortness of breath, rapid breathing, coughing episodes",Asthma,A condition in which your airways narrow and swell and may produce extra mucus.,"Avoid triggers (smoke, strong odors), carry an inhaler always.","Bronchodilators (Albuterol inhaler), Inhaled corticosteroids.",Immediate emergency care required for severe shortness of breath or if an inhaler doesn't help.
"i have headache, muscle aches, sweats",Influenza (Flu),A viral infection that attacks your respiratory system.,"Strict bed rest, isolate yourself, stay hydrated.","Oseltamivir (if prescribed early), Paracetamol for fever.",Consult a doctor immediately if you experience shortness of breath or persistent chest pain.
"feeling body aches, sore throat",COVID-19,A highly contagious respiratory illness caused by the SARS-CoV-2 virus.,"Isolate, wear a mask, monitor oxygen levels.","Paracetamol, Vitamin C, Zinc, prescribed antivirals if severe.",Seek immediate medical attention if oxygen drops below 94% or you have difficulty breathing.
"suffering from diarrhea, muscle aches, low-grade fever, vomiting",Gastroenteritis (Stomach Flu),"An intestinal infection marked by diarrhea, cramps, nausea, vomiting, and fever.","Stay hydrated, eat bland foods, wash hands thoroughly.","Oral rehydration salts (ORS), Loperamide (if advised).","Consult if you cannot keep liquids down for 24 hours, or if there is blood in stool."
"i have weakness, stomach pain, headache, prolonged high fever",Typhoid,"A bacterial infection that can lead to a high fever, diarrhea, and vomiting.","Drink boiled or bottled water, avoid raw foods.","Antibiotics (prescription only), Paracetamol for fever.",Requires immediate medical consultation for a proper antibiotic course.
"suffering from rash, pain behind eyes, high fever, fatigue, severe headache, muscle pain, joint pain",Dengue Fever,A mosquito-borne viral disease occurring in tropical and subtropical areas.,"Use mosquito nets, wear long sleeves, use repellents.",Paracetamol for fever. STRICTLY AVOID Aspirin or Ibuprofen.,Hospitalization may be required; consult immediately if experiencing severe abdominal pain or bleeding.
"i have body aches, fatigue, fever, sore throat",COVID-19,A highly contagious respiratory illness caused by the SARS-CoV-2 virus.,"Isolate, wear a mask, monitor oxygen levels.","Paracetamol, Vitamin C, Zinc, prescribed antivirals if severe.",Seek immediate medical attention if oxygen drops below 94% or you have difficulty breathing.
"feeling dry cough, high fever, headache, sweats, muscle aches, chills",Influenza (Flu),A viral infection that attacks your respiratory system.,"Strict bed rest, isolate yourself, stay hydrated.","Oseltamivir (if prescribed early), Paracetamol for fever.",Consult a doctor immediately if you experience shortness of breath or persistent chest pain.
"muscle aches, chills",Influenza (Flu),A viral infection that attacks your respiratory system.,"Strict bed rest, isolate yourself, stay hydrated.","Oseltamivir (if prescribed early), Paracetamol for fever.",Consult a doctor immediately if you experience shortness of breath or persistent chest pain.
"suffering from stomach pain, headache, rash, loss of appetite",Typhoid,"A bacterial infection that can lead to a high fever, diarrhea, and vomiting.","Drink boiled or bottled water, avoid raw foods.","Antibiotics (prescription only), Paracetamol for fever.",Requires immediate medical consultation for a proper antibiotic course.
"throbbing pain, sensitivity to sound, severe headache, vomiting",Migraine,"A neurological condition that can cause multiple symptoms, frequently characterized by intense, debilitating headaches.","Rest in a quiet and dark room, avoid known triggers like caffeine or stress.","Ibuprofen, Triptans (prescription), Aspirin.",Consult a neurologist if migraines are frequent and severely disrupt daily life.
"i have coughing episodes, chest tightness, shortness of breath, rapid breathing",Asthma,A condition in which your airways narrow and swell and may produce extra mucus.,"Avoid triggers (smoke, strong odors), carry an inhaler always.","Bronchodilators (Albuterol inhaler), Inhaled corticosteroids.",Immediate emergency care required for severe shortness of breath or if an inhaler doesn't help.
"i have itchy throat, itchy eyes",Allergic Rhinitis,"An allergic response causing itchy, watery eyes, sneezing, and other similar symptoms.","Avoid allergens (dust, pollen), keep indoors during high pollen seasons.","Antihistamines (Cetirizine, Loratadine), Nasal corticosteroids.",Consult an allergist if symptoms are severe and unresponsive to over-the-counter medicine.
"pain behind eyes, severe headache, muscle pain, high fever, rash, fatigue",Dengue Fever,A mosquito-borne viral disease occurring in tropical and subtropical areas.,"Use mosquito nets, wear long sleeves, use repellents.",Paracetamol for fever. STRICTLY AVOID Aspirin or Ibuprofen.,Hospitalization may be required; consult immediately if experiencing severe abdominal pain or bleeding.
"feeling throbbing pain, sensitivity to sound, sensitivity to light",Migraine,"A neurological condition that can cause multiple symptoms, frequently characterized by intense, debilitating headaches.","Rest in a quiet and dark room, avoid known triggers like caffeine or stress.","Ibuprofen, Triptans (prescription), Aspirin.",Consult a neurologist if migraines are frequent and severely disrupt daily life.
"joint pain, high fever, rash",Dengue Fever,A mosquito-borne viral disease occurring in tropical and subtropical areas.,"Use mosquito nets, wear long sleeves, use repellents.",Paracetamol for fever. STRICTLY AVOID Aspirin or Ibuprofen.,Hospitalization may be required; consult immediately if experiencing severe abdominal pain or bleeding.
"i have muscle pain, joint pain, rash, fatigue, severe headache",Dengue Fever,A mosquito-borne viral disease occurring in tropical and subtropical areas.,"Use mosquito nets, wear long sleeves, use repellents.",Paracetamol for fever. STRICTLY AVOID Aspirin or Ibuprofen.,Hospitalization may be required; consult immediately if experiencing severe abdominal pain or bleeding.
"suffering from severe headache, muscle pain",Dengue Fever,A mosquito-borne viral disease occurring in tropical and subtropical areas.,"Use mosquito nets, wear long sleeves, use repellents.",Paracetamol for fever. STRICTLY AVOID Aspirin or Ibuprofen.,Hospitalization may be required; consult immediately if experiencing severe abdominal pain or bleeding.
"experiencing itchy eyes, sneezing, nasal congestion",Allergic Rhinitis,"An allergic response causing itchy, watery eyes, sneezing, and other similar symptoms.","Avoid allergens (dust, pollen), keep indoors during high pollen seasons.","Antihistamines (Cetirizine, Loratadine), Nasal corticosteroids.",Consult an allergist if symptoms are severe and unresponsive to over-the-counter medicine.
"feeling runny nose, itchy eyes",Allergic Rhinitis,"An allergic response causing itchy, watery eyes, sneezing, and other similar symptoms.","Avoid allergens (dust, pollen), keep indoors during high pollen seasons.","Antihistamines (Cetirizine, Loratadine), Nasal corticosteroids.",Consult an allergist if symptoms are severe and unresponsive to over-the-counter medicine.
"i have vomiting, muscle aches, diarrhea, stomach cramps",Gastroenteritis (Stomach Flu),"An intestinal infection marked by diarrhea, cramps, nausea, vomiting, and fever.","Stay hydrated, eat bland foods, wash hands thoroughly.","Oral rehydration salts (ORS), Loperamide (if advised).","Consult if you cannot keep liquids down for 24 hours, or if there is blood in stool."
"i have loss of appetite, stomach pain, rash, prolonged high fever, headache",Typhoid,"A bacterial infection that can lead to a high fever, diarrhea, and vomiting.","Drink boiled or bottled water, avoid raw foods.","Antibiotics (prescription only), Paracetamol for fever.",Requires immediate medical consultation for a proper antibiotic course.
"watery eyes, itchy throat, itchy eyes",Allergic Rhinitis,"An allergic response causing itchy, watery eyes, sneezing, and other similar symptoms.","Avoid allergens (dust, pollen), keep indoors during high pollen seasons.","Antihistamines (Cetirizine, Loratadine), Nasal corticosteroids.",Consult an allergist if symptoms are severe and unresponsive to over-the-counter medicine.
"suffering from body aches, loss of smell, sore throat, shortness of breath, loss of taste",COVID-19,A highly contagious respiratory illness caused by the SARS-CoV-2 virus.,"Isolate, wear a mask, monitor oxygen levels.","Paracetamol, Vitamin C, Zinc, prescribed antivirals if severe.",Seek immediate medical attention if oxygen drops below 94% or you have difficulty breathing.
"feeling sweats, headache, dry cough, fatigue, chills, high fever, muscle aches",Influenza (Flu),A viral infection that attacks your respiratory system.,"Strict bed rest, isolate yourself, stay hydrated.","Oseltamivir (if prescribed early), Paracetamol for fever.",Consult a doctor immediately if you experience shortness of breath or persistent chest pain.
"experiencing joint pain, rash, severe headache, pain behind eyes, fatigue, high fever, muscle pain",Dengue Fever,A mosquito-borne viral disease occurring in tropical and subtropical areas.,"Use mosquito nets, wear long sleeves, use repellents.",Paracetamol for fever. STRICTLY AVOID Aspirin or Ibuprofen.,Hospitalization may be required; consult immediately if experiencing severe abdominal pain or bleeding.
"feeling high fever, muscle aches",Influenza (Flu),A viral infection that attacks your respiratory system.,"Strict bed rest, isolate yourself, stay hydrated.","Oseltamivir (if prescribed early), Paracetamol for fever.",Consult a doctor immediately if you experience shortness of breath or persistent chest pain.
"experiencing diarrhea, fever, vomiting, nausea, weakness, abdominal cramps",Food Poisoning,Illness caused by eating contaminated food.,"Rest, stay hydrated with sips of water or clear broths.","Oral rehydration salts, Bismuth subsalicylate.","Consult a doctor if symptoms last more than a few days, or if you have a very high fever."
"diarrhea, muscle aches, stomach cramps, nausea, low-grade fever, vomiting",Gastroenteritis (Stomach Flu),"An intestinal infection marked by diarrhea, cramps, nausea, vomiting, and fever.","Stay hydrated, eat bland foods, wash hands thoroughly.","Oral rehydration salts (ORS), Loperamide (if advised).","Consult if you cannot keep liquids down for 24 hours, or if there is blood in stool."
"suffering from loss of smell, shortness of breath",COVID-19,A highly contagious respiratory illness caused by the SARS-CoV-2 virus.,"Isolate, wear a mask, monitor oxygen levels.","Paracetamol, Vitamin C, Zinc, prescribed antivirals if severe.",Seek immediate medical attention if oxygen drops below 94% or you have difficulty breathing.
"experiencing body aches, fever, dry cough",COVID-19,A highly contagious respiratory illness caused by the SARS-CoV-2 virus.,"Isolate, wear a mask, monitor oxygen levels.","Paracetamol, Vitamin C, Zinc, prescribed antivirals if severe.",Seek immediate medical attention if oxygen drops below 94% or you have difficulty breathing.
"i have coughing episodes, wheezing, rapid breathing, chest tightness",Asthma,A condition in which your airways narrow and swell and may produce extra mucus.,"Avoid triggers (smoke, strong odors), carry an inhaler always.","Bronchodilators (Albuterol inhaler), Inhaled corticosteroids.",Immediate emergency care required for severe shortness of breath or if an inhaler doesn't help.
"prolonged high fever, rash, stomach pain, headache, loss of appetite, weakness",Typhoid,"A bacterial infection that can lead to a high fever, diarrhea, and vomiting.","Drink boiled or bottled water, avoid raw foods.","Antibiotics (prescription only), Paracetamol for fever.",Requires immediate medical consultation for a proper antibiotic course.
"i have chills, high fever, headache, muscle aches, dry cough, sweats, fatigue",Influenza (Flu),A viral infection that attacks your respiratory system.,"Strict bed rest, isolate yourself, stay hydrated.","Oseltamivir (if prescribed early), Paracetamol for fever.",Consult a doctor immediately if you experience shortness of breath or persistent chest pain.
"experiencing rash, weakness, headache",Typhoid,"A bacterial infection that can lead to a high fever, diarrhea, and vomiting.","Drink boiled or bottled water, avoid raw foods.","Antibiotics (prescription only), Paracetamol for fever.",Requires immediate medical consultation for a proper antibiotic course.
"feeling rash, weakness, headache, loss of appetite, prolonged high fever, stomach pain",Typhoid,"A bacterial infection that can lead to a high fever, diarrhea, and vomiting.","Drink boiled or bottled water, avoid raw foods.","Antibiotics (prescription only), Paracetamol for fever.",Requires immediate medical consultation for a proper antibiotic course.
"feeling muscle aches, fatigue, dry cough, high fever",Influenza (Flu),A viral infection that attacks your respiratory system.,"Strict bed rest, isolate yourself, stay hydrated.","Oseltamivir (if prescribed early), Paracetamol for fever.",Consult a doctor immediately if you experience shortness of breath or persistent chest pain.
"chest tightness, rapid breathing, coughing episodes",Asthma,A condition in which your airways narrow and swell and may produce extra mucus.,"Avoid triggers (smoke, strong odors), carry an inhaler always.","Bronchodilators (Albuterol inhaler), Inhaled corticosteroids.",Immediate emergency care required for severe shortness of breath or if an inhaler doesn't help.
"vomiting, sensitivity to light",Migraine,"A neurological condition that can cause multiple symptoms, frequently characterized by intense, debilitating headaches.","Rest in a quiet and dark room, avoid known triggers like caffeine or stress.","Ibuprofen, Triptans (prescription), Aspirin.",Consult a neurologist if migraines are frequent and severely disrupt daily life.
"suffering from rash, fatigue, severe headache",Dengue Fever,A mosquito-borne viral disease occurring in tropical and subtropical areas.,"Use mosquito nets, wear long sleeves, use repellents.",Paracetamol for fever. STRICTLY AVOID Aspirin or Ibuprofen.,Hospitalization may be required; consult immediately if experiencing severe abdominal pain or bleeding.
"suffering from fever, body aches, fatigue, sore throat, loss of taste, shortness of breath, dry cough",COVID-19,A highly contagious respiratory illness caused by the SARS-CoV-2 virus.,"Isolate, wear a mask, monitor oxygen levels.","Paracetamol, Vitamin C, Zinc, prescribed antivirals if severe.",Seek immediate medical attention if oxygen drops below 94% or you have difficulty breathing.
"i have nausea, abdominal cramps, diarrhea",Food Poisoning,Illness caused by eating contaminated food.,"Rest, stay hydrated with sips of water or clear broths.","Oral rehydration salts, Bismuth subsalicylate.","Consult a doctor if symptoms last more than a few days, or if you have a very high fever."
"suffering from muscle aches, low-grade fever, diarrhea, nausea",Gastroenteritis (Stomach Flu),"An intestinal infection marked by diarrhea, cramps, nausea, vomiting, and fever.","Stay hydrated, eat bland foods, wash hands thoroughly.","Oral rehydration salts (ORS), Loperamide (if advised).","Consult if you cannot keep liquids down for 24 hours, or if there is blood in stool."
"sensitivity to sound, vomiting, nausea",Migraine,"A neurological condition that can cause multiple symptoms, frequently characterized by intense, debilitating headaches.","Rest in a quiet and dark room, avoid known triggers like caffeine or stress.","Ibuprofen, Triptans (prescription), Aspirin.",Consult a neurologist if migraines are frequent and severely disrupt daily life.
"feeling congestion, mild fever, sneezing, sore throat, cough, runny nose",Common Cold,A common viral infection of the nose and throat.,"Rest, drink plenty of fluids, wash hands often.","Paracetamol, Ibuprofen, Decongestants, Cough syrup.",Consult if symptoms last more than a week or if you develop a high fever.
"suffering from stomach cramps, vomiting, low-grade fever",Gastroenteritis (Stomach Flu),"An intestinal infection marked by diarrhea, cramps, nausea, vomiting, and fever.","Stay hydrated, eat bland foods, wash hands thoroughly.","Oral rehydration salts (ORS), Loperamide (if advised).","Consult if you cannot keep liquids down for 24 hours, or if there is blood in stool."
"suffering from headache, weakness, rash",Typhoid,"A bacterial infection that can lead to a high fever, diarrhea, and vomiting.","Drink boiled or bottled water, avoid raw foods.","Antibiotics (prescription only), Paracetamol for fever.",Requires immediate medical consultation for a proper antibiotic course.
"feeling diarrhea, stomach cramps, nausea",Gastroenteritis (Stomach Flu),"An intestinal infection marked by diarrhea, cramps, nausea, vomiting, and fever.","Stay hydrated, eat bland foods, wash hands thoroughly.","Oral rehydration salts (ORS), Loperamide (if advised).","Consult if you cannot keep liquids down for 24 hours, or if there is blood in stool."
"i have sensitivity to sound, vomiting, severe headache, sensitivity to light, nausea",Migraine,"A neurological condition that can cause multiple symptoms, frequently characterized by intense, debilitating headaches.","Rest in a quiet and dark room, avoid known triggers like caffeine or stress.","Ibuprofen, Triptans (prescription), Aspirin.",Consult a neurologist if migraines are frequent and severely disrupt daily life.
"feeling itchy throat, itchy eyes, watery eyes, nasal congestion, sneezing",Allergic Rhinitis,"An allergic response causing itchy, watery eyes, sneezing, and other similar symptoms.","Avoid allergens (dust, pollen), keep indoors during high pollen seasons.","Antihistamines (Cetirizine, Loratadine), Nasal corticosteroids.",Consult an allergist if symptoms are severe and unresponsive to over-the-counter medicine.
"experiencing sore throat, fatigue, shortness of breath, loss of smell",COVID-19,A highly contagious respiratory illness caused by the SARS-CoV-2 virus.,"Isolate, wear a mask, monitor oxygen levels.","Paracetamol, Vitamin C, Zinc, prescribed antivirals if severe.",Seek immediate medical attention if oxygen drops below 94% or you have difficulty breathing.
"feeling prolonged high fever, headache, rash, loss of appetite, weakness",Typhoid,"A bacterial infection that can lead to a high fever, diarrhea, and vomiting.","Drink boiled or bottled water, avoid raw foods.","Antibiotics (prescription only), Paracetamol for fever.",Requires immediate medical consultation for a proper antibiotic course.
"i have pain behind eyes, fatigue, rash, joint pain",Dengue Fever,A mosquito-borne viral disease occurring in tropical and subtropical areas.,"Use mosquito nets, wear long sleeves, use repellents.",Paracetamol for fever. STRICTLY AVOID Aspirin or Ibuprofen.,Hospitalization may be required; consult immediately if experiencing severe abdominal pain or bleeding.
"weakness, loss of appetite",Typhoid,"A bacterial infection that can lead to a high fever, diarrhea, and vomiting.","Drink boiled or bottled water, avoid raw foods.","Antibiotics (prescription only), Paracetamol for fever.",Requires immediate medical consultation for a proper antibiotic course.
"suffering from loss of taste, loss of smell, fatigue",COVID-19,A highly contagious respiratory illness caused by the SARS-CoV-2 virus.,"Isolate, wear a mask, monitor oxygen levels.","Paracetamol, Vitamin C, Zinc, prescribed antivirals if severe.",Seek immediate medical attention if oxygen drops below 94% or you have difficulty breathing.
"feeling nausea, throbbing pain, severe headache",Migraine,"A neurological condition that can cause multiple symptoms, frequently characterized by intense, debilitating headaches.","Rest in a quiet and dark room, avoid known triggers like caffeine or stress.","Ibuprofen, Triptans (prescription), Aspirin.",Consult a neurologist if migraines are frequent and severely disrupt daily life.
"muscle aches, low-grade fever, vomiting",Gastroenteritis (Stomach Flu),"An intestinal infection marked by diarrhea, cramps, nausea, vomiting, and fever.","Stay hydrated, eat bland foods, wash hands thoroughly.","Oral rehydration salts (ORS), Loperamide (if advised).","Consult if you cannot keep liquids down for 24 hours, or if there is blood in stool."
"suffering from throbbing pain, sensitivity to sound, sensitivity to light, severe headache",Migraine,"A neurological condition that can cause multiple symptoms, frequently characterized by intense, debilitating headaches.","Rest in a quiet and dark room, avoid known triggers like caffeine or stress.","Ibuprofen, Triptans (prescription), Aspirin.",Consult a neurologist if migraines are frequent and severely disrupt daily life.
"suffering from abdominal cramps, nausea",Food Poisoning,Illness caused by eating contaminated food.,"Rest, stay hydrated with sips of water or clear broths.","Oral rehydration salts, Bismuth subsalicylate.","Consult a doctor if symptoms last more than a few days, or if you have a very high fever."
"suffering from sore throat, cough, mild fever, sneezing",Common Cold,A common viral infection of the nose and throat.,"Rest, drink plenty of fluids, wash hands often.","Paracetamol, Ibuprofen, Decongestants, Cough syrup.",Consult if symptoms last more than a week or if you develop a high fever.
"i have dry cough, headache, high fever, sweats",Influenza (Flu),A viral infection that attacks your respiratory system.,"Strict bed rest, isolate yourself, stay hydrated.","Oseltamivir (if prescribed early), Paracetamol for fever.",Consult a doctor immediately if you experience shortness of breath or persistent chest pain.
"weakness, fever, diarrhea",Food Poisoning,Illness caused by eating contaminated food.,"Rest, stay hydrated with sips of water or clear broths.","Oral rehydration salts, Bismuth subsalicylate.","Consult a doctor if symptoms last more than a few days, or if you have a very high fever."
"suffering from itchy eyes, watery eyes",Allergic Rhinitis,"An allergic response causing itchy, watery eyes, sneezing, and other similar symptoms.","Avoid allergens (dust, pollen), keep indoors during high pollen seasons.","Antihistamines (Cetirizine, Loratadine), Nasal corticosteroids.",Consult an allergist if symptoms are severe and unresponsive to over-the-counter medicine.
"sore throat, fatigue, fever, body aches, dry cough, loss of taste, shortness of breath, loss of smell",COVID-19,A highly contagious respiratory illness caused by the SARS-CoV-2 virus.,"Isolate, wear a mask, monitor oxygen levels.","Paracetamol, Vitamin C, Zinc, prescribed antivirals if severe.",Seek immediate medical attention if oxygen drops below 94% or you have difficulty breathing.
"feeling muscle pain, severe headache, joint pain, high fever",Dengue Fever,A mosquito-borne viral disease occurring in tropical and subtropical areas.,"Use mosquito nets, wear long sleeves, use repellents.",Paracetamol for fever. STRICTLY AVOID Aspirin or Ibuprofen.,Hospitalization may be required; consult immediately if experiencing severe abdominal pain or bleeding.
"suffering from weakness, prolonged high fever",Typhoid,"A bacterial infection that can lead to a high fever, diarrhea, and vomiting.","Drink boiled or bottled water, avoid raw foods.","Antibiotics (prescription only), Paracetamol for fever.",Requires immediate medical consultation for a proper antibiotic course.
"rash, headache, stomach pain, loss of appetite, prolonged high fever",Typhoid,"A bacterial infection that can lead to a high fever, diarrhea, and vomiting.","Drink boiled or bottled water, avoid raw foods.","Antibiotics (prescription only), Paracetamol for fever.",Requires immediate medical consultation for a proper antibiotic course.
"suffering from sneezing, nasal congestion, itchy throat, watery eyes",Allergic Rhinitis,"An allergic response causing itchy, watery eyes, sneezing, and other similar symptoms.","Avoid allergens (dust, pollen), keep indoors during high pollen seasons.","Antihistamines (Cetirizine, Loratadine), Nasal corticosteroids.",Consult an allergist if symptoms are severe and unresponsive to over-the-counter medicine.
"feeling muscle pain, fatigue, rash, pain behind eyes, high fever",Dengue Fever,A mosquito-borne viral disease occurring in tropical and subtropical areas.,"Use mosquito nets, wear long sleeves, use repellents.",Paracetamol for fever. STRICTLY AVOID Aspirin or Ibuprofen.,Hospitalization may be required; consult immediately if experiencing severe abdominal pain or bleeding.
"i have rapid breathing, shortness of breath",Asthma,A condition in which your airways narrow and swell and may produce extra mucus.,"Avoid triggers (smoke, strong odors), carry an inhaler always.","Bronchodilators (Albuterol inhaler), Inhaled corticosteroids.",Immediate emergency care required for severe shortness of breath or if an inhaler doesn't help.
"i have weakness, fever, abdominal cramps, vomiting, nausea, diarrhea",Food Poisoning,Illness caused by eating contaminated food.,"Rest, stay hydrated with sips of water or clear broths.","Oral rehydration salts, Bismuth subsalicylate.","Consult a doctor if symptoms last more than a few days, or if you have a very high fever."
"experiencing weakness, prolonged high fever, loss of appetite, headache, rash, stomach pain",Typhoid,"A bacterial infection that can lead to a high fever, diarrhea, and vomiting.","Drink boiled or bottled water, avoid raw foods.","Antibiotics (prescription only), Paracetamol for fever.",Requires immediate medical consultation for a proper antibiotic course.
"sore throat, sneezing, congestion, mild fever",Common Cold,A common viral infection of the nose and throat.,"Rest, drink plenty of fluids, wash hands often.","Paracetamol, Ibuprofen, Decongestants, Cough syrup.",Consult if symptoms last more than a week or if you develop a high fever.
"feeling loss of appetite, headache, prolonged high fever, rash, stomach pain, weakness",Typhoid,"A bacterial infection that can lead to a high fever, diarrhea, and vomiting.","Drink boiled or bottled water, avoid raw foods.","Antibiotics (prescription only), Paracetamol for fever.",Requires immediate medical consultation for a proper antibiotic course.
"experiencing loss of taste, shortness of breath, sore throat",COVID-19,A highly contagious respiratory illness caused by the SARS-CoV-2 virus.,"Isolate, wear a mask, monitor oxygen levels.","Paracetamol, Vitamin C, Zinc, prescribed antivirals if severe.",Seek immediate medical attention if oxygen drops below 94% or you have difficulty breathing.
"itchy throat, runny nose, sneezing",Allergic Rhinitis,"An allergic response causing itchy, watery eyes, sneezing, and other similar symptoms.","Avoid allergens (dust, pollen), keep indoors during high pollen seasons.","Antihistamines (Cetirizine, Loratadine), Nasal corticosteroids.",Consult an allergist if symptoms are severe and unresponsive to over-the-counter medicine.
"muscle pain, joint pain, pain behind eyes, fatigue, rash, high fever",Dengue Fever,A mosquito-borne viral disease occurring in tropical and subtropical areas.,"Use mosquito nets, wear long sleeves, use repellents.",Paracetamol for fever. STRICTLY AVOID Aspirin or Ibuprofen.,Hospitalization may be required; consult immediately if experiencing severe abdominal pain or bleeding.
"experiencing weakness, diarrhea",Food Poisoning,Illness caused by eating contaminated food.,"Rest, stay hydrated with sips of water or clear broths.","Oral rehydration salts, Bismuth subsalicylate.","Consult a doctor if symptoms last more than a few days, or if you have a very high fever."
"high fever, rash, pain behind eyes",Dengue Fever,A mosquito-borne viral disease occurring in tropical and subtropical areas.,"Use mosquito nets, wear long sleeves, use repellents.",Paracetamol for fever. STRICTLY AVOID Aspirin or Ibuprofen.,Hospitalization may be required; consult immediately if experiencing severe abdominal pain or bleeding.
"feeling diarrhea, nausea, weakness",Food Poisoning,Illness caused by eating contaminated food.,"Rest, stay hydrated with sips of water or clear broths.","Oral rehydration salts, Bismuth subsalicylate.","Consult a doctor if symptoms last more than a few days, or if you have a very high fever."
"suffering from sensitivity to sound, nausea, sensitivity to light",Migraine,"A neurological condition that can cause multiple symptoms, frequently characterized by intense, debilitating headaches.","Rest in a quiet and dark room, avoid known triggers like caffeine or stress.","Ibuprofen, Triptans (prescription), Aspirin.",Consult a neurologist if migraines are frequent and severely disrupt daily life.
"experiencing fever, dry cough, body aches",COVID-19,A highly contagious respiratory illness caused by the SARS-CoV-2 virus.,"Isolate, wear a mask, monitor oxygen levels.","Paracetamol, Vitamin C, Zinc, prescribed antivirals if severe.",Seek immediate medical attention if oxygen drops below 94% or you have difficulty breathing.
"experiencing nausea, vomiting, throbbing pain, sensitivity to sound, severe headache",Migraine,"A neurological condition that can cause multiple symptoms, frequently characterized by intense, debilitating headaches.","Rest in a quiet and dark room, avoid known triggers like caffeine or stress.","Ibuprofen, Triptans (prescription), Aspirin.",Consult a neurologist if migraines are frequent and severely disrupt daily life.
"i have muscle pain, fatigue",Dengue Fever,A mosquito-borne viral disease occurring in tropical and subtropical areas.,"Use mosquito nets, wear long sleeves, use repellents.",Paracetamol for fever. STRICTLY AVOID Aspirin or Ibuprofen.,Hospitalization may be required; consult immediately if experiencing severe abdominal pain or bleeding.
"suffering from congestion, sneezing, cough, mild fever, sore throat, runny nose",Common Cold,A common viral infection of the nose and throat.,"Rest, drink plenty of fluids, wash hands often.","Paracetamol, Ibuprofen, Decongestants, Cough syrup.",Consult if symptoms last more than a week or if you develop a high fever.
"i have sensitivity to sound, vomiting, severe headache",Migraine,"A neurological condition that can cause multiple symptoms, frequently characterized by intense, debilitating headaches.","Rest in a quiet and dark room, avoid known triggers like caffeine or stress.","Ibuprofen, Triptans (prescription), Aspirin.",Consult a neurologist if migraines are frequent and severely disrupt daily life.
"experiencing diarrhea, muscle aches",Gastroenteritis (Stomach Flu),"An intestinal infection marked by diarrhea, cramps, nausea, vomiting, and fever.","Stay hydrated, eat bland foods, wash hands thoroughly.","Oral rehydration salts (ORS), Loperamide (if advised).","Consult if you cannot keep liquids down for 24 hours, or if there is blood in stool."
"feeling high fever, muscle pain, joint pain",Dengue Fever,A mosquito-borne viral disease occurring in tropical and subtropical areas.,"Use mosquito nets, wear long sleeves, use repellents.",Paracetamol for fever. STRICTLY AVOID Aspirin or Ibuprofen.,Hospitalization may be required; consult immediately if experiencing severe abdominal pain or bleeding.
"suffering from loss of taste, fatigue, shortness of breath, sore throat, dry cough, body aches, fever, loss of smell",COVID-19,A highly contagious respiratory illness caused by the SARS-CoV-2 virus.,"Isolate, wear a mask, monitor oxygen levels.","Paracetamol, Vitamin C, Zinc, prescribed antivirals if severe.",Seek immediate medical attention if oxygen drops below 94% or you have difficulty breathing.
"feeling dry cough, chills, sweats, headache, fatigue, muscle aches, high fever",Influenza (Flu),A viral infection that attacks your respiratory system.,"Strict bed rest, isolate yourself, stay hydrated.","Oseltamivir (if prescribed early), Paracetamol for fever.",Consult a doctor immediately if you experience shortness of breath or persistent chest pain.
"experiencing loss of smell, sore throat, body aches, fatigue, loss of taste",COVID-19,A highly contagious respiratory illness caused by the SARS-CoV-2 virus.,"Isolate, wear a mask, monitor oxygen levels.","Paracetamol, Vitamin C, Zinc, prescribed antivirals if severe.",Seek immediate medical attention if oxygen drops below 94% or you have difficulty breathing.
"experiencing shortness of breath, chest tightness, rapid breathing",Asthma,A condition in which your airways narrow and swell and may produce extra mucus.,"Avoid triggers (smoke, strong odors), carry an inhaler always.","Bronchodilators (Albuterol inhaler), Inhaled corticosteroids.",Immediate emergency care required for severe shortness of breath or if an inhaler doesn't help.
"i have vomiting, abdominal cramps, nausea, weakness, diarrhea",Food Poisoning,Illness caused by eating contaminated food.,"Rest, stay hydrated with sips of water or clear broths.","Oral rehydration salts, Bismuth subsalicylate.","Consult a doctor if symptoms last more than a few days, or if you have a very high fever."
"suffering from stomach pain, rash, loss of appetite, headache, prolonged high fever",Typhoid,"A bacterial infection that can lead to a high fever, diarrhea, and vomiting.","Drink boiled or bottled water, avoid raw foods.","Antibiotics (prescription only), Paracetamol for fever.",Requires immediate medical consultation for a proper antibiotic course.
"feeling sensitivity to sound, nausea, severe headache",Migraine,"A neurological condition that can cause multiple symptoms, frequently characterized by intense, debilitating headaches.","Rest in a quiet and dark room, avoid known triggers like caffeine or stress.","Ibuprofen, Triptans (prescription), Aspirin.",Consult a neurologist if migraines are frequent and severely disrupt daily life.
"suffering from chills, high fever, muscle aches, headache",Influenza (Flu),A viral infection that attacks your respiratory system.,"Strict bed rest, isolate yourself, stay hydrated.","Oseltamivir (if prescribed early), Paracetamol for fever.",Consult a doctor immediately if you experience shortness of breath or persistent chest pain.
"runny nose, sneezing, nasal congestion",Allergic Rhinitis,"An allergic response causing itchy, watery eyes, sneezing, and other similar symptoms.","Avoid allergens (dust, pollen), keep indoors during high pollen seasons.","Antihistamines (Cetirizine, Loratadine), Nasal corticosteroids.",Consult an allergist if symptoms are severe and unresponsive to over-the-counter medicine.
"suffering from runny nose, congestion, mild fever, sore throat, cough",Common Cold,A common viral infection of the nose and throat.,"Rest, drink plenty of fluids, wash hands often.","Paracetamol, Ibuprofen, Decongestants, Cough syrup.",Consult if symptoms last more than a week or if you develop a high fever.
"suffering from sore throat, cough",Common Cold,A common viral infection of the nose and throat.,"Rest, drink plenty of fluids, wash hands often.","Paracetamol, Ibuprofen, Decongestants, Cough syrup.",Consult if symptoms last more than a week or if you develop a high fever.
"feeling cough, congestion, sneezing, sore throat, runny nose",Common Cold,A common viral infection of the nose and throat.,"Rest, drink plenty of fluids, wash hands often.","Paracetamol, Ibuprofen, Decongestants, Cough syrup.",Consult if symptoms last more than a week or if you develop a high fever.
"i have vomiting, nausea, diarrhea",Gastroenteritis (Stomach Flu),"An intestinal infection marked by diarrhea, cramps, nausea, vomiting, and fever.","Stay hydrated, eat bland foods, wash hands thoroughly.","Oral rehydration salts (ORS), Loperamide (if advised).","Consult if you cannot keep liquids down for 24 hours, or if there is blood in stool."
"i have chest tightness, coughing episodes",Asthma,A condition in which your airways narrow and swell and may produce extra mucus.,"Avoid triggers (smoke, strong odors), carry an inhaler always.","Bronchodilators (Albuterol inhaler), Inhaled corticosteroids.",Immediate emergency care required for severe shortness of breath or if an inhaler doesn't help.
"suffering from vomiting, diarrhea, nausea, weakness",Food Poisoning,Illness caused by eating contaminated food.,"Rest, stay hydrated with sips of water or clear broths.","Oral rehydration salts, Bismuth subsalicylate.","Consult a doctor if symptoms last more than a few days, or if you have a very high fever."
"feeling abdominal cramps, vomiting, weakness, fever, diarrhea",Food Poisoning,Illness caused by eating contaminated food.,"Rest, stay hydrated with sips of water or clear broths.","Oral rehydration salts, Bismuth subsalicylate.","Consult a doctor if symptoms last more than a few days, or if you have a very high fever."
"experiencing headache, prolonged high fever, stomach pain, loss of appetite, weakness",Typhoid,"A bacterial infection that can lead to a high fever, diarrhea, and vomiting.","Drink boiled or bottled water, avoid raw foods.","Antibiotics (prescription only), Paracetamol for fever.",Requires immediate medical consultation for a proper antibiotic course.
"suffering from nausea, vomiting, severe headache",Migraine,"A neurological condition that can cause multiple symptoms, frequently characterized by intense, debilitating headaches.","Rest in a quiet and dark room, avoid known triggers like caffeine or stress.","Ibuprofen, Triptans (prescription), Aspirin.",Consult a neurologist if migraines are frequent and severely disrupt daily life.
"experiencing high fever, pain behind eyes, joint pain, severe headache",Dengue Fever,A mosquito-borne viral disease occurring in tropical and subtropical areas.,"Use mosquito nets, wear long sleeves, use repellents.",Paracetamol for fever. STRICTLY AVOID Aspirin or Ibuprofen.,Hospitalization may be required; consult immediately if experiencing severe abdominal pain or bleeding.
"feeling vomiting, sensitivity to light",Migraine,"A neurological condition that can cause multiple symptoms, frequently characterized by intense, debilitating headaches.","Rest in a quiet and dark room, avoid known triggers like caffeine or stress.","Ibuprofen, Triptans (prescription), Aspirin.",Consult a neurologist if migraines are frequent and severely disrupt daily life.
"experiencing rash, high fever",Dengue Fever,A mosquito-borne viral disease occurring in tropical and subtropical areas.,"Use mosquito nets, wear long sleeves, use repellents.",Paracetamol for fever. STRICTLY AVOID Aspirin or Ibuprofen.,Hospitalization may be required; consult immediately if experiencing severe abdominal pain or bleeding.
"i have vomiting, weakness, abdominal cramps, fever",Food Poisoning,Illness caused by eating contaminated food.,"Rest, stay hydrated with sips of water or clear broths.","Oral rehydration salts, Bismuth subsalicylate.","Consult a doctor if symptoms last more than a few days, or if you have a very high fever."
"i have rash, severe headache, joint pain, high fever, muscle pain, pain behind eyes",Dengue Fever,A mosquito-borne viral disease occurring in tropical and subtropical areas.,"Use mosquito nets, wear long sleeves, use repellents.",Paracetamol for fever. STRICTLY AVOID Aspirin or Ibuprofen.,Hospitalization may be required; consult immediately if experiencing severe abdominal pain or bleeding.
"feeling chest tightness, rapid breathing",Asthma,A condition in which your airways narrow and swell and may produce extra mucus.,"Avoid triggers (smoke, strong odors), carry an inhaler always.","Bronchodilators (Albuterol inhaler), Inhaled corticosteroids.",Immediate emergency care required for severe shortness of breath or if an inhaler doesn't help.
"suffering from nausea, fever, weakness, diarrhea, vomiting, abdominal cramps",Food Poisoning,Illness caused by eating contaminated food.,"Rest, stay hydrated with sips of water or clear broths.","Oral rehydration salts, Bismuth subsalicylate.","Consult a doctor if symptoms last more than a few days, or if you have a very high fever."
"feeling wheezing, rapid breathing, coughing episodes",Asthma,A condition in which your airways narrow and swell and may produce extra mucus.,"Avoid triggers (smoke, strong odors), carry an inhaler always.","Bronchodilators (Albuterol inhaler), Inhaled corticosteroids.",Immediate emergency care required for severe shortness of breath or if an inhaler doesn't help.
"experiencing prolonged high fever, headache, weakness, rash, loss of appetite",Typhoid,"A bacterial infection that can lead to a high fever, diarrhea, and vomiting.","Drink boiled or bottled water, avoid raw foods.","Antibiotics (prescription only), Paracetamol for fever.",Requires immediate medical consultation for a proper antibiotic course.
"throbbing pain, sensitivity to light, vomiting, sensitivity to sound",Migraine,"A neurological condition that can cause multiple symptoms, frequently characterized by intense, debilitating headaches.","Rest in a quiet and dark room, avoid known triggers like caffeine or stress.","Ibuprofen, Triptans (prescription), Aspirin.",Consult a neurologist if migraines are frequent and severely disrupt daily life.
"feeling rash, loss of appetite, headache",Typhoid,"A bacterial infection that can lead to a high fever, diarrhea, and vomiting.","Drink boiled or bottled water, avoid raw foods.","Antibiotics (prescription only), Paracetamol for fever.",Requires immediate medical consultation for a proper antibiotic course.
"nausea, sensitivity to light, severe headache",Migraine,"A neurological condition that can cause multiple symptoms, frequently characterized by intense, debilitating headaches.","Rest in a quiet and dark room, avoid known triggers like caffeine or stress.","Ibuprofen, Triptans (prescription), Aspirin.",Consult a neurologist if migraines are frequent and severely disrupt daily life.
"suffering from loss of smell, loss of taste, shortness of breath, fatigue, sore throat, fever, dry cough, body aches",COVID-19,A highly contagious respiratory illness caused by the SARS-CoV-2 virus.,"Isolate, wear a mask, monitor oxygen levels.","Paracetamol, Vitamin C, Zinc, prescribed antivirals if severe.",Seek immediate medical attention if oxygen drops below 94% or you have difficulty breathing.
"prolonged high fever, stomach pain, headache, weakness, rash, loss of appetite",Typhoid,"A bacterial infection that can lead to a high fever, diarrhea, and vomiting.","Drink boiled or bottled water, avoid raw foods.","Antibiotics (prescription only), Paracetamol for fever.",Requires immediate medical consultation for a proper antibiotic course.
"experiencing rash, weakness, prolonged high fever, loss of appetite, stomach pain, headache",Typhoid,"A bacterial infection that can lead to a high fever, diarrhea, and vomiting.","Drink boiled or bottled water, avoid raw foods.","Antibiotics (prescription only), Paracetamol for fever.",Requires immediate medical consultation for a proper antibiotic course.
"feeling headache, loss of appetite, rash, weakness, stomach pain, prolonged high fever",Typhoid,"A bacterial infection that can lead to a high fever, diarrhea, and vomiting.","Drink boiled or bottled water, avoid raw foods.","Antibiotics (prescription only), Paracetamol for fever.",Requires immediate medical consultation for a proper antibiotic course.
"severe headache, throbbing pain, vomiting",Migraine,"A neurological condition that can cause multiple symptoms, frequently characterized by intense, debilitating headaches.","Rest in a quiet and dark room, avoid known triggers like caffeine or stress.","Ibuprofen, Triptans (prescription), Aspirin.",Consult a neurologist if migraines are frequent and severely disrupt daily life.
"suffering from congestion, sore throat, cough, runny nose, mild fever, sneezing",Common Cold,A common viral infection of the nose and throat.,"Rest, drink plenty of fluids, wash hands often.","Paracetamol, Ibuprofen, Decongestants, Cough syrup.",Consult if symptoms last more than a week or if you develop a high fever.
"experiencing muscle aches, low-grade fever, nausea, stomach cramps, diarrhea, vomiting",Gastroenteritis (Stomach Flu),"An intestinal infection marked by diarrhea, cramps, nausea, vomiting, and fever.","Stay hydrated, eat bland foods, wash hands thoroughly.","Oral rehydration salts (ORS), Loperamide (if advised).","Consult if you cannot keep liquids down for 24 hours, or if there is blood in stool."
"throbbing pain, severe headache, nausea",Migraine,"A neurological condition that can cause multiple symptoms, frequently characterized by intense, debilitating headaches.","Rest in a quiet and dark room, avoid known triggers like caffeine or stress.","Ibuprofen, Triptans (prescription), Aspirin.",Consult a neurologist if migraines are frequent and severely disrupt daily life.
"feeling diarrhea, vomiting, weakness",Food Poisoning,Illness caused by eating contaminated food.,"Rest, stay hydrated with sips of water or clear broths.","Oral rehydration salts, Bismuth subsalicylate.","Consult a doctor if symptoms last more than a few days, or if you have a very high fever."
"sneezing, congestion, runny nose",Common Cold,A common viral infection of the nose and throat.,"Rest, drink plenty of fluids, wash hands often.","Paracetamol, Ibuprofen, Decongestants, Cough syrup.",Consult if symptoms last more than a week or if you develop a high fever.
"feeling headache, sweats, muscle aches, dry cough, fatigue, chills",Influenza (Flu),A viral infection that attacks your respiratory system.,"Strict bed rest, isolate yourself, stay hydrated.","Oseltamivir (if prescribed early), Paracetamol for fever.",Consult a doctor immediately if you experience shortness of breath or persistent chest pain.
"experiencing high fever, muscle aches, dry cough, sweats",Influenza (Flu),A viral infection that attacks your respiratory system.,"Strict bed rest, isolate yourself, stay hydrated.","Oseltamivir (if prescribed early), Paracetamol for fever.",Consult a doctor immediately if you experience shortness of breath or persistent chest pain.
"i have throbbing pain, sensitivity to light, nausea, vomiting, severe headache, sensitivity to sound",Migraine,"A neurological condition that can cause multiple symptoms, frequently characterized by intense, debilitating headaches.","Rest in a quiet and dark room, avoid known triggers like caffeine or stress.","Ibuprofen, Triptans (prescription), Aspirin.",Consult a neurologist if migraines are frequent and severely disrupt daily life.
"suffering from sneezing, sore throat, mild fever",Common Cold,A common viral infection of the nose and throat.,"Rest, drink plenty of fluids, wash hands often.","Paracetamol, Ibuprofen, Decongestants, Cough syrup.",Consult if symptoms last more than a week or if you develop a high fever.
"feeling nausea, vomiting, low-grade fever, muscle aches, diarrhea, stomach cramps",Gastroenteritis (Stomach Flu),"An intestinal infection marked by diarrhea, cramps, nausea, vomiting, and fever.","Stay hydrated, eat bland foods, wash hands thoroughly.","Oral rehydration salts (ORS), Loperamide (if advised).","Consult if you cannot keep liquids down for 24 hours, or if there is blood in stool."
"experiencing shortness of breath, dry cough, loss of taste",COVID-19,A highly contagious respiratory illness caused by the SARS-CoV-2 virus.,"Isolate, wear a mask, monitor oxygen levels.","Paracetamol, Vitamin C, Zinc, prescribed antivirals if severe.",Seek immediate medical attention if oxygen drops below 94% or you have difficulty breathing.
"muscle aches, headache, dry cough, sweats",Influenza (Flu),A viral infection that attacks your respiratory system.,"Strict bed rest, isolate yourself, stay hydrated.","Oseltamivir (if prescribed early), Paracetamol for fever.",Consult a doctor immediately if you experience shortness of breath or persistent chest pain.
"feeling throbbing pain, sensitivity to sound, severe headache",Migraine,"A neurological condition that can cause multiple symptoms, frequently characterized by intense, debilitating headaches.","Rest in a quiet and dark room, avoid known triggers like caffeine or stress.","Ibuprofen, Triptans (prescription), Aspirin.",Consult a neurologist if migraines are frequent and severely disrupt daily life.
"fever, abdominal cramps, vomiting, weakness, diarrhea",Food Poisoning,Illness caused by eating contaminated food.,"Rest, stay hydrated with sips of water or clear broths.","Oral rehydration salts, Bismuth subsalicylate.","Consult a doctor if symptoms last more than a few days, or if you have a very high fever."
"feeling nausea, sensitivity to light, severe headache, throbbing pain, sensitivity to sound",Migraine,"A neurological condition that can cause multiple symptoms, frequently characterized by intense, debilitating headaches.","Rest in a quiet and dark room, avoid known triggers like caffeine or stress.","Ibuprofen, Triptans (prescription), Aspirin.",Consult a neurologist if migraines are frequent and severely disrupt daily life.
"suffering from itchy throat, itchy eyes, nasal congestion",Allergic Rhinitis,"An allergic response causing itchy, watery eyes, sneezing, and other similar symptoms.","Avoid allergens (dust, pollen), keep indoors during high pollen seasons.","Antihistamines (Cetirizine, Loratadine), Nasal corticosteroids.",Consult an allergist if symptoms are severe and unresponsive to over-the-counter medicine.
"feeling nasal congestion, itchy throat, sneezing, watery eyes",Allergic Rhinitis,"An allergic response causing itchy, watery eyes, sneezing, and other similar symptoms.","Avoid allergens (dust, pollen), keep indoors during high pollen seasons.","Antihistamines (Cetirizine, Loratadine), Nasal corticosteroids.",Consult an allergist if symptoms are severe and unresponsive to over-the-counter medicine.
"runny nose, mild fever, cough, sneezing",Common Cold,A common viral infection of the nose and throat.,"Rest, drink plenty of fluids, wash hands often.","Paracetamol, Ibuprofen, Decongestants, Cough syrup.",Consult if symptoms last more than a week or if you develop a high fever.
"low-grade fever, diarrhea, nausea, stomach cramps, vomiting",Gastroenteritis (Stomach Flu),"An intestinal infection marked by diarrhea, cramps, nausea, vomiting, and fever.","Stay hydrated, eat bland foods, wash hands thoroughly.","Oral rehydration salts (ORS), Loperamide (if advised).","Consult if you cannot keep liquids down for 24 hours, or if there is blood in stool."
"i have shortness of breath, chest tightness, coughing episodes, rapid breathing",Asthma,A condition in which your airways narrow and swell and may produce extra mucus.,"Avoid triggers (smoke, strong odors), carry an inhaler always.","Bronchodilators (Albuterol inhaler), Inhaled corticosteroids.",Immediate emergency care required for severe shortness of breath or if an inhaler doesn't help.
"suffering from sore throat, fever, fatigue, loss of taste, dry cough",COVID-19,A highly contagious respiratory illness caused by the SARS-CoV-2 virus.,"Isolate, wear a mask, monitor oxygen levels.","Paracetamol, Vitamin C, Zinc, prescribed antivirals if severe.",Seek immediate medical attention if oxygen drops below 94% or you have difficulty breathing.
"feeling sneezing, sore throat, mild fever, cough, congestion",Common Cold,A common viral infection of the nose and throat.,"Rest, drink plenty of fluids, wash hands often.","Paracetamol, Ibuprofen, Decongestants, Cough syrup.",Consult if symptoms last more than a week or if you develop a high fever.
"throbbing pain, nausea, severe headache",Migraine,"A neurological condition that can cause multiple symptoms, frequently characterized by intense, debilitating headaches.","Rest in a quiet and dark room, avoid known triggers like caffeine or stress.","Ibuprofen, Triptans (prescription), Aspirin.",Consult a neurologist if migraines are frequent and severely disrupt daily life.
"suffering from stomach pain, weakness",Typhoid,"A bacterial infection that can lead to a high fever, diarrhea, and vomiting.","Drink boiled or bottled water, avoid raw foods.","Antibiotics (prescription only), Paracetamol for fever.",Requires immediate medical consultation for a proper antibiotic course.
"feeling rash, weakness, stomach pain, loss of appetite",Typhoid,"A bacterial infection that can lead to a high fever, diarrhea, and vomiting.","Drink boiled or bottled water, avoid raw foods.","Antibiotics (prescription only), Paracetamol for fever.",Requires immediate medical consultation for a proper antibiotic course.
"i have congestion, runny nose, sore throat",Common Cold,A common viral infection of the nose and throat.,"Rest, drink plenty of fluids, wash hands often.","Paracetamol, Ibuprofen, Decongestants, Cough syrup.",Consult if symptoms last more than a week or if you develop a high fever.
"suffering from dry cough, fatigue, loss of smell, fever, shortness of breath, body aches",COVID-19,A highly contagious respiratory illness caused by the SARS-CoV-2 virus.,"Isolate, wear a mask, monitor oxygen levels.","Paracetamol, Vitamin C, Zinc, prescribed antivirals if severe.",Seek immediate medical attention if oxygen drops below 94% or you have difficulty breathing.
"experiencing sensitivity to sound, nausea",Migraine,"A neurological condition that can cause multiple symptoms, frequently characterized by intense, debilitating headaches.","Rest in a quiet and dark room, avoid known triggers like caffeine or stress.","Ibuprofen, Triptans (prescription), Aspirin.",Consult a neurologist if migraines are frequent and severely disrupt daily life.
"suffering from rash, headache, prolonged high fever, stomach pain, loss of appetite, weakness",Typhoid,"A bacterial infection that can lead to a high fever, diarrhea, and vomiting.","Drink boiled or bottled water, avoid raw foods.","Antibiotics (prescription only), Paracetamol for fever.",Requires immediate medical consultation for a proper antibiotic course.
"suffering from chest tightness, shortness of breath, rapid breathing",Asthma,A condition in which your airways narrow and swell and may produce extra mucus.,"Avoid triggers (smoke, strong odors), carry an inhaler always.","Bronchodilators (Albuterol inhaler), Inhaled corticosteroids.",Immediate emergency care required for severe shortness of breath or if an inhaler doesn't help.
"i have joint pain, muscle pain, high fever, rash, fatigue, pain behind eyes",Dengue Fever,A mosquito-borne viral disease occurring in tropical and subtropical areas.,"Use mosquito nets, wear long sleeves, use repellents.",Paracetamol for fever. STRICTLY AVOID Aspirin or Ibuprofen.,Hospitalization may be required; consult immediately if experiencing severe abdominal pain or bleeding.
"i have diarrhea, nausea, vomiting",Food Poisoning,Illness caused by eating contaminated food.,"Rest, stay hydrated with sips of water or clear broths.","Oral rehydration salts, Bismuth subsalicylate.","Consult a doctor if symptoms last more than a few days, or if you have a very high fever."
"feeling muscle pain, high fever",Dengue Fever,A mosquito-borne viral disease occurring in tropical and subtropical areas.,"Use mosquito nets, wear long sleeves, use repellents.",Paracetamol for fever. STRICTLY AVOID Aspirin or Ibuprofen.,Hospitalization may be required; consult immediately if experiencing severe abdominal pain or bleeding.
"experiencing fever, vomiting, diarrhea, nausea, abdominal cramps",Food Poisoning,Illness caused by eating contaminated food.,"Rest, stay hydrated with sips of water or clear broths.","Oral rehydration salts, Bismuth subsalicylate.","Consult a doctor if symptoms last more than a few days, or if you have a very high fever."
"i have vomiting, diarrhea",Food Poisoning,Illness caused by eating contaminated food.,"Rest, stay hydrated with sips of water or clear broths.","Oral rehydration salts, Bismuth subsalicylate.","Consult a doctor if symptoms last more than a few days, or if you have a very high fever."
"suffering from dry cough, fever, loss of taste, loss of smell, body aches, fatigue",COVID-19,A highly contagious respiratory illness caused by the SARS-CoV-2 virus.,"Isolate, wear a mask, monitor oxygen levels.","Paracetamol, Vitamin C, Zinc, prescribed antivirals if severe.",Seek immediate medical attention if oxygen drops below 94% or you have difficulty breathing.
"feeling stomach cramps, nausea, diarrhea, low-grade fever",Gastroenteritis (Stomach Flu),"An intestinal infection marked by diarrhea, cramps, nausea, vomiting, and fever.","Stay hydrated, eat bland foods, wash hands thoroughly.","Oral rehydration salts (ORS), Loperamide (if advised).","Consult if you cannot keep liquids down for 24 hours, or if there is blood in stool."
"i have low-grade fever, vomiting, muscle aches, stomach cramps",Gastroenteritis (Stomach Flu),"An intestinal infection marked by diarrhea, cramps, nausea, vomiting, and fever.","Stay hydrated, eat bland foods, wash hands thoroughly.","Oral rehydration salts (ORS), Loperamide (if advised).","Consult if you cannot keep liquids down for 24 hours, or if there is blood in stool."
"severe headache, throbbing pain",Migraine,"A neurological condition that can cause multiple symptoms, frequently characterized by intense, debilitating headaches.","Rest in a quiet and dark room, avoid known triggers like caffeine or stress.","Ibuprofen, Triptans (prescription), Aspirin.",Consult a neurologist if migraines are frequent and severely disrupt daily life.
"i have nausea, abdominal cramps, vomiting, weakness, diarrhea",Food Poisoning,Illness caused by eating contaminated food.,"Rest, stay hydrated with sips of water or clear broths.","Oral rehydration salts, Bismuth subsalicylate.","Consult a doctor if symptoms last more than a few days, or if you have a very high fever."
"experiencing nasal congestion, watery eyes, sneezing, runny nose, itchy throat, itchy eyes",Allergic Rhinitis,"An allergic response causing itchy, watery eyes, sneezing, and other similar symptoms.","Avoid allergens (dust, pollen), keep indoors during high pollen seasons.","Antihistamines (Cetirizine, Loratadine), Nasal corticosteroids.",Consult an allergist if symptoms are severe and unresponsive to over-the-counter medicine.
"i have shortness of breath, loss of taste, sore throat, dry cough, body aches, loss of smell, fever, fatigue",COVID-19,A highly contagious respiratory illness caused by the SARS-CoV-2 virus.,"Isolate, wear a mask, monitor oxygen levels.","Paracetamol, Vitamin C, Zinc, prescribed antivirals if severe.",Seek immediate medical attention if oxygen drops below 94% or you have difficulty breathing.
"feeling pain behind eyes, joint pain",Dengue Fever,A mosquito-borne viral disease occurring in tropical and subtropical areas.,"Use mosquito nets, wear long sleeves, use repellents.",Paracetamol for fever. STRICTLY AVOID Aspirin or Ibuprofen.,Hospitalization may be required; consult immediately if experiencing severe abdominal pain or bleeding.
"experiencing chest tightness, coughing episodes, rapid breathing, wheezing, shortness of breath",Asthma,A condition in which your airways narrow and swell and may produce extra mucus.,"Avoid triggers (smoke, strong odors), carry an inhaler always.","Bronchodilators (Albuterol inhaler), Inhaled corticosteroids.",Immediate emergency care required for severe shortness of breath or if an inhaler doesn't help.
"coughing episodes, rapid breathing",Asthma,A condition in which your airways narrow and swell and may produce extra mucus.,"Avoid triggers (smoke, strong odors), carry an inhaler always.","Bronchodilators (Albuterol inhaler), Inhaled corticosteroids.",Immediate emergency care required for severe shortness of breath or if an inhaler doesn't help.
"suffering from fatigue, muscle pain, severe headache, pain behind eyes, rash, joint pain, high fever",Dengue Fever,A mosquito-borne viral disease occurring in tropical and subtropical areas.,"Use mosquito nets, wear long sleeves, use repellents.",Paracetamol for fever. STRICTLY AVOID Aspirin or Ibuprofen.,Hospitalization may be required; consult immediately if experiencing severe abdominal pain or bleeding.
"i have nasal congestion, itchy eyes, sneezing",Allergic Rhinitis,"An allergic response causing itchy, watery eyes, sneezing, and other similar symptoms.","Avoid allergens (dust, pollen), keep indoors during high pollen seasons.","Antihistamines (Cetirizine, Loratadine), Nasal corticosteroids.",Consult an allergist if symptoms are severe and unresponsive to over-the-counter medicine.
"feeling rash, stomach pain, prolonged high fever, weakness",Typhoid,"A bacterial infection that can lead to a high fever, diarrhea, and vomiting.","Drink boiled or bottled water, avoid raw foods.","Antibiotics (prescription only), Paracetamol for fever.",Requires immediate medical consultation for a proper antibiotic course.
"loss of smell, dry cough, body aches, shortness of breath, sore throat, fever, loss of taste",COVID-19,A highly contagious respiratory illness caused by the SARS-CoV-2 virus.,"Isolate, wear a mask, monitor oxygen levels.","Paracetamol, Vitamin C, Zinc, prescribed antivirals if severe.",Seek immediate medical attention if oxygen drops below 94% or you have difficulty breathing.
"loss of taste, fever, body aches, loss of smell, fatigue",COVID-19,A highly contagious respiratory illness caused by the SARS-CoV-2 virus.,"Isolate, wear a mask, monitor oxygen levels.","Paracetamol, Vitamin C, Zinc, prescribed antivirals if severe.",Seek immediate medical attention if oxygen drops below 94% or you have difficulty breathing.
"watery eyes, runny nose, itchy eyes, nasal congestion, itchy throat",Allergic Rhinitis,"An allergic response causing itchy, watery eyes, sneezing, and other similar symptoms.","Avoid allergens (dust, pollen), keep indoors during high pollen seasons.","Antihistamines (Cetirizine, Loratadine), Nasal corticosteroids.",Consult an allergist if symptoms are severe and unresponsive to over-the-counter medicine.
"suffering from itchy eyes, itchy throat, sneezing, nasal congestion",Allergic Rhinitis,"An allergic response causing itchy, watery eyes, sneezing, and other similar symptoms.","Avoid allergens (dust, pollen), keep indoors during high pollen seasons.","Antihistamines (Cetirizine, Loratadine), Nasal corticosteroids.",Consult an allergist if symptoms are severe and unresponsive to over-the-counter medicine.
"experiencing stomach pain, loss of appetite, rash, headache",Typhoid,"A bacterial infection that can lead to a high fever, diarrhea, and vomiting.","Drink boiled or bottled water, avoid raw foods.","Antibiotics (prescription only), Paracetamol for fever.",Requires immediate medical consultation for a proper antibiotic course.
"feeling weakness, fever, diarrhea, abdominal cramps",Food Poisoning,Illness caused by eating contaminated food.,"Rest, stay hydrated with sips of water or clear broths.","Oral rehydration salts, Bismuth subsalicylate.","Consult a doctor if symptoms last more than a few days, or if you have a very high fever."
"feeling weakness, rash",Typhoid,"A bacterial infection that can lead to a high fever, diarrhea, and vomiting.","Drink boiled or bottled water, avoid raw foods.","Antibiotics (prescription only), Paracetamol for fever.",Requires immediate medical consultation for a proper antibiotic course.
"suffering from sneezing, itchy throat, runny nose",Allergic Rhinitis,"An allergic response causing itchy, watery eyes, sneezing, and other similar symptoms.","Avoid allergens (dust, pollen), keep indoors during high pollen seasons.","Antihistamines (Cetirizine, Loratadine), Nasal corticosteroids.",Consult an allergist if symptoms are severe and unresponsive to over-the-counter medicine.
"experiencing rash, high fever, fatigue, severe headache, joint pain, pain behind eyes",Dengue Fever,A mosquito-borne viral disease occurring in tropical and subtropical areas.,"Use mosquito nets, wear long sleeves, use repellents.",Paracetamol for fever. STRICTLY AVOID Aspirin or Ibuprofen.,Hospitalization may be required; consult immediately if experiencing severe abdominal pain or bleeding.
"i have itchy eyes, itchy throat, runny nose, nasal congestion, sneezing, watery eyes",Allergic Rhinitis,"An allergic response causing itchy, watery eyes, sneezing, and other similar symptoms.","Avoid allergens (dust, pollen), keep indoors during high pollen seasons.","Antihistamines (Cetirizine, Loratadine), Nasal corticosteroids.",Consult an allergist if symptoms are severe and unresponsive to over-the-counter medicine.
"experiencing nausea, fever, abdominal cramps, weakness",Food Poisoning,Illness caused by eating contaminated food.,"Rest, stay hydrated with sips of water or clear broths.","Oral rehydration salts, Bismuth subsalicylate.","Consult a doctor if symptoms last more than a few days, or if you have a very high fever."
"nausea, diarrhea, low-grade fever, stomach cramps, vomiting",Gastroenteritis (Stomach Flu),"An intestinal infection marked by diarrhea, cramps, nausea, vomiting, and fever.","Stay hydrated, eat bland foods, wash hands thoroughly.","Oral rehydration salts (ORS), Loperamide (if advised).","Consult if you cannot keep liquids down for 24 hours, or if there is blood in stool."
"feeling coughing episodes, chest tightness, rapid breathing, shortness of breath, wheezing",Asthma,A condition in which your airways narrow and swell and may produce extra mucus.,"Avoid triggers (smoke, strong odors), carry an inhaler always.","Bronchodilators (Albuterol inhaler), Inhaled corticosteroids.",Immediate emergency care required for severe shortness of breath or if an inhaler doesn't help.
"suffering from pain behind eyes, fatigue, severe headache, high fever, joint pain, muscle pain, rash",Dengue Fever,A mosquito-borne viral disease occurring in tropical and subtropical areas.,"Use mosquito nets, wear long sleeves, use repellents.",Paracetamol for fever. STRICTLY AVOID Aspirin or Ibuprofen.,Hospitalization may be required; consult immediately if experiencing severe abdominal pain or bleeding.
"feeling fatigue, dry cough, high fever, headache, chills",Influenza (Flu),A viral infection that attacks your respiratory system.,"Strict bed rest, isolate yourself, stay hydrated.","Oseltamivir (if prescribed early), Paracetamol for fever.",Consult a doctor immediately if you experience shortness of breath or persistent chest pain.
"wheezing, coughing episodes, chest tightness, rapid breathing",Asthma,A condition in which your airways narrow and swell and may produce extra mucus.,"Avoid triggers (smoke, strong odors), carry an inhaler always.","Bronchodilators (Albuterol inhaler), Inhaled corticosteroids.",Immediate emergency care required for severe shortness of breath or if an inhaler doesn't help.
"experiencing muscle aches, stomach cramps, diarrhea",Gastroenteritis (Stomach Flu),"An intestinal infection marked by diarrhea, cramps, nausea, vomiting, and fever.","Stay hydrated, eat bland foods, wash hands thoroughly.","Oral rehydration salts (ORS), Loperamide (if advised).","Consult if you cannot keep liquids down for 24 hours, or if there is blood in stool."
"experiencing high fever, severe headache",Dengue Fever,A mosquito-borne viral disease occurring in tropical and subtropical areas.,"Use mosquito nets, wear long sleeves, use repellents.",Paracetamol for fever. STRICTLY AVOID Aspirin or Ibuprofen.,Hospitalization may be required; consult immediately if experiencing severe abdominal pain or bleeding.
"loss of appetite, prolonged high fever, headache",Typhoid,"A bacterial infection that can lead to a high fever, diarrhea, and vomiting.","Drink boiled or bottled water, avoid raw foods.","Antibiotics (prescription only), Paracetamol for fever.",Requires immediate medical consultation for a proper antibiotic course.
"suffering from mild fever, sneezing, runny nose, cough",Common Cold,A common viral infection of the nose and throat.,"Rest, drink plenty of fluids, wash hands often.","Paracetamol, Ibuprofen, Decongestants, Cough syrup.",Consult if symptoms last more than a week or if you develop a high fever.
"cough, sore throat, congestion",Common Cold,A common viral infection of the nose and throat.,"Rest, drink plenty of fluids, wash hands often.","Paracetamol, Ibuprofen, Decongestants, Cough syrup.",Consult if symptoms last more than a week or if you develop a high fever.
